"","words","sentiments"
"1","सिरिरि",""
"2","हावा",""
"3","बग्यो",""
"4","सुस्तरी",""
"5","एकान्त",""
"6","दुनियामा",""
"7","मलाई",""
"8","फेरि",""
"9","उडाई",""
"10","लग्यो",""
"11","उडी",""
"12","रहेको",""
"13","भुवा",""
"14","जस्तै",""
"15","अनन्त",""
"16","आकाशमा",""
"17","बगाइ",""
"18","जाँदै",""
"19","छु",""
"20","कता",""
"21","तिर",""
"22","बगेछु",""
"23","आकाश",""
"24","निर",""
"25","आउने",""
"26","दिनहरु",""
"27","कसलाई",""
"28","के",""
"29","था",""
"30","म",""
"31","त",""
"32","अहिलेकोलागि",""
"33","नै",""
"34","बाँचिरहे",""
"35","सपनीलाई",""
"36","खोज्दा",""
"37","खोज्दै",""
"38","आफुलाई",""
"39","भुलेछु",""
"40","आहो.आहै",""
"41","आहाहा",""
"42","आहाहा.हा.है",""
"43","सिरिरिरि",""
"44","जिरिरि",""
"45","जिरिरिरिरिरि",""
"46","हेय",""
"47","गाऊढली",""
"48","चरी",""
"49","मेरो",""
"50","मन",""
"51","कि",""
"52","पारी",""
"53","आज",""
"54","भगेछ",""
"55","हम्म्म",""
"56","वोरी",""
"57","को",""
"58","हरयाली",""
"59","हेरा",""
"60","माझेस",""
"61","सलल",""
"62","बगी",""
"63","रहने",""
"64","कलल",""
"65","खेली",""
"66","यो",""
"67","तीस्त",""
"68","खोला",""
"69","बगेको",""
"70","देखिन",""
"71","दाहिना",""
"72","आयू",""
"73","कस्तो",""
"74","बेला",""
"75","अल्लारे",""
"76","जोवन",""
"77","दिन्ने",""
"78","हे",""
"79","पौनु",""
"80","तह",""
"81","यहा",""
"82","धेरै",""
"83","लौनु",""
"84","माया",""
"85","न",""
"86","पौने",""
"87","दुई",""
"88","दिन",""
"89","जिन्दगी",""
"90","कति",""
"91","पिरौने",""
"92","लिन्ने",""
"93","थोरै",""
"94","कसरी",""
"95","पुग्ने",""
"96","लागेर",""
"97","जानु",""
"98","कहिनै",""
"99","छैन",""
"100","साथी",""
"101","थुपार्ने",""
"102","सीतल",""
"103","मनै",""
"104","रहर",""
"105","औने",""
"106","दिन्न",""
"107","हरु",""
"108","होला",""
"109","थाहै",""
"110","मनमा",""
"111","कस्ता",""
"112","कुरा",""
"113","रहन्छ",""
"114","अस्तित्व",""
"115","खोजी",""
"116","रहे",""
"117","आजा",""
"118","सम",""
"119","पाई",""
"120","मै",""
"121","रयो",""
"122","कसैलाई",""
"123","मो",""
"124","भनुँ",""
"125","साँझेको",""
"126","पाएको",""
"127","सोडउम",""
"128","चारै",""
"129","चललल",""
"130","कंगचेन्जुंगा",""
"131","हिमालले",""
"132","ढकयो",""
"133","संसार",""
"134","पहरामा",""
"135","पनि",""
"136","शान्ति",""
"137","जौ",""
"138","हैनकि",""
"139","तल",""
"140","फर्की",""
"141","नआउने",""
"142","पल",""
"143","आ.है",""
"144","पाउने",""
"145","यहाँ",""
"146","नपाउने",""
"147","पिरती",""
"148","ऋतुहरु",""
"149","बदलिएछ",""
"150","समय",""
"151","तर",""
"152","कहिले",""
"153","बदलिनु",""
"154","छातीको",""
"155","पिरलाई",""
"156","छोडिदेउ",""
"157","मनको",""
"158","ढोकालाई",""
"159","खोलिदेउ",""
"160","खुशीले",""
"161","नाचौ",""
"162","है",""
"163","हामी",""
"164","सारा",""
"165","जन्मका",""
"166","जुन",""
"167","तारो",""
"168","युगहरु",""
"169","ढलेछ",""
"170","यौवन",""
"171","ढल्दैन",""
"172","आजसम्म",""
"173","आउदछ",""
"174","तिम्रैनै",""
"175","यादहरु",""
"176","यौवनको",""
"177","बगेछ",""
"178","रगतहरु",""
"179","लाग्छ",""
"180","जिन्दगीमा",""
"181","केहि",""
"182","अधुरो",""
"183","हेर्दा",""
"184","हेर्दै",""
"185","बितिसकेछ",""
"186","जीवन",""
"187","हो",""
"188","जिउने",""
"189","खोलेर",""
"190","मरेपछि",""
"191","लानु",""
"192","छ",""
"193","बोकेर",""
"194","रात",""
"195","तिम्रै",""
"196","समझना",""
"197","मायालु",""
"198","लाई",""
"199","सम्झी",""
"200","मत",""
"201","गरिरहेछु",""
"202","कल्पना",""
"203","एती",""
"204","खेर",""
"205","भई",""
"206","सक्यो",""
"207","नूउने",""
"208","ढाली",""
"209","आजो",""
"210","पर्खौने",""
"211","लाहाइन",""
"212","जालमा",""
"213","फ्शहयो",""
"214","नि",""
"215","हैन",""
"216","योवान",""
"217","ढली",""
"218","आहाहाअ",""
"219","हाआ",""
"220","लैजौना",""
"221","तिमी",""
"222","सँगैइनै",""
"223","सहरमा",""
"224","मोटर",""
"225","छरेर",""
"226","जाने",""
"227","सँगै",""
"228","अहहहाहहा",""
"229","अहहहाआअ",""
"230","आकास",""
"231","भरि",""
"232","नौंलाखे",""
"233","तारा",""
"234","झलल",""
"235","बलिरहे",""
"236","छौ",""
"237","टाढा",""
"238","सुनसान",""
"239","चारैतिर",""
"240","त्यो",""
"241","गाँउमा",""
"242","बिजुली",""
"243","बत्ति",""
"244","जलेछ",""
"245","झ",""
"246","ल",""
"247","चल्यो",""
"248","सरर",""
"249","हल्लाईदियो",""
"250","पिपल",""
"251","रुख",""
"252","रातकी",""
"253","रानी",""
"254","उलेछ",""
"255","मगमगे",""
"256","बासना",""
"257","छरिएछ",""
"258","जहाँ",""
"259","जिवन",""
"260","यसै",""
"261","बित्ने",""
"262","भेट",""
"263","भयो",""
"264","सिन्डिकेट्को",""
"265","माझ",""
"266","उभिएछु",""
"267","तिम्रो",""
"268","बगल",""
"269","मा",""
"270","बिजि",""
"271","मोबाइल",""
"272","हेरेछु",""
"273","खीलेको",""
"274","योवन",""
"275","नाम",""
"276","थाहा",""
"277","पर्वाहा",""
"278","बोली",""
"279","केही",""
"280","रहेछौ",""
"281","आँखाले",""
"282","भनिरहेछौ",""
"283","बोलुं",""
"284","भनेर",""
"285","डर",""
"286","सोचेर",""
"287","सिलिगुरि",""
"288","सिक्किम",""
"289","खुसी",""
"290","भुले",""
"291","संग",""
"292","जान",""
"293","भए",""
"294","रमाइलो",""
"295","हुने",""
"296","थियो",""
"297","भन्नत",""
"298","मिलन",""
"299","हाम्रो",""
"300","बीस",""
"301","मिनेट",""
"302","सम्बन्ध",""
"303","पाएर",""
"304","नपाए",""
"305","जस्तो",""
"306","चिनेर",""
"307","नचिने",""
"308","यस्तै",""
"309","र",""
"310","आफ्नै",""
"311","बाटो",""
"312","जानू",""
"313","छदै",""
"314","छर",""
"315","हेरेको",""
"316","झै",""
"317","घरि",""
"318","हेरे",""
"319","घरिघरि",""
"320","हेर्छु",""
"321","आशा",""
"322","सरि",""
"323","हुउ",""
"324","सोच्दै",""
"325","रमाउद",""
"326","संगै",""
"327","भएको",""
"328","गर्छु",""
"329","दर्के",""
"330","पानी",""
"331","पर्यो",""
"332","भिजेर",""
"333","चुर",""
"334","ओत",""
"335","लागि",""
"336","आफ्नो",""
"337","गाडी",""
"338","पर्खिरहे",""
"339","भिजेछु",""
"340","ले",""
"341","सबै",""
"342","चढ्न",""
"343","थाल्यो",""
"344","कमाण्डर",""
"345","हर्न",""
"346","सुनी",""
"347","कलिम्पोङ",""
"348","टु",""
"349","भन",""
"350","निस्ठुरी",""
"351","चडेर",""
"352","गयो",""
"353","छाडी",""
"354","राख्यौ",""
"355","यतै",""
"356","काहिँ",""
"357","हुन्छ",""
"358","तरै",""
"359","एक्लै",""
"360","हिंड्नै",""
"361","परछ",""
"362","एउटै",""
"363","छोडेर",""
"364","हिंडनै",""
"365","म्म्म्म.ह्म्म्म्म.ह्म्म्म्म.ह्म्म्म्म.आहा",""
"366","म्म्म्म.ह्म्म्म्म.ह्म्म्म्म.ह्म्म्म्म.आहाहा",""
"367","नाचुँम्ला",""
"368","भन्थे",""
"369","सँधै",""
"370","दिलमा",""
"371","जिवनको",""
"372","बाटोले",""
"373","ल्यायो",""
"374","निलौ",""
"375","याहाँ",""
"376","यसरी",""
"377","बिर्सेर",""
"378","ओहो.ओहोहोहोहो",""
"379","बसुम्ला",""
"380","छेउमा",""
"381","संसारको",""
"382","रितले",""
"383","पार्यो",""
"384","तुरमा",""
"385","यसैले",""
"386","हिँडे",""
"387","आहाहाहाहाहाहा",""
"388","आकाशैमा",""
"389","जुनेली",""
"390","कलकल",""
"391","बसि",""
"392","हेरि",""
"393","जुनकिरी",""
"394","नाचेको",""
"395","आशै",""
"396","आशमा",""
"397","हिडिरहेछु",""
"398","पाउन",""
"399","भागी",""
"400","जाउँ",""
"401","रित",""
"402","छाडि",""
"403","व्यर्थको",""
"404","कुरामा",""
"405","अल्झी",""
"406","बिताउने",""
"407","पो",""
"408","उड्न",""
"409","हा",""
"410","राखी",""
"411","आ",""
"412","आजको",""
"413","फेरी",""
"414","रहरले",""
"415","बिउँझायो",""
"416","कल्पनाहरु",""
"417","आँखाभरी",""
"418","बनि",""
"419","छायो",""
"420","मिठो",""
"421","बसिदे",""
"422","हुन्थ्यो",""
"423","बिहानी",""
"424","आउनु",""
"425","अघि",""
"426","अाकाशलाई",""
"427","छुने",""
"428","संसारलाई",""
"429","ढाक्ने",""
"430","विशाल",""
"431","डाल",""
"432","उडेको",""
"433","बादलले",""
"434","छोपेको",""
"435","मुहार",""
"436","लजाउने",""
"437","चाल",""
"438","हजारौँ",""
"439","रुप",""
"440","मननै",""
"441","नमेटिने",""
"442","जति",""
"443","हेरेपनि",""
"444","राखेछौ",""
"445","अँगालोमा",""
"446","लिएर",""
"447","साथमै",""
"448","तिमीले",""
"449","हामीलाई",""
"450","जुनि",""
"451","home",""
"452","calling",""
"453","जानुछ",""
"454","मोह",""
"455","मायामा",""
"456","अल्जेछ",""
"457","चाहिने",""
"458","हामिलाई",""
"459","मिलि",""
"460","जुल्न",""
"461","लेखेकै",""
"462","नबुझ्नेले",""
"463","नबुझेपछि",""
"464","भन्दै",""
"465","बर्बाद",""
"466","याद",""
"467","अाउँछ",""
"468","अब",""
"469","हाल",""
"470","अाउँदैछ",""
"471","ॐ",""
"472","मानी",""
"473","पाद्मे",""
"474","हुम",""
"475","डढेलो",""
"476","लाग्यो",""
"477","डाँडा",""
"478","साँझतिर",""
"479","लौ",""
"480","पीर",""
"481","बतासमा",""
"482","फैलियो",""
"483","आगो",""
"484","सररर",""
"485","यादहरू",""
"486","फर्केर",""
"487","आयो",""
"488","झललल",""
"489","बुझाईदेऊ",""
"490","जलीराने",""
"491","पक्डिदेउ",""
"492","उडीराने",""
"493","अँध्यारो",""
"494","सपनाहरु",""
"495","बुझाऊँ",""
"496","नबुझ्ने",""
"497","रहरहरु",""
"498","रातझैँ",""
"499","कहिल्यै",""
"500","नमिल्ने",""
"501","छाना",""
"502","बज्यो",""
"503","गरर",""
"504","उठ्यो",""
"505","आनन्दको",""
"506","लहर",""
"507","हिजोको",""
"508","विपना",""
"509","भएछ",""
"510","सपना",""
"511","ए",""
"512","कान्छी",""
"513","चाँडै",""
"514","बितेको",""
"515","भिज्यो",""
"516","कालेबुङ",""
"517","सहर",""
"518","कालो",""
"519","बादल",""
"520","चढि",""
"521","असार",""
"522","घाम",""
"523","लै",""
"524","बरी",""
"525","भन्दा",""
"526","ठुलो",""
"527","कुरो",""
"528","रैछ",""
"529","निला",""
"530","वरिपरि",""
"531","लागेको",""
"532","कुहिरो",""
"533","हरायो",""
"534","मनलाई",""
"535","साँचो",""
"536","हिँडिरहेछु",""
"537","साहारामै",""
"538","बाँचिरहेछु",""
"539","पर्याे",""
"540","छाेडा",""
"541","बग्याे",""
"542","फर्कि",""
"543","अाए",""
"544","अाज",""
"545","बितेकाे",""
"546","याे",""
"547","भिज्याे",""
"548","कालाे",""
"549","चडि",""
"550","अायाे",""
"551","बरि",""
"552","अाे",""
"553","नानी",""
"554","देउराली",""
"555","डाँडाको",""
"556","शीतल",""
"557","हावामा",""
"558","जंगलनै",""
"559","नाच्यो",""
"560","बिनाको",""
"561","जीन्दगानी",""
"562","काटुँ",""
"563","रेलमा",""
"564","चढी",""
"565","जानेछु",""
"566","अाउने",""
"567","दिनको",""
"568","अाशा",""
"569","राखि",""
"570","बढेछु",""
"571","पारि",""
"572","जीउन",""
"573","अा",""
"574","उति",""
"575","पुग्न",""
"576","त्यहाँ",""
"577","हेर",""
"578","ढलिसक्यो",""
"579","कल्पनाको",""
"580","समुन्द्रमा",""
"581","डुबिरहने",""
"582","खाँचो",""
"583","इच्छा",""
"584","पाउनेछु",""
"585","गरेको",""
"586","प्रतिक्षा",""
"587","दुनियाको",""
"588","नअल्झाउ",""
"589","जसरी",""
"590","घर",""
"591","बार",""
"592","तिमीलाई",""
"593","राम",""
"594","साइली",""
"595","पिरले",""
"596","गम",""
"597","खाए",""
"598","किनारैमा",""
"599","ढलपल",""
"600","गर्छन",""
"601","माथी",""
"602","बादलकी",""
"603","नबिर्सने",""
"604","चिसो",""
"605","मुटु",""
"606","भिज्ने",""
"607","जिन्दगीको",""
"608","खोजमा",""
"609","बिरानो",""
"610","शहरमा",""
"611","कीनारैमा",""
"612","दार्जिलिङको",""
"613","रेल",""
"614","छुक",""
"615","गर्दै",""
"616","बढी",""
"617","बूढापाखा",""
"618","सबैलाई",""
"619","समेटी",""
"620","हिँडी",""
"621","बितीसके",""
"622","बढेछौ",""
"623","रूक्ने",""
"624","आएँ",""
"625","अर्को",""
"626","बतासे",""
"627","काटेर",""
"628","इंजिन",""
"629","धुँवा",""
"630","कु",""
"631","गरी",""
"632","सिटी",""
"633","बजाई",""
"634","भीड़मा",""
"635","भागेछु",""
"636","पुरानो",""
"637","बन्धन",""
"638","अझ",""
"639","लैजाऊ",""
"640","तिमीसँग",""
"641","जिउन",""
"642","गार्हो",""
"643","जिन्दगानी",""
"644","मर्नेछौं",""
"645","जिउनेछु",""
"646","नमारी",""
"647","मनभरी",""
"648","बोकी",""
"649","समझन्छु",""
"650","घरी",""
"651","गर्न",""
"652","जित्नु",""
"653","नसक्ने",""
"654","केहिँ",""
"655","नरैछन्",""
"656","साथ",""
"657","भएदेखि",""
"658","तिम्ले",""
"659","हात",""
"660","थामेदेखि",""
"661","जीतीदिन्छु",""
"662","चुमिदिन्छु",""
"663","हरियाली",""
"664","जतातिर",""
"665","भरिएको",""
"666","चीयाबारी",""
"667","उकाली",""
"668","ओराली",""
"669","काटी",""
"670","कहिल्ये",""
"671","काहीँ",""
"672","आउछ",""
"673","बेस्सरी",""
"674","हिँडेछु",""
"675","चढेर",""
"676","केटी",""
"677","हुन्न",""
"678","भर",""
"679","केटा",""
"680","खबर",""
"681","बग्दै",""
"682","रातले",""
"683","जुनलाई",""
"684","चाहे",""
"685","दिनले",""
"686","घामलाई",""
"687","पाए",""
"688","अजम्बरी",""
"689","लाउँला",""
"690","लुकामारी",""
"691","खेल्छ",""
"692","किन",""
"693","अनि",""
"694","धर्ती",""
"695","साँझ",""
"696","बिहान",""
"697","खै",""
"698","खान्छ",""
"699","कुटु",""
"700","कैले",""
"701","तितो",""
"702","यस्तो",""
"703","कथा",""
"704","मुटुको",""
"705","सुन",""
"706","घामपानीले",""
"707","मायालाई",""
"708","छुन्छ",""
"709","रंग",""
"710","मधुरो",""
"711","किनाराले",""
"712","नदीलाई",""
"713","डोर्याए",""
"714","नदीले",""
"715","सागर",""
"716","दाजु",""
"717","नसमाऊ",""
"718","नाडीमा",""
"719","जान्न",""
"720","डिजेलको",""
"721","गाडीमा",""
"722","हिलो",""
"723","लाग्ला",""
"724","नाइलनको",""
"725","साडीमा",""
"726","सानु",""
"727","समाऊ",""
"728","घुम्न",""
"729","जाऊ",""
"730","बाइस",""
"731","वर्ष",""
"732","लागिसक्या",""
"733","फिलै",""
"734","नहुने",""
"735","मैंयाहरु",""
"736","भेटे",""
"737","दिलै",""
"738","ट्यालेन्ट",""
"739","स्यालेन्ट",""
"740","नचाहिने",""
"741","सलमान",""
"742","खानको",""
"743","केटाहरुलाई",""
"744","झुलाएर",""
"745","ड्रिम",""
"746","समवनको",""
"747","भिनाजुको",""
"748","सिंगल",""
"749","सालो",""
"750","गोरो",""
"751","खोज्छौ",""
"752","यता",""
"753","ह्यान्डसम",""
"754","नपट्टीएसम्म",""
"755","अनेक",""
"756","गफ",""
"757","गर्ने",""
"758","मिसन",""
"759","पुरा",""
"760","भएपछि",""
"761","अफ",""
"762","घरमा",""
"763","बाहिर",""
"764","कृष्ण",""
"765","फकाउनलाई",""
"766","जे",""
"767","भन्छौ",""
"768","कत्ति",""
"769","सस्तो",""
"770","ड्याड",""
"771","ममको",""
"772","छोरी",""
"773","पाउनलाई",""
"774","गार्है",""
"775","पर्ला",""
"776","यती",""
"777","राम्री",""
"778","गोरी",""
"779","गोदावरी",""
"780","बनैमा",""
"781","राख",""
"782","मनैमा",""
"783","आउन",""
"784","बसौं",""
"785","चोभारैको",""
"786","डाँडइमा",""
"787","काखैमा",""
"788","प्रिती",""
"789","साटौं",""
"790","शनिबार",""
"791","बिहानै",""
"792","हिडे",""
"793","फिलिम",""
"794","हेर्नलाई",""
"795","हेरी",""
"796","कुरी",""
"797","बसे",""
"798","बसेहै",""
"799","बाल्कुनिको",""
"800","कुनामा",""
"801","फिल्म",""
"802","हेर्ने",""
"803","धुनमा",""
"804","अँध्यारोमा",""
"805","छाम्मछुम्म",""
"806","तिम्लाई",""
"807","गरे",""
"808","सुन्दरीजल",""
"809","खोलामा",""
"810","बुक",""
"811","झोलामा",""
"812","पढ्नी",""
"813","गरौँ",""
"814","चन्द्रगिरि",""
"815","डाँडईमा",""
"816","डेटिंग",""
"817","गाको",""
"818","बेलैमा",""
"819","लब्ली",""
"820","सेल्फी",""
"821","हानौं",""
"822","बसौ",""
"823","ड्दैमा",""
"824","काखेमा",""
"825","एकोहोरो",""
"826","नलाएकै",""
"827","बेस",""
"828","हुनेछ",""
"829","पाइला",""
"830","छुट्टै",""
"831","चल्नेछ",""
"832","झुटो",""
"833","कसम",""
"834","नखाएकै",""
"835","छन्",""
"836","यात्रा",""
"837","गर्नु",""
"838","काँडामाथि",""
"839","हिड्छु",""
"840","भनें",""
"841","उठे",""
"842","हजार",""
"843","लड्छु",""
"844","जानी",""
"845","व्यर्थै",""
"846","नजलाएकै",""
"847","बन्ला",""
"848","प्रेम",""
"849","कहानी",""
"850","लायौ",""
"851","भने",""
"852","डाँडई",""
"853","पर्दा",""
"854","पछि",""
"855","धायौ",""
"856","बैस",""
"857","नफालेको",""
"858","चुपचाप",""
"859","सहिदिन्छु",""
"860","गइदिन्छु",""
"861","चाह्यौ",""
"862","मैले",""
"863","दिएकै",""
"864","थिएँ",""
"865","खुशीलाई",""
"866","भनी",""
"867","जिएँ",""
"868","भइगो",""
"869","भन्दिन",""
"870","बिदा",""
"871","भइदिन्छु",""
"872","छाइदियौ",""
"873","जीवनमा",""
"874","खुशीको",""
"875","बहार",""
"876","बनेर",""
"877","आइदियौ",""
"878","संसारमा",""
"879","सृष्टिको",""
"880","उपहार",""
"881","नदेखें",""
"882","एकै",""
"883","छिन",""
"884","खसे",""
"885","झैं",""
"886","नबोले",""
"887","भास्से",""
"888","नहिड्नु",""
"889","नदेखे",""
"890","खुशी",""
"891","दिन्छु",""
"892","सधैं",""
"893","भरीलाई",""
"894","फूल",""
"895","त्यसै",""
"896","कहाँ",""
"897","फुल्छ",""
"898","गोडमेलै",""
"899","नगरी",""
"900","बनिदिनु",""
"901","दिलैको",""
"902","चौतारी",""
"903","या",""
"904","जून",""
"905","कुन",""
"906","कुन्नी",""
"907","आभास",""
"908","छुन",""
"909","भनौं",""
"910","काँडा",""
"911","बिझिदेला",""
"912","बसिदेला",""
"913","सूर",""
"914","धुन",""
"915","हेर्यो",""
"916","राम्रो",""
"917","आँखै",""
"918","लोभ्याइ",""
"919","हेरिरहें",""
"920","होसै",""
"921","उडाइ",""
"922","लाने",""
"923","चांदी",""
"924","सानीलाई",""
"925","छोएर",""
"926","खाइदिऊला",""
"927","मरी",""
"928","जाउँला",""
"929","छोई",""
"930","खाइदिउंला",""
"931","लैजाउँला",""
"932","आउँला",""
"933","संगसंगै",""
"934","साइनोले",""
"935","बाँधिदिउंला",""
"936","वचन",""
"937","मीठो",""
"938","गरि",""
"939","बोलि",""
"940","देऊ",""
"941","कुनै",""
"942","बहाना",""
"943","नलुकाई",""
"944","खोलिदेउन",""
"945","यही",""
"946","चाहा",""
"947","ना",""
"948","बाँधी",""
"949","टिपेर",""
"950","सिउँदो",""
"951","भर्रौंला",""
"952","मायाले",""
"953","बाँधे",""
"954","ज्यानै",""
"955","दि",""
"956","दिउंला",""
"957","बहेको",""
"958","झैँ",""
"959","सहि",""
"960","देखे",""
"961","भो",""
"962","सयौँ",""
"963","तरिदिउंला",""
"964","वहाँ",""
"965","पठाउनेलाई",""
"966","आइदिउंला",""
"967","गर्दिन",""
"968","बैमानी",""
"969","जुनी",""
"970","भैदिउंला",""
"971","खाईदिउंला",""
"972","चुल्ठी",""
"973","बाट्नेलाई",""
"974","पटुकी",""
"975","कस्नेलाई",""
"976","लैजाउं",""
"977","हौ",""
"978","ढाका",""
"979","टोपी",""
"980","लाउनेलाई",""
"981","आँखा",""
"982","सन्काउनेलाई",""
"983","रोजूं",""
"984","मिले",""
"985","साटौंला",""
"986","चोखो",""
"987","गांसौंला",""
"988","दिए",""
"989","डांडई",""
"990","काटौंला",""
"991","डांड्यै",""
"992","सिम",""
"993","खेतलाई",""
"994","सिमकै",""
"995","टारी",""
"996","कुलो",""
"997","बग्ने",""
"998","मूलको",""
"999","अन्जुलीले",""
"1000","पिउंला",""
"1001","दिन्छौ",""
"1002","सुम्पीदिउँला",""
"1003","वरपिपललाई",""
"1004","साँची",""
"1005","आजै",""
"1006","खान्छु",""
"1007","राजीखुशी",""
"1008","भयौ",""
"1009","यहि",""
"1010","मंसिरमा",""
"1011","लान्छु",""
"1012","वारी",""
"1013","व्यर्थ्यै",""
"1014","धाउनु",""
"1015","मनले",""
"1016","रोज्यो",""
"1017","घरमै",""
"1018","माग्न",""
"1019","पुग्छ",""
"1020","चाहिदैन",""
"1021","चाँदी",""
"1022","न्यानो",""
"1023","हृदय",""
"1024","कुना",""
"1025","सहन",""
"1026","सक्दिन",""
"1027","अरु",""
"1028","नजानी",""
"1029","छोएको",""
"1030","कल्पी",""
"1031","दिन्छ",""
"1032","पीडा",""
"1033","सम्हालू",""
"1034","खोइ",""
"1035","ज्यानलाई",""
"1036","विना",""
"1037","जूनी",""
"1038","सजिलै",""
"1039","काटिन्छ",""
"1040","आफै",""
"1041","हराउछु",""
"1042","थामी",""
"1043","ल्याइदिउंला",""
"1044","तिलहरी",""
"1045","बुलकी",""
"1046","इ",""
"1047","आगौको",""
"1048","सालैमा",""
"1049","धपक्कै",""
"1050","पियारी",""
"1051","सिरानी",""
"1052","राइफलको",""
"1053","मारुनी",""
"1054","नाच्छ",""
"1055","छमछम",""
"1056","छम्",""
"1057","थपनि",""
"1058","मुटुमै",""
"1059","सपनी",""
"1060","झनझन",""
"1061","झन्",""
"1062","जहिले",""
"1063","दोधारे",""
"1064","तीर",""
"1065","ल्याउंला",""
"1066","लाइरने",""
"1067","तेइ",""
"1068","गाइरने",""
"1069","विरह",""
"1070","मुटुले",""
"1071","पलपल",""
"1072","पल्",""
"1073","साँझै",""
"1074","आइरनी",""
"1075","झझल्को",""
"1076","आँखैमा",""
"1077","झलझल",""
"1078","झल्",""
"1079","गाउँघर",""
"1080","तहिले",""
"1081","चंगा",""
"1082","गीत",""
"1083","गाउँछु",""
"1084","गाउछु",""
"1085","बनोस्",""
"1086","हर",""
"1087","जोडीले",""
"1088","भनोस्",""
"1089","बनोस",""
"1090","राम्रा",""
"1091","होस्",""
"1092","मिठा",""
"1093","एक",""
"1094","धड्कन",""
"1095","जहाँहाँहाँ",""
"1096","नियालेर",""
"1097","आँखामा",""
"1098","पाउँछौ",""
"1099","चित्र",""
"1100","सजाई",""
"1101","सक्या",""
"1102","भित्र",""
"1103","प्यारो",""
"1104","लाग्दो",""
"1105","वसमा",""
"1106","हुँदो",""
"1107","हुदो",""
"1108","डुल्छ",""
"1109","वरिपरी",""
"1110","भुल्छ",""
"1111","सम्झीएर",""
"1112","घरीरीरीरी",""
"1113","फेर्नुपर्ने",""
"1114","सास",""
"1115","घटी",""
"1116","होइन",""
"1117","एकनास",""
"1118","तिमीसंग",""
"1119","दूर",""
"1120","हजुर",""
"1121","गर्ला",""
"1122","दुनियाले",""
"1123","गरोस्",""
"1124","जान्छ",""
"1125","बुट्टा",""
"1126","भर्ला",""
"1127","भरोस",""
"1128","हुम्मम",""
"1129","जाँदा",""
"1130","दुनियाँ",""
"1131","बदलेला",""
"1132","जरुर",""
"1133","तिमीविना",""
"1134","सत्य",""
"1135","हुन्छु",""
"1136","सादा",""
"1137","बिना",""
"1138","गर्दा",""
"1139","खुसि",""
"1140","भरपुर",""
"1141","टक्क",""
"1142","टाकन",""
"1143","टुकुन",""
"1144","रुरुरुरुरुरुरु",""
"1145","तिन",""
"1146","पाथी",""
"1147","मकै",""
"1148","कोदो",""
"1149","घट्टैमा",""
"1150","पिनेर",""
"1151","आईपुगें",""
"1152","हजुरलाई",""
"1153","भेट्न",""
"1154","धन्दा",""
"1155","छिनेर",""
"1156","हातमा",""
"1157","रुमाल",""
"1158","हल्लाऊदै",""
"1159","सिरैमा",""
"1160","सिरफुल",""
"1161","निधारमा",""
"1162","टिकी",""
"1163","क्या",""
"1164","भाकी",""
"1165","छेउ",""
"1166","भाकीछेऊ",""
"1167","सित",""
"1168","पिरिम",""
"1169","परेर",""
"1170","आकी",""
"1171","छेऊ",""
"1172","मोरी",""
"1173","राती",""
"1174","दौडिदै",""
"1175","हजुरको",""
"1176","सत्कारमा",""
"1177","लाटी",""
"1178","गाजल",""
"1179","लाउनै",""
"1180","हतारमा",""
"1181","लत्पतिएको",""
"1182","ओठको",""
"1183","लाली",""
"1184","तै",""
"1185","सुहाको",""
"1186","पैले",""
"1187","पिरतीले",""
"1188","नुहाको",""
"1189","भन्छु",""
"1190","मनका",""
"1191","सुन्छ्यौ",""
"1192","सम्म",""
"1193","मेरै",""
"1194","हुन्छ्यौ",""
"1195","हम्",""
"1196","सुन्छौ",""
"1197","हुन्छौ",""
"1198","मोडमा",""
"1199","रुनुपर्यो",""
"1200","परेली",""
"1201","छुन्छ्यौ",""
"1202","छुन्छौ",""
"1203","साथमा",""
"1204","हाँस्न",""
"1205","सजिलो",""
"1206","भविष्य",""
"1207","सम्झिएर",""
"1208","बाँच्न",""
"1209","मेरा",""
"1210","ती",""
"1211","हातले",""
"1212","यी",""
"1213","तिमीबाहेक",""
"1214","हुँदैन",""
"1215","अधूरा",""
"1216","सुम्पिदिन्छु",""
"1217","साइँली",""
"1218","परदेशबाट",""
"1219","आउला",""
"1220","चालीस",""
"1221","कटेसी",""
"1222","रमाउला",""
"1223","दियोमा",""
"1224","बत्ती",""
"1225","हुरुरु",""
"1226","नरुनु",""
"1227","नाम्लो",""
"1228","बरियो",""
"1229","भाबीको",""
"1230","खेलमा",""
"1231","परियो",""
"1232","गाउँघरको",""
"1233","तस्बीर",""
"1234","पिढीमा",""
"1235","जाँतो",""
"1236","घरर",""
"1237","झर्दो",""
"1238","आँसु",""
"1239","बरर",""
"1240","कुटुमा",""
"1241","सुपारी",""
"1242","दाना",""
"1243","हेर्दामा",""
"1244","जीउ",""
"1245","ज्यान",""
"1246","खाइलाग्दो",""
"1247","जागिरे",""
"1248","मर्द",""
"1249","बलियो",""
"1250","इमान्दारी",""
"1251","केटोलाई",""
"1252","दिने",""
"1253","खैनी",""
"1254","चुरोट",""
"1255","खान्छौ",""
"1256","दांतै",""
"1257","ओठै",""
"1258","दिदिको",""
"1259","मगनी",""
"1260","भैसक्यो",""
"1261","पालो",""
"1262","यसपाली",""
"1263","हिउंदो",""
"1264","महिनामा",""
"1265","बिहे",""
"1266","भा’छैन",""
"1267","कन्याको",""
"1268","ठहर",""
"1269","ठेगाना",""
"1270","टूङ्गो",""
"1271","ला’छैन",""
"1272","कोरीबाटी",""
"1273","चट्ट",""
"1274","कपाल",""
"1275","ओठैमा",""
"1276","झ्याप्पै",""
"1277","कदम",""
"1278","रोकियो",""
"1279","फुलको",""
"1280","बोटैमा",""
"1281","बिर्कोमा",""
"1282","ला’को",""
"1283","चिनीमा",""
"1284","पस्यो",""
"1285","कमिलो",""
"1286","डाँडाबारीको",""
"1287","सुन्तला",""
"1288","गुलियो",""
"1289","आमिलो",""
"1290","राजाको",""
"1291","हात्ती",""
"1292","सौ",""
"1293","तोला",""
"1294","ल्हासाको",""
"1295","पढाई",""
"1296","लेखाईमा",""
"1297","अब्बल",""
"1298","वैज्ञानिक",""
"1299","बन्छु",""
"1300","नासाको",""
"1301","बघिनिको",""
"1302","छोरीलाई",""
"1303","कुखुराको",""
"1304","भालेले",""
"1305","ठुल्ठुला",""
"1306","गरेर",""
"1307","पट्याउन",""
"1308","आँट्यो",""
"1309","कालेले",""
"1310","छिमेकी",""
"1311","हुँ",""
"1312","बाघैको",""
"1313","सन्तान",""
"1314","काली",""
"1315","नागैको",""
"1316","रैछ्यौ",""
"1317","मितिनी",""
"1318","कोइली",""
"1319","कागैको",""
"1320","मेला",""
"1321","नमिले",""
"1322","झमेला",""
"1323","भोलि",""
"1324","फ्यान्टास्स्टिक",""
"1325","वओउन्डरफुल",""
"1326","हुनेथियो",""
"1327","लाइफ",""
"1328","तालैमा",""
"1329","हाने",""
"1330","डाइभ",""
"1331","एक्लो",""
"1332","जिबनको",""
"1333","परब्लम",""
"1334","भुलेर",""
"1335","आउ",""
"1336","पातली",""
"1337","झमझमी",""
"1338","रुझेर",""
"1339","असिना",""
"1340","झर्यो",""
"1341","दाईको",""
"1342","भाउजुलाई",""
"1343","मनपर्यो",""
"1344","इलास्टिक",""
"1345","तन्किने",""
"1346","राखौला",""
"1347","फेसबुकमा",""
"1348","खिचेर",""
"1349","हेप्पी",""
"1350","जैले",""
"1351","रिसाउनी",""
"1352","मिसाउनी",""
"1353","फकाउनी",""
"1354","सधै",""
"1355","आखुम",""
"1356","रिसाउदा",""
"1357","पीरम",""
"1358","कल्ले",""
"1359","बचाउनी",""
"1360","सेती",""
"1361","बगर",""
"1362","परेको",""
"1363","मायालुको",""
"1364","नमार",""
"1365","भारी",""
"1366","बोझ",""
"1367","हुदा",""
"1368","हु",""
"1369","बिसाउनी",""
"1370","रिसाऊदा",""
"1371","चखेवाको",""
"1372","जोडी",""
"1373","टोलाउंछु",""
"1374","झसंगै",""
"1375","भन्ने",""
"1376","चिज",""
"1377","अचम्मै",""
"1378","हिड्ने",""
"1379","नयाँ",""
"1380","छातीभित्र",""
"1381","सल्बलाउने",""
"1382","चाहना",""
"1383","मुस्कुराने",""
"1384","सजाउंछु",""
"1385","दंगै",""
"1386","येशूको",""
"1387","छातीमा",""
"1388","ढुकढुकिने",""
"1389","बसिरहने",""
"1390","२",""
"1391","प्राणभन्दा",""
"1392","रगतले",""
"1393","किनेको",""
"1394","साइनो",""
"1395","क्रूसको",""
"1396","मण्डली",""
"1397","हौँ",""
"1398","ख्रीष्ट",""
"1399","दुलही",""
"1400","प्रभुको",""
"1401","गहिरिएको",""
"1402","खिलिएको",""
"1403","प्रेमले",""
"1404","उनको",""
"1405","नटुटने",""
"1406","नी",""
"1407","भयौं",""
"1408","भेला",""
"1409","आए",""
"1410","येशू",""
"1411","गायौं",""
"1412","प्रेमको",""
"1413","दिलको",""
"1414","राजा",""
"1415","शरीर",""
"1416","हौं",""
"1417","शिर",""
"1418","हुनुहुन्छ",""
"1419","आपसमा",""
"1420","गाँसिएको",""
"1421","जीवनले",""
"1422","प्रभावले",""
"1423","यसको",""
"1424","संसारै",""
"1425","ढाकिने",""
"1426","गाउँछ",""
"1427","नेपाली",""
"1428","ज्योतिको",""
"1429","पंख",""
"1430","उचाली",""
"1431","जय",""
"1432","नेपाल",""
"1433","सुन्दर",""
"1434","शान्त",""
"1435","बिशाल",""
"1436","गण्डकी",""
"1437","कोसी",""
"1438","कर्णाली",""
"1439","मेची",""
"1440","महाकाली",""
"1441","लेक",""
"1442","बेसी",""
"1443","बिउझाउँछन",""
"1444","लाखौँ",""
"1445","हिमालचुली",""
"1446","बोलाउँछ",""
"1447","पहिलो",""
"1448","झुल्का",""
"1449","निकाली",""
"1450","सगरमाथा",""
"1451","शिखरमा",""
"1452","पुग्दछ",""
"1453","पहिले",""
"1454","सीताले",""
"1455","भिजाइन",""
"1456","दक्षिण",""
"1457","लंका",""
"1458","भारत",""
"1459","भृकुटी",""
"1460","उदाइन",""
"1461","उत्तर",""
"1462","चीन",""
"1463","तिब्बत",""
"1464","बुद्धले",""
"1465","यहीँ",""
"1466","पाएथे",""
"1467","ज्ञानको",""
"1468","मुहान",""
"1469","शिवले",""
"1470","ल्याएथे",""
"1471","सृस्टीको",""
"1472","पश्चिम",""
"1473","किल्ला",""
"1474","काँगडा",""
"1475","पूर्वमा",""
"1476","टिस्टा",""
"1477","पुगेथ्यौँ",""
"1478","शक्तिको",""
"1479","सामुमा",""
"1480","झुकेथ्यौँ",""
"1481","हामीले",""
"1482","हिमाल",""
"1483","उठायौँ",""
"1484","एसियाको",""
"1485","माझमा",""
"1486","सभ्यता",""
"1487","बास",""
"1488","बसेथ्यो",""
"1489","आएर",""
"1490","साँझमा",""
"1491","माटोमा",""
"1492","रोपेर",""
"1493","पहाडी",""
"1494","शिलामा",""
"1495","प्रीतको",""
"1496","खोपेर",""
"1497","बाँचौला",""
"1498","नेपालमा",""
"1499","चन्द्र",""
"1500","सुर्य",""
"1501","ध्वोजा",""
"1502","लिई",""
"1503","नाँचौला",""
"1504","हिमालमा",""
"1505","लाइदिउला",""
"1506","पियार",""
"1507","3",""
"1508","परान",""
"1509","लैजाउ",""
"1510","घुमाउन",""
"1511","ठमेल",""
"1512","बजार",""
"1513","ट्याउसि",""
"1514","चढाउदै",""
"1515","2",""
"1516","लैजाउला",""
"1517","काठमाडौं",""
"1518","लाउला",""
"1519","सारै",""
"1520","कुवाको",""
"1521","केले",""
"1522","उखाउनी",""
"1523","तिर्खामा",""
"1524","पसिना",""
"1525","छुट्याे",""
"1526","तन",""
"1527","बुझाउनि",""
"1528","ल्याइदिउला",""
"1529","मिनरलको",""
"1530","पाक्यो",""
"1531","रसिलो",""
"1532","भिरैमा",""
"1533","क्यार्नु",""
"1534","कलिलो",""
"1535","मुखै",""
"1536","रसायो",""
"1537","खाउ",""
"1538","मर्नु",""
"1539","ल्याउला",""
"1540","तिम्लाइ",""
"1541","भिरको",""
"1542","अङ्गुर",""
"1543","4",""
"1544","बरै",""
"1545","दशि",""
"1546","धारा",""
"1547","नरोए",""
"1548","अामा",""
"1549","बाँचे",""
"1550","पठाउम्ला",""
"1551","तस्बिरै",""
"1552","लेख्योनि",""
"1553","भाबीले",""
"1554","कर्मलिला",""
"1555","ठैमलाउ",""
"1556","बाबाले",""
"1557","सोध्लानी",""
"1558","छोरा",""
"1559","भन्नलान्",""
"1560","रन",""
"1561","जित्दैछन",""
"1562","भन्दिए",""
"1563","अामाले",""
"1564","सोध्लिननी",""
"1565","भन्लिन्",""
"1566","रजहै",""
"1567","खुल्यो",""
"1568","दाजैले",""
"1569","सोध्लान",""
"1570","भार्इ",""
"1571","भन्लान्",""
"1572","अंशै",""
"1573","बढ्यो",""
"1574","भाउजुले",""
"1575","देवर",""
"1576","खसी",""
"1577","काट",""
"1578","भाइले",""
"1579","सोध्लाननी",""
"1580","दाजै",""
"1581","घेरमा",""
"1582","परे",""
"1583","दिदीले",""
"1584","माइति",""
"1585","घटे",""
"1586","बैनीले",""
"1587","चोली",""
"1588","घट्यो",""
"1589","छोराले",""
"1590","बाबा",""
"1591","टोपि",""
"1592","झिक",""
"1593","भन्लिन",""
"1594","चुराको",""
"1595","दान",""
"1596","प्रियाले",""
"1597","स्वामी",""
"1598","फूक्यो",""
"1599","साथीले",""
"1600","लाहुरे",""
"1601","भन्लान",""
"1602","मार",""
"1603","बटाैलीको",""
"1604","बजारमा",""
"1605","चार",""
"1606","पैसाको",""
"1607","लाहा",""
"1608","शिरको",""
"1609","स्वर्गे",""
"1610","हुँदा",""
"1611","घरबस्नीलार्इ",""
"1612","शिसैकाट्योनी",""
"1613","गोलीले",""
"1614","रणामा",""
"1615","परी",""
"1616","मरेछन",""
"1617","लाहुरै",""
"1618","रून्छन",""
"1619","लाै",""
"1620","बर्ष",""
"1621","जुगै",""
"1622","भरिलाै",""
"1623","मर्ने",""
"1624","हुदैन",""
"1625","नमरेको",""
"1626","प्रहर",""
"1627","भागेर",""
"1628","जाऊँ",""
"1629","ठाऊँ",""
"1630","मान्छे",""
"1631","नमर्ने",""
"1632","चल्दैन",""
"1633","उस्तै",""
"1634","www.npsongs.com",""
"1635","बत्तिमा",""
"1636","बल्दैन",""
"1637","खटन",""
"1638","नियतीको",""
"1639","निभ्छ",""
"1640","छ्यौ",""
"1641","छयौ",""
"1642","देखाउन",""
"1643","गार्‍हो",""
"1644","भएर",""
"1645","मात्रै",""
"1646","मजा",""
"1647","बरु",""
"1648","सासले",""
"1649","धोका",""
"1650","दिन्नौ",""
"1651","थाह",""
"1652","भाग्य",""
"1653","कोहि",""
"1654","हुन्",""
"1655","नहुन्",""
"1656","आफ्ना",""
"1657","copyright:www.npsongs.com",""
"1658","यस्मा",""
"1659","शंका",""
"1660","नहोस्",""
"1661","कतै",""
"1662","आशांका",""
"1663","रम्दछु",""
"1664","मायैले",""
"1665","प्यास",""
"1666","मेट्छु",""
"1667","टाढै",""
"1668","बतास",""
"1669","भेट्छु",""
"1670","दुखी",""
"1671","रुन्छु",""
"1672","साटो",""
"1673","रमाउँला",""
"1674","तेलै",""
"1675","भावीको",""
"1676","कुलोमा",""
"1677","तस्बिर",""
"1678","सोध्दै",""
"1679","आएन",""
"1680","सोधे",""
"1681","घरलाई",""
"1682","घरले",""
"1683","भन्नैसकेन",""
"1684","एउटा",""
"1685","चिठ्ठी",""
"1686","आइ",""
"1687","राखे",""
"1688","दैलो",""
"1689","मुनिबाट",""
"1690","पसेन",""
"1691","बाडौ",""
"1692","भित्रै",""
"1693","साचेको",""
"1694","घरबाहिर",""
"1695","नाउँ",""
"1696","लेखी",""
"1697","टाँसेको",""
"1698","डुल्ने",""
"1699","आखाँ",""
"1700","परेन",""
"1701","ma",""
"1702","sansar",""
"1703","jitne",""
"1704","sabin",""
"1705","rai",""
"1706","जित्ने",""
"1707","गायक",""
"1708","सबिन",""
"1709","राई",""
"1710","आँट",""
"1711","मात्र",""
"1712","तिमि",""
"1713","बसिदेउ",""
"1714","भबिष्य",""
"1715","गाउने",""
"1716","रच्दै",""
"1717","सुरमा",""
"1718","ताल",""
"1719","मिलाईदेउ",""
"1720","येही",""
"1721","अर्थ",""
"1722","रच्नुको",""
"1723","इतिहासमा",""
"1724","अमर",""
"1725","रहोस",""
"1726","जब",""
"1727","हिड्दा",""
"1728","हिड्दै",""
"1729","थाक्छु",""
"1730","कहिँ",""
"1731","त्येतिबेला",""
"1732","आड",""
"1733","बनिदेउ",""
"1734","मोड",""
"1735","सोच्न",""
"1736","सकिन",""
"1737","विचार",""
"1738","देउ",""
"1739","येहि",""
"1740","भन्नुको",""
"1741","बिलम्ब",""
"1742","नपरोस",""
"1743","सुनौलो",""
"1744","साकार",""
"1745","भरोशा",""
"1746","हरपल",""
"1747","रक्षा",""
"1748","आत्मबल",""
"1749","मिलैदेउ",""
"1750","आओ",""
"1751","निदाएको",""
"1752","कोल्टे",""
"1753","फर्ेर्दै",""
"1754","सुकेको",""
"1755","लाएर",""
"1756","जाओ",""
"1757","हो्",""
"1758","निरास",""
"1759","सुस्केरा",""
"1760","हाल्छु",""
"1761","दुःख",""
"1762","दुःखैमा",""
"1763","गाल्छु",""
"1764","आँशुहरु",""
"1765","चिम्लेको",""
"1766","हर्ेर्दैछु",""
"1767","गहभित्र",""
"1768","रोईदिन्छु",""
"1769","आँधी",""
"1770","खोजे",""
"1771","बल्भिईदिन्छु",""
"1772","हिँडेको",""
"1773","सुम्पेको",""
"1774","आफू",""
"1775","सँग",""
"1776","अधरको",""
"1777","हाँसो",""
"1778","निचोरी",""
"1779","दिईसकेछु",""
"1780","बल्भिइदिन्छु",""
"1781","हेर्राईमा",""
"1782","तिमरो",""
"1783","नपुगे",""
"1784","दिएर",""
"1785","दिईन",""
"1786","पसेर",""
"1787","खाली",""
"1788","भएछु",""
"1789","बल",""
"1790","गर्र्छौ",""
"1791","छोड",""
"1792","अन्तै",""
"1793","मिल्छ",""
"1794","मैसँग",""
"1795","नाता",""
"1796","जोड",""
"1797","गर्छर्ुुतिमीलाई",""
"1798","गर्छर्ुुतमीलाई",""
"1799","होर",""
"1800","आफन्तलाई",""
"1801","सोध्नु",""
"1802","पर्ने",""
"1803","रितै",""
"1804","जन्मघर",""
"1805","छोड्ने",""
"1806","जन्मघरसँगको",""
"1807","तोड",""
"1808","पर्राईको",""
"1809","पछ्यौरी",""
"1810","ओड",""
"1811","हिँड्न",""
"1812","पर्राई",""
"1813","एउटालाई",""
"1814","भिन्न",""
"1815","गाह्रो",""
"1816","कहिलेकाहीँ",""
"1817","चिन्न",""
"1818","त्रि्रो",""
"1819","टुक्रा",""
"1820","फोड",""
"1821","फल",""
"1822","नदिने",""
"1823","बृक्षलाई",""
"1824","गोड",""
"1825","साधनाको",""
"1826","बरदान",""
"1827","यिनै",""
"1828","सात",""
"1829","मीत",""
"1830","आरोह",""
"1831","अवरोह",""
"1832","गति",""
"1833","जीवनको",""
"1834","मर्ुछनामा",""
"1835","सुख",""
"1836","सब",""
"1837","लुकेको",""
"1838","अलंकार",""
"1839","सरगमका",""
"1840","ग",""
"1841","प",""
"1842","सा",""
"1843","ध",""
"1844","रे",""
"1845","अचल",""
"1846","षडज",""
"1847","पञ्चम",""
"1848","सौभाग्य",""
"1849","उज्यालो",""
"1850","भाव",""
"1851","नर्तन",""
"1852","रोदन",""
"1853","गुञ्जन",""
"1854","ओइ",""
"1855","होइ",""
"1856","हाई",""
"1857","नचिन्ने",""
"1858","ठाउँमा",""
"1859","चोटी",""
"1860","आयौ",""
"1861","भन्देउ",""
"1862","गाउँमा",""
"1863","लोभिएर",""
"1864","नहेर",""
"1865","गम्केर",""
"1866","उमेरैले",""
"1867","निकै",""
"1868","रैछौ",""
"1869","बाट",""
"1870","आइछौ",""
"1871","कहाँबाट",""
"1872","चन्चले",""
"1873","देखेर",""
"1874","भरिएका",""
"1875","रसिला",""
"1876","सुटुक्कै",""
"1877","सुन्दिन",""
"1878","सुनाऊ",""
"1879","नहुनु",""
"1880","भुतुक्कै",""
"1881","बुझ",""
"1882","ढुकढुकी",""
"1883","बन्छ",""
"1884","बेर",""
"1885","जाती",""
"1886","जुनीजुनी",""
"1887","बाच्छु",""
"1888","मर्छु",""
"1889","नजर",""
"1890","लाउँछन्",""
"1891","बैंसलाई",""
"1892","रुपैकी",""
"1893","की",""
"1894","खानी",""
"1895","नसालु",""
"1896","जवानी",""
"1897","डुब्न",""
"1898","नम्बरको",""
"1899","पाखे",""
"1900","ट्रक",""
"1901","ड्राइभर",""
"1902","अचेलका",""
"1903","ठिटाको",""
"1904","लाग्दैन",""
"1905","भित्रभित्रै",""
"1906","लोभिन्छौ",""
"1907","आँखैले",""
"1908","तर्छौ",""
"1909","बसन्ती",""
"1910","ढलि",""
"1911","जोबन",""
"1912","साँचेर",""
"1913","गर्छौ",""
"1914","बाहेक",""
"1915","अरुको",""
"1916","अरुलाई",""
"1917","पराउछु",""
"1918","फेरिएला",""
"1919","फेरिनेछैन",""
"1920","देखाउलान",""
"1921","कतिले",""
"1922","लोभहरु",""
"1923","डरहरु",""
"1924","हेरिने",""
"1925","सॅगै",""
"1926","नभए",""
"1927","यादमा",""
"1928","बाॅचेको",""
"1929","आउनेछैन",""
"1930","पाउनेठैन",""
"1931","ठाउॅ",""
"1932","मुटुमा",""
"1933","खुसीहरु",""
"1934","साॅचेको",""
"1935","श्रद्धाको",""
"1936","चढाई",""
"1937","दिनु",""
"1938","लाशमा",""
"1939","नपाएको",""
"1940","भैगयौ",""
"1941","रोइ",""
"1942","सम्झन्छु",""
"1943","कमल",""
"1944","संगाली",""
"1945","नहान",""
"1946","लातले",""
"1947","दिनेछ",""
"1948","गुहाई",""
"1949","भै",""
"1950","गयौ",""
"1951","मरेर",""
"1952","देह",""
"1953","आत्मा",""
"1954","मर्दैन",""
"1955","लाएको",""
"1956","पर्दैन",""
"1957","प्रकृति",""
"1958","ओइली",""
"1959","झर्छ",""
"1960","झर्दैन",""
"1961","त्येसै",""
"1962","बरालिन्छ",""
"1963","आँधि",""
"1964","रातमा",""
"1965","तिमिलाई",""
"1966","खोज्दछ",""
"1967","उकालीको",""
"1968","दोबाटो",""
"1969","तिम्रैतिर",""
"1970","लम्कन्छ",""
"1971","झ्यालबाट",""
"1972","आँउदछ",""
"1973","लुकीचोरी",""
"1974","खोलेको",""
"1975","देउरालीमा",""
"1976","पाखामा",""
"1977","डाँडामा",""
"1978","बसी",""
"1979","कुरेको",""
"1980","पिडा",""
"1981","बिछोडको",""
"1982","गुनगुनाएर",""
"1983","हिड्न",""
"1984","टाढियौ",""
"1985","सुन्यतामा",""
"1986","मदेखी",""
"1987","थाकी",""
"1988","सके",""
"1989","गोडा",""
"1990","हातहरु",""
"1991","काँपी",""
"1992","कल्पनामा",""
"1993","छाउछौ",""
"1994","बल्झाइदिई",""
"1995","यादलाई",""
"1996","बिलाउछु",""
"1997","बादलसंगै",""
"1998","लगाइदिने",""
"1999","बिर्सि",""
"2000","मलाइ",""
"2001","सताइ",""
"2002","सम्झना",""
"2003","केवल",""
"2004","तीता",""
"2005","मीठा",""
"2006","हराउँछु",""
"2007","बिचमा",""
"2008","काँपिसके",""
"2009","रोए",""
"2010","हाँसिदिनु",""
"2011","झरी",""
"2012","देखि",""
"2013","पन्छिदिनु",""
"2014","कहिलेकाही",""
"2015","ति",""
"2016","मिलनका",""
"2017","त्यसलाई",""
"2018","विसर्िदिनु",""
"2019","मुल्यवान",""
"2020","बेहोसीएका",""
"2021","पलहरु",""
"2022","बल्झिन्छ",""
"2023","खेल",""
"2024","हाँसेर",""
"2025","टारिदिनु",""
"2026","सन्जोग",""
"2027","विझाउने",""
"2028","भुल",""
"2029","त्यसमा",""
"2030","गहिरिदिनु",""
"2031","मन्दिरमा",""
"2032","मुर्तिमा",""
"2033","पत्थरमा",""
"2034","धुलोमा",""
"2035","कोही",""
"2036","देखाऊ",""
"2037","बताऊ",""
"2038","अन्जुली",""
"2039","मायाको",""
"2040","लािग",""
"2041","चर्कन्छ",""
"2042","साउन",""
"2043","भदौ",""
"2044","बर्षौ",""
"2045","बस्रन्छ",""
"2046","हाँसोमा",""
"2047","आँशुमा",""
"2048","फुलमा",""
"2049","काँडामा",""
"2050","एउटी",""
"2051","आमा",""
"2052","जिउँदै",""
"2053","जल्छे",""
"2054","छोराको",""
"2055","मायाममतामा",""
"2056","छोरो",""
"2057","बाँच्छ",""
"2058","आमाको",""
"2059","विपनामा",""
"2060","रगतमा",""
"2061","नातामा",""
"2062","विस्वासमा",""
"2063","बाचामा",""
"2064","गाजलु",""
"2065","टीका",""
"2066","कुरि",""
"2067","सङी",""
"2068","सङ",""
"2069","छली",""
"2070","लुकेर",""
"2071","भयेका",""
"2072","सुनाउनु",""
"2073","लाज",""
"2074","फर्किएला",""
"2075","बुझाउने",""
"2076","ठाउ",""
"2077","हुन्न्न",""
"2078","गाठो",""
"2079","राखिदिये",""
"2080","भाखै",""
"2081","बुझन",""
"2082","चाडै",""
"2083","पोखाउ",""
"2084","बीच",""
"2085","दुरी",""
"2086","घटाउ",""
"2087","चौबन्दी",""
"2088","लाईदेउ",""
"2089","देखेको",""
"2090","होईन",""
"2091","भये",""
"2092","गाउ",""
"2093","फुल",""
"2094","साक्षी",""
"2095","आउछु",""
"2096","पोखाउछु",""
"2097","घटाउछु",""
"2098","केश",""
"2099","भरी",""
"2100","गुरासँ",""
"2101","लाजले",""
"2102","जन्मेर",""
"2103","कोखमा",""
"2104","कसैको",""
"2105","हुर्कन्छ",""
"2106","काखमा",""
"2107","भाग्यको",""
"2108","लेखा",""
"2109","भावीले",""
"2110","लेखिदियो",""
"2111","कस्ले",""
"2112","छोडेको",""
"2113","नासो",""
"2114","अनौठो",""
"2115","विरानो",""
"2116","रगतको",""
"2117","हिँड्दछ",""
"2118","काख",""
"2119","छहारी",""
"2120","विधिले",""
"2121","लेखेको",""
"2122","पिर",""
"2123","समयले",""
"2124","दिएको",""
"2125","भुलाईदेला",""
"2126","एकदिन",""
"2127","भुलेको",""
"2128","झस्काउँला",""
"2129","कुनैदिन",""
"2130","भरिएला",""
"2131","घाउ",""
"2132","भुल्न",""
"2133","आईरहन्छ",""
"2134","नाला",""
"2135","पहाड",""
"2136","भन्ज्याङ्गले",""
"2137","बोलाइरहन्छ",""
"2138","देश",""
"2139","डाँडाकाँडा",""
"2140","आँगनै",""
"2141","भिर",""
"2142","लालिगुराँस",""
"2143","चाँप",""
"2144","चमेली",""
"2145","थरीथरी",""
"2146","झरनाको",""
"2147","सुसेली",""
"2148","झलझली",""
"2149","बनी",""
"2150","उभिएको",""
"2151","करौडौँ",""
"2152","मुटुमाझ",""
"2153","सजिएको",""
"2154","विर",""
"2155","माहात्मा",""
"2156","बुद्ध",""
"2157","जन्मिएको",""
"2158","स्वदेश",""
"2159","प्यारा",""
"2160","लेखमा",""
"2161","गुराँसै",""
"2162","फुल्यो",""
"2163","बस्यो",""
"2164","रोग",""
"2165","रुदा",""
"2166","जल्ने",""
"2167","फुलेछ",""
"2168","माला",""
"2169","उनेर",""
"2170","आई",""
"2171","जिस्काउन",""
"2172","छाडीदेउ",""
"2173","गहराई",""
"2174","अडेको",""
"2175","नौलाखे",""
"2176","सरी",""
"2177","छरीदेउ",""
"2178","राखिदेउ",""
"2179","मान्छेको",""
"2180","खोलाको",""
"2181","किनारालाई",""
"2182","भाग्ने",""
"2183","लहरेको",""
"2184","बानी",""
"2185","आँखाको",""
"2186","फकाई",""
"2187","विहानी",""
"2188","जोवनको",""
"2189","आवेश",""
"2190","तिर्खाको",""
"2191","भेष",""
"2192","हेराईमा",""
"2193","केबल",""
"2194","बोलाईमा",""
"2195","स्वर",""
"2196","ढुकढकी",""
"2197","विशालता",""
"2198","साँच्ची",""
"2199","आत्माको",""
"2200","मुर्ति",""
"2201","पानीलाई",""
"2202","आकार",""
"2203","कोशिस",""
"2204","नगर",""
"2205","हावालाई",""
"2206","सद्भाव",""
"2207","झरेको",""
"2208","पात",""
"2209","उजाड",""
"2210","निभेको",""
"2211","दिप",""
"2212","उदास",""
"2213","चुरा",""
"2214","फुटेसरी",""
"2215","चराहरु",""
"2216","उडीगए",""
"2217","कोपिलाहरु",""
"2218","नमुस्कुराउँदै",""
"2219","झरे",""
"2220","उठेको",""
"2221","बस्ती",""
"2222","प्रवास",""
"2223","विहान",""
"2224","जो",""
"2225","जलेर",""
"2226","भिजेको",""
"2227","पातमा",""
"2228","निशादको",""
"2229","अधेँरी",""
"2230","विषाद",""
"2231","जलिरहेछ",""
"2232","लास",""
"2233","टुटेफुटेका",""
"2234","स्वप्न",""
"2235","अँगारमात्र",""
"2236","बजर",""
"2237","उराठ",""
"2238","वैंश",""
"2239","छदा",""
"2240","लाईन्छ",""
"2241","खाईन्छ",""
"2242","दिल",""
"2243","तोडिन्छ",""
"2244","अंत",""
"2245","लगन",""
"2246","जोडिन्छ",""
"2247","प्रीती",""
"2248","लाउने",""
"2249","रिती",""
"2250","लाउनु",""
"2251","भन्नु",""
"2252","उता",""
"2253","बिछोड",""
"2254","हाँस्छ",""
"2255","चाहि",""
"2256","रुन्छ",""
"2257","जुडछ",""
"2258","दुख",""
"2259","मिली",""
"2260","बाडछ",""
"2261","जिवनसाथी",""
"2262","रोज्न",""
"2263","साह्रो",""
"2264","उडेका",""
"2265","रंगीन",""
"2266","चरा",""
"2267","धर्तिमा",""
"2268","फिर्लान्",""
"2269","आकाशको",""
"2270","मैलो",""
"2271","हटि",""
"2272","खुल्लान्",""
"2273","संघारमा",""
"2274","कमजोर",""
"2275","छाया",""
"2276","हुरी",""
"2277","चलेको",""
"2278","आवेगमा",""
"2279","घरसंसार",""
"2280","संवेगमा",""
"2281","बल्झेका",""
"2282","विलाई",""
"2283","झर्लान्",""
"2284","ओठमा",""
"2285","चम्के",""
"2286","मुस्कान",""
"2287","भर्लान्",""
"2288","यात्रामा",""
"2289","पहिल्याउँदै",""
"2290","यात्रि",""
"2291","पुग्छन्",""
"2292","मुलबाटोमा",""
"2293","पिर्ने",""
"2294","बाधा",""
"2295","अड्चन",""
"2296","मन्छाई",""
"2297","दिउँला",""
"2298","दोबाटोमा",""
"2299","गाढा",""
"2300","युगौँको",""
"2301","भाइचारा",""
"2302","तोडेर",""
"2303","तोडिन्न",""
"2304","एकदम",""
"2305","पहाडमा",""
"2306","मधेश",""
"2307","नाचौँ",""
"2308","मिलेर",""
"2309","बस",""
"2310","सुन्दरी",""
"2311","ठन्डी",""
"2312","महिना",""
"2313","जाडो",""
"2314","रातो",""
"2315","गाला",""
"2316","च्याउरी",""
"2317","परेछ",""
"2318","ठन्डि",""
"2319","सोल्टिनिको",""
"2320","गालैमा",""
"2321","हातैमा",""
"2322","सुनको",""
"2323","औँठि",""
"2324","लगाइदिउँला",""
"2325","मखमलि",""
"2326","चोलि",""
"2327","सिरबन्दि",""
"2328","सिरमा",""
"2329","सजाईदिउँला",""
"2330","आको",""
"2331","पक्कै",""
"2332","आँटे",""
"2333","बस्छौ",""
"2334","गाउँवैमा",""
"2335","ल्याउँछु",""
"2336","जन्ति",""
"2337","दैलैमा",""
"2338","डोलिमा",""
"2339","चढाइ",""
"2340","पछ्यौरिको",""
"2341","घुम्टो",""
"2342","ओढाइदिउँला",""
"2343","नौमति",""
"2344","बाजा",""
"2345","बजाइ",""
"2346","पाखा",""
"2347","बेसि",""
"2348","घन्काइदिउला",""
"2349","पर्खी",""
"2350","भनि",""
"2351","उठने",""
"2352","कुर्दा",""
"2353","कुर्दै",""
"2354","गएछ",""
"2355","वारि",""
"2356","खोली",""
"2357","देखिन्छ",""
"2358","चिम्ली",""
"2359","छाँया",""
"2360","ठाल्यो",""
"2361","माँया",""
"2362","आफैलाई",""
"2363","लाग्न",""
"2364","तातो",""
"2365","हाँवा",""
"2366","बहिदिन्छ",""
"2367","पोल्ने",""
"2368","निराशाको",""
"2369","दियो",""
"2370","बल्छ",""
"2371","तिनै",""
"2372","वर्षौ",""
"2373","चलेकै",""
"2374","बाँध्यतामा",""
"2375","बाँच्नु",""
"2376","चाहनालाई",""
"2377","पर्खि",""
"2378","संयोग",""
"2379","परिस्थिति",""
"2380","सुरुवात",""
"2381","सम्बन्धमा",""
"2382","बन्न",""
"2383","अन्तिम",""
"2384","बनाउन",""
"2385","संकै",""
"2386","गहिरो",""
"2387","टाढिनै",""
"2388","लेख्या",""
"2389","बिबस्ता",""
"2390","सम्हाल्नु",""
"2391","आँफैलाई",""
"2392","लामो",""
"2393","उज्ज्वल",""
"2394","प्रार्थना",""
"2395","इज्जत",""
"2396","रहनेछु",""
"2397","फुट्यो",""
"2398","छल्केर",""
"2399","बल्यो",""
"2400","झर्",""
"2401","हाँसेको",""
"2402","सपनीमा",""
"2403","गहराको",""
"2404","दहमा",""
"2405","डुब्यो",""
"2406","भरेको",""
"2407","विरहीले",""
"2408","रुवाएको",""
"2409","दुख्यो",""
"2410","जुनका",""
"2411","किरणहरुले",""
"2412","प्रेमपत्र",""
"2413","लेख्दैछु",""
"2414","फुलका",""
"2415","कलीला",""
"2416","खोजिदिनु",""
"2417","यसलाई",""
"2418","भोली",""
"2419","सबेर",""
"2420","खोलिदिनु",""
"2421","मिलेन",""
"2422","मिर्मिरेमा",""
"2423","उशा",""
"2424","खुलेन",""
"2425","रिसायौ",""
"2426","कसो",""
"2427","खुलेको",""
"2428","पठाउछु",""
"2429","भन्थ्यौ",""
"2430","पठाइनौ",""
"2431","सपनामा",""
"2432","आईनौ",""
"2433","बोल्ने",""
"2434","नआए",""
"2435","आजभोलि",""
"2436","छाडेकी",""
"2437","गरेका",""
"2438","कुर",""
"2439","होकी",""
"2440","ढाटेकी",""
"2441","देख्छु",""
"2442","सधैंभरी",""
"2443","भनीगयौ",""
"2444","गरीगरी",""
"2445","कती",""
"2446","निद",""
"2447","बितिसके",""
"2448","कुहिरोको",""
"2449","सरमले",""
"2450","च्याईनौ",""
"2451","बालकको",""
"2452","खेल्ने",""
"2453","प्यार",""
"2454","जती",""
"2455","जाउ",""
"2456","पर",""
"2457","बिर्सने",""
"2458","शितलाई",""
"2459","सुस्ताएझै",""
"2460","छातीमाथी",""
"2461","सम्झेको",""
"2462","posted",""
"2463","by",""
"2464","madhusudan",""
"2465","dhakal",""
"2466","at",""
"2467","7",""
"2468","29",""
"2469","am",""
"2470","no",""
"2471","comments",""
"2472","sunday",""
"2473","july",""
"2474","2017",""
"2475","yati",""
"2476","chadai",""
"2477","kasari",""
"2478","birsu",""
"2479","बिर्सु",""
"2480","सिम्सिमे",""
"2481","पानीले",""
"2482","रुझेको",""
"2483","shiva",""
"2484","shankar",""
"2485","शब्द",""
"2486","किरण",""
"2487","खरेल",""
"2488","संगीत",""
"2489","तथा",""
"2490","शिवशंकर",""
"2491","मोतिजस्तो",""
"2492","पानीको",""
"2493","थोपा",""
"2494","केसमा",""
"2495","तर्केको",""
"2496","सुनबुट्टे",""
"2497","हिड्दहिड्दै",""
"2498","छोइएथे",""
"2499","सुकुमारी",""
"2500","धड्कनले",""
"2501","झन्झनाइ",""
"2502","बजे",""
"2503","तिम्रा",""
"2504","चिर्बिरे",""
"2505","हिंड्ने",""
"2506","दुइजना",""
"2507","छाता",""
"2508","जुलाफी",""
"2509","देखिएथे",""
"2510","राता",""
"2511","आधा",""
"2512","जिउ",""
"2513","पुछेको",""
"2514","थिए",""
"2515","पसिनाका",""
"2516","कपालको",""
"2517","प्रिथ्बीमा",""
"2518","छर्के",""
"2519","भागेकी",""
"2520","थियौ",""
"2521","अलिकती",""
"2522","तर्की",""
"2523","पाउ",""
"2524","रोकिएथे",""
"2525","अचानक",""
"2526","छेकिएथे",""
"2527","परेलीमा",""
"2528","लुकाई",""
"2529","अंगालो",""
"2530","रोक",""
"2531","chorus",""
"2532","बाँधेर",""
"2533","साहारा",""
"2534","अल्झाई",""
"2535","रम्न",""
"2536","बस्न",""
"2537","हृदयको",""
"2538","धुकधुकी",""
"2539","भैदियौ",""
"2540","नदेऊ",""
"2541","बिदाको",""
"2542","भिजाई",""
"2543","झुठो",""
"2544","नरोइदेऊ",""
"2545","भुलिदेउ",""
"2546","तोडिएको",""
"2547","बोलाउने",""
"2548","सायद",""
"2549","अधिकार",""
"2550","बिछोडमा",""
"2551","मरिजाने",""
"2552","खुशीमा",""
"2553","जली",""
"2554","नयन",""
"2555","का",""
"2556","आँसुलाई",""
"2557","बाची",""
"2558","३",""
"2559","बिहानीको",""
"2560","मिर्मिरेसङ्गै",""
"2561","अाँखा",""
"2562","घामको",""
"2563","स्व्यम्भुमा",""
"2564","चाल्दा",""
"2565","चाल्दै",""
"2566","पुगे",""
"2567","पशुपति",""
"2568","मनिसको",""
"2569","विश्वासको",""
"2570","अनुभुति",""
"2571","स्वर्ग",""
"2572","पवित्र",""
"2573","ठाँउ",""
"2574","मानिसमा",""
"2575","हर्शनै",""
"2576","अडिएको",""
"2577","अाअा",""
"2578","धरहरा",""
"2579","वसन्तपुर",""
"2580","रानीपाेखरी",""
"2581","प्रकृतिले",""
"2582","छरिएको",""
"2583","मठ",""
"2584","मन्दिर",""
"2585","पुराना",""
"2586","कलाहरु",""
"2587","पिरो",""
"2588","अचार",""
"2589","भन्दछन",""
"2590","चरीहरुको",""
"2591","चिर्बिरसङ्गै",""
"2592","बागमती",""
"2593","बग्दछिन",""
"2594","टोल",""
"2595","बोलाउछ्न",""
"2596","नवीन",""
"2597","अाँखामा",""
"2598","पाउछु",""
"2599","निन्द्रै",""
"2600","जलाई",""
"2601","लिइ",""
"2602","अंगालोमा",""
"2603","राख्नेछु",""
"2604","टुक्र्याइ",""
"2605","जोड्न",""
"2606","मुहारमा",""
"2607","हाशो",""
"2608","आशु",""
"2609","साझ",""
"2610","बसेको",""
"2611","प्रकृतिमा",""
"2612","आन्धी",""
"2613","जिबनमा",""
"2614","तृष्णा",""
"2615","प्राप्ति",""
"2616","जन्म",""
"2617","मृत्युुको",""
"2618","श्वास",""
"2619","चाहेर",""
"2620","नजिक",""
"2621","कमजोरी",""
"2622","बिवसता",""
"2623","हेरेर",""
"2624","कैयौं",""
"2625","चिसा",""
"2626","बिताए",""
"2627","ऋतु",""
"2628","डुबि",""
"2629","भाग्यमा",""
"2630","गोधुँलीको",""
"2631","सङ्ग",""
"2632","सङ्गै",""
"2633","भएन",""
"2634","मनमै",""
"2635","हल्ला",""
"2636","काट्ने",""
"2637","हुन्छन्",""
"2638","सल्ला",""
"2639","सम्झ",""
"2640","अाफै",""
"2641","रोज",""
"2642","सोच",""
"2643","भावनालाई",""
"2644","छोपी",""
"2645","ईर्स्यालु",""
"2646","हुन्छ्न",""
"2647","बन्छ्न",""
"2648","सम्झनाले",""
"2649","आस",""
"2650","जागी",""
"2651","उत्साह",""
"2652","उमंग",""
"2653","सिर्जिदिन्छ",""
"2654","हावाले",""
"2655","छोइदिदा",""
"2656","वर्षातले",""
"2657","चुमिदिदा",""
"2658","बोलाउछ",""
"2659","डोर्याउछ",""
"2660","बस्दा",""
"2661","बतासले",""
"2662","जिस्काउछ",""
"2663","आफैं",""
"2664","डुबिदिदा",""
"2665","नदिनाला",""
"2666","सुसाइदिन्छ",""
"2667","बतासको",""
"2668","जिस्काइमा",""
"2669","नदिनालाको",""
"2670","सुसाइमा",""
"2671","अतीतको",""
"2672","यादले",""
"2673","झस्काइरहन्छ",""
"2674","बिर्सन",""
"2675","प्रयास",""
"2676","आउँछ",""
"2677","झन",""
"2678","फर्केन",""
"2679","बढायो",""
"2680","दुरि",""
"2681","नराम्रो",""
"2682","गरेकी",""
"2683","नमिठाे",""
"2684","बाेलेकि",""
"2685","पीडाहरु",""
"2686","लुकाइ",""
"2687","सम्झिरहन्छु",""
"2688","बर्सन्छ्न",""
"2689","आखाबाट",""
"2690","अासुकाे",""
"2691","भेल",""
"2692","कठिन",""
"2693","हुनेभाे",""
"2694","मेल",""
"2695","टाढिन",""
"2696","हेऽऽऽऽऽऽऽऽ",""
"2697","तालको",""
"2698","माछीले",""
"2699","पिरीम",""
"2700","नजाने",""
"2701","हुर्रर्रर्रर्रर्रर्र",""
"2702","अइया",""
"2703","हाँगो",""
"2704","नाच्ने",""
"2705","वन",""
"2706","आकाशैको",""
"2707","जुगौं",""
"2708","भाको",""
"2709","बल्ल",""
"2710","औंठी",""
"2711","सिलामुन्द्री",""
"2712","आम्ला",""
"2713","बात्",""
"2714","लागे",""
"2715","जाम्ला",""
"2716","रृण",""
"2717","तिरम्ला",""
"2718","ऽऽ",""
"2719","ऽऽऽऽऽऽऽऽऽऽ",""
"2720","स्बास्स",""
"2721","हुर्रर्रर्रर्र",""
"2722","जुगको",""
"2723","ढुंगे",""
"2724","चकमक",""
"2725","कलीजुगको",""
"2726","सलाई",""
"2727","रातको",""
"2728","निंद",""
"2729","सुर्ता",""
"2730","साध्य",""
"2731","फूलपाती",""
"2732","देउरालीलाई",""
"2733","भाकल",""
"2734","ज्यानको",""
"2735","पाउँ",""
"2736","खाएँ",""
"2737","ऽऽऽऽ",""
"2738","ऽऽऽऽऽऽऽऽऽ",""
"2739","स्याबास्स",""
"2740","ऽऽऽऽऽऽऽऽऽऽऽ",""
"2741","डूब्यो",""
"2742","छुट्टिने",""
"2743","बित्यो",""
"2744","काट्ला",""
"2745","नकाट्ला",""
"2746","नआउला",""
"2747","नहोला",""
"2748","छोटो",""
"2749","नभेटेसम्मलाई",""
"2750","यदि",""
"2751","भेटै",""
"2752","राख्नु",""
"2753","सम्झनलाई",""
"2754","गाँउले",""
"2755","पराई",""
"2756","घरको",""
"2757","भित्रकै",""
"2758","ब्यथा",""
"2759","हाम्रै",""
"2760","हिमालको",""
"2761","शान्ती",""
"2762","मर्यादाको",""
"2763","मियो",""
"2764","सल्केर",""
"2765","दनदनी",""
"2766","मृत्युको",""
"2767","फैलिए",""
"2768","गाँउ",""
"2769","समयको",""
"2770","झेल्ली",""
"2771","खेलैले",""
"2772","ठाँउमा",""
"2773","कोशीस",""
"2774","दिदै",""
"2775","अईया",""
"2776","लछारिनु",""
"2777","पछारिनु",""
"2778","बिनाकारण",""
"2779","खानु",""
"2780","नखाको",""
"2781","बिख",""
"2782","लागी",""
"2783","मरिरहनु",""
"2784","दैबको",""
"2785","स्राप",""
"2786","लाज्ञो",""
"2787","घरैमा",""
"2788","सिस्नो",""
"2789","उम्र्यो",""
"2790","सिमानामा",""
"2791","अडेर",""
"2792","छाती",""
"2793","पैतला",""
"2794","देखी",""
"2795","हत्केला",""
"2796","निधारको",""
"2797","छाला",""
"2798","फुटुन्जेलसम्म",""
"2799","चर्केर",""
"2800","उर्लियो",""
"2801","जंघार",""
"2802","तर्निमा",""
"2803","भक्कनो",""
"2804","रुदै",""
"2805","मुंग्लान",""
"2806","पसे",""
"2807","भाइ",""
"2808","पुर्वै",""
"2809","रेलै",""
"2810","बचनमा",""
"2811","बैर",""
"2812","साँच्चै",""
"2813","त्यागेर",""
"2814","सोचे",""
"2815","पाउँछ",""
"2816","बिधी",""
"2817","गुन",""
"2818","बेरे",""
"2819","बैरी",""
"2820","छुन्न",""
"2821","यसयमयसलिरिक्स",""
"2822","डट",""
"2823","कम",""
"2824","होस",""
"2825","पुर्याउ",""
"2826","रचेर",""
"2827","पुर्खैको",""
"2828","आशिस",""
"2829","सम्झेर",""
"2830","सम्साँझैमा",""
"2831","काग",""
"2832","कराईरह्यो",""
"2833","केको",""
"2834","ल्याउने",""
"2835","मुर्छना",""
"2836","मरेको",""
"2837","गित",""
"2838","सुन्दा",""
"2839","सन्दै",""
"2840","थाकि",""
"2841","सकेँ",""
"2842","क्रुर",""
"2843","परेजस्तो",""
"2844","दुनैको",""
"2845","रोल्पाको",""
"2846","घाउमा",""
"2847","सिरानीमा",""
"2848","फुलै",""
"2849","सिउरी",""
"2850","निदाउन",""
"2851","आदर्शको",""
"2852","बुझ्दिन",""
"2853","छातछुल्ल",""
"2854","पोखिएर",""
"2855","अंगाल्दै",""
"2856","बसेर",""
"2857","एकअर्कालाई",""
"2858","बुझौ",""
"2859","छिचोल्ने",""
"2860","मघुर",""
"2861","गाउँ",""
"2862","नियतिका",""
"2863","खेलहरु",""
"2864","माथि",""
"2865","झरेजस्तो",""
"2866","जगतमा",""
"2867","फगतमा",""
"2868","सुसेलेर",""
"2869","सुस्ताउन",""
"2870","पाउदिन",""
"2871","संघर्षका",""
"2872","भेउ",""
"2873","जताजतै",""
"2874","अल्झिएका",""
"2875","संगाल्दै",""
"2876","बुनौ",""
"2877","विराम",""
"2878","छोडौँ",""
"2879","पि्रत",""
"2880","लाउँ",""
"2881","हुन",""
"2882","सह्रै",""
"2883","असजिलो",""
"2884","उचाईमा",""
"2885","पुगेर",""
"2886","मैदान",""
"2887","भईदिनु",""
"2888","मैदानमा",""
"2889","उकालो",""
"2890","सन्तानहरु",""
"2891","खोलाहरु",""
"2892","स्वच्छन्द",""
"2893","आमाहरु",""
"2894","छेउको",""
"2895","अभिशप्त",""
"2896","अफ्ठ्यारो",""
"2897","गह्रो",""
"2898","भ",""
"2899","ईदिनु",""
"2900","उच्च",""
"2901","उड्दा",""
"2902","सिमलको",""
"2903","उड्यो",""
"2904","समुन्द्र",""
"2905","तरेर",""
"2906","आउदा",""
"2907","साथि",""
"2908","भन्नै",""
"2909","पाइन",""
"2910","भित्रि",""
"2911","झिलिमिलि",""
"2912","इर्ष्या",""
"2913","जाग्दै",""
"2914","धर्ति",""
"2915","उहि",""
"2916","विघ्न",""
"2917","प्रगति",""
"2918","पलायो",""
"2919","एकादेशको",""
"2920","टिपिलान्थे",""
"2921","देशमा",""
"2922","गुँरास",""
"2923","फुल्ने",""
"2924","रोधि",""
"2925","बस्ने",""
"2926","साट्ने",""
"2927","घरबाट",""
"2928","गरू",""
"2929","सुन्ने",""
"2930","सञ्चार",""
"2931","सम्चार",""
"2932","आशिष",""
"2933","पठा'छन्",""
"2934","प्रियसीले",""
"2935","पठा'छिन्",""
"2936","जन्मभुमिले",""
"2937","अभाव",""
"2938","दशा",""
"2939","बिग्रेको",""
"2940","बिग्रेका",""
"2941","लडेर",""
"2942","विरता",""
"2943","डढेको",""
"2944","पोखु",""
"2945","सुन्दिने",""
"2946","शितलु",""
"2947","पारिलो",""
"2948","दाहिने",""
"2949","चन्द्रमा",""
"2950","परोस्",""
"2951","दुबो",""
"2952","फैलिदैं",""
"2953","पाति",""
"2954","मल्किदैं",""
"2955","बर",""
"2956","छाउन",""
"2957","छदैं",""
"2958","बादलुले",""
"2959","हिमाललाई",""
"2960","छेके",""
"2961","आखिर",""
"2962","उजेली",""
"2963","हुनु",""
"2964","बाझ्ने",""
"2965","कुराहरु",""
"2966","होलान्",""
"2967","सम्झि",""
"2968","आवाज",""
"2969","६",""
"2970","निस्के",""
"2971","कर्म",""
"2972","फिर्न",""
"2973","गए",""
"2974","रहि",""
"2975","रहोस्",""
"2976","सार्है",""
"2977","पाहाड",""
"2978","उचाइमा",""
"2979","भैदिनु",""
"2980","होओओओओ",""
"2981","हे.ए",""
"2982","पुग्छन",""
"2983","स्वछन्द",""
"2984","जराहरु",""
"2985","चौतारीहुन",""
"2986","अभिसक्त",""
"2987","छन",""
"2988","अप्ठ्यारो",""
"2989","promoting",""
"2990","nepali",""
"2991","music",""
"2992","तिमिलाइ",""
"2993","सम्हाली",""
"2994","जोगाएर",""
"2995","राख२",""
"2996","गन्दै",""
"2997","हासी",""
"2998","लजाउदै",""
"2999","तेति",""
"3000","पल्टाएथे",""
"3001","हजुरलाइ",""
"3002","बिउझेउ",""
"3003","पागल",""
"3004","प्रेमी",""
"3005","बेहोसी",""
"3006","सम्हाल",""
"3007","नत्र",""
"3008","बौलाउने",""
"3009","जङ्गी",""
"3010","निशान",""
"3011","जिउंदो",""
"3012","रगत",""
"3013","वल्दो",""
"3014","शान",""
"3015","अटल",""
"3016","झुकेन",""
"3017","लत्रेन",""
"3018","जन्मदै",""
"3019","कयौ",""
"3020","प्रहार",""
"3021","साम्राज्य",""
"3022","हारे",""
"3023","हारेन",""
"3024","श्री",""
"3025","रहन्छन",""
"3026","तब",""
"3027","गाई",""
"3028","सारी",""
"3029","साधु",""
"3030","सबको",""
"3031","शरण",""
"3032","अग्लिने",""
"3033","गहिरिने",""
"3034","तालमा",""
"3035","नदी",""
"3036","जन्मै",""
"3037","देखिको",""
"3038","लडाइँ",""
"3039","सकिने",""
"3040","पर्वतहरु",""
"3041","फोरी",""
"3042","दुखेको",""
"3043","दुखै",""
"3044","हिम",""
"3045","पहिरो",""
"3046","छलेको",""
"3047","छलै",""
"3048","छाँगो",""
"3049","छाँगै",""
"3050","छल्क्यो",""
"3051","छुट्ने",""
"3052","धुँदा",""
"3053","सेतै",""
"3054","निलै",""
"3055","निलो",""
"3056","बसेँ",""
"3057","हाँसिरहेथ्यो",""
"3058","लजाउँदै",""
"3059","त्यति",""
"3060","पल्टाएथेँ",""
"3061","बिउँझ्यौ",""
"3062","मरि",""
"3063","चेथेर",""
"3064","नफाल",""
"3065","सिरानमा",""
"3066","फोटो",""
"3067","सेतो",""
"3068","कागतमा",""
"3069","रङ्गले",""
"3070","फूलबुट्टा",""
"3071","पठाछु",""
"3072","जतन",""
"3073","बाचेर",""
"3074","जवाफ",""
"3075","पठाउनु",""
"3076","आकाशै",""
"3077","खुर्पी",""
"3078","तुम्बाको",""
"3079","लोँदुली",""
"3080","छेकनी",""
"3081","भेटघाट",""
"3082","बुझाउनी",""
"3083","पल्ला",""
"3084","घरका",""
"3085","वोइका",""
"3086","चाँदिका",""
"3087","कंगना",""
"3088","हिमले",""
"3089","ल्याउँछ",""
"3090","हिमको",""
"3091","खात",""
"3092","बन",""
"3093","सबले",""
"3094","देख्छ",""
"3095","शितैमा",""
"3096","नओईलाउँदो",""
"3097","त्यही",""
"3098","बुढी",""
"3099","बौसी",""
"3100","भन्छन",""
"3101","गरीब",""
"3102","चोर",""
"3103","चलन",""
"3104","खान",""
"3105","सबैजना",""
"3106","आउँछन",""
"3107","अघी",""
"3108","पछी",""
"3109","आखिरमा",""
"3110","काल",""
"3111","गती",""
"3112","विगतबाट",""
"3113","सिक्ने",""
"3114","हिँड्ने",""
"3115","ठाउँ",""
"3116","शिखर",""
"3117","देखिँदैन",""
"3118","उहिलेको",""
"3119","सकौँ",""
"3120","तराईमा",""
"3121","सीमा",""
"3122","गहिरिए",""
"3123","मेटीँदैन",""
"3124","माफी",""
"3125","सदभाव",""
"3126","छर्न",""
"3127","आगनै",""
"3128","हिउँ",""
"3129","आरु",""
"3130","टिपी",""
"3131","लेकैमा",""
"3132","बैसमा",""
"3133","फूले",""
"3134","मुस्कानमा",""
"3135","सम्झिदेउ",""
"3136","सुम्पिदेउ",""
"3137","सुसाई",""
"3138","दिन्छन",""
"3139","सरगमहरुमा",""
"3140","x2",""
"3141","चाँदनी",""
"3142","बादलु",""
"3143","गाँवैमा",""
"3144","रातहरु",""
"3145","बितिरहेछ",""
"3146","भावनामा",""
"3147","प्रेमलाई",""
"3148","सजाइ",""
"3149","अभावै",""
"3150","तिमीबिना",""
"3151","पोखुँ",""
"3152","सुनाउँ",""
"3153","जागि",""
"3154","रहें",""
"3155","सम्झदैं",""
"3156","रहँदा",""
"3157","नपाई",""
"3158","निदाँएछु",""
"3159","मिर्मिरेमै",""
"3160","बिउँझिएछु",""
"3161","बिन्ति",""
"3162","मेरी",""
"3163","चिट्ठी",""
"3164","कोरी",""
"3165","पठाईदेउ",""
"3166","ह्रिदयका",""
"3167","भावनाहरु",""
"3168","त्यहि",""
"3169","चिट्ठीमै",""
"3170","हेरें",""
"3171","कोरें",""
"3172","चौतारीको",""
"3173","डिलमा",""
"3174","चुल्बुले",""
"3175","कस्तिमा",""
"3176","चियाबारीमा",""
"3177","देख्दा",""
"3178","लाजमानी",""
"3179","हाँसी",""
"3180","लुकी",""
"3181","चियाई",""
"3182","रखे",""
"3183","सुम्पी",""
"3184","गण्डकीको",""
"3185","तिरैमा",""
"3186","लुकिछिपि",""
"3187","खेलेको",""
"3188","फेवा",""
"3189","तालै",""
"3190","डुंगामा",""
"3191","बाराही",""
"3192","घुमेको",""
"3193","नदेउ",""
"3194","छिया",""
"3195","पारेर",""
"3196","नजाउ",""
"3197","नौ",""
"3198","बस्छु",""
"3199","नउडाइ",""
"3200","पराइ",""
"3201","लेकाली",""
"3202","हेहे",""
"3203","चोयाको",""
"3204","डोको",""
"3205","लगाउने",""
"3206","धोको",""
"3207","नपुग्दै",""
"3208","क्यारे",""
"3209","सोल्टी",""
"3210","बरोबर",""
"3211","नढाटी",""
"3212","सम्मै",""
"3213","कलेजिमा",""
"3214","टम्मै",""
"3215","लपक्कै",""
"3216","लाईदिउँ",""
"3217","छपक्कै",""
"3218","बैसैमा",""
"3219","चोलो",""
"3220","पाखुरीमा",""
"3221","टिमीक्कौ",""
"3222","अाखैमा",""
"3223","झिमिक्कै",""
"3224","कर्कलो",""
"3225","बारि",""
"3226","पर्ख",""
"3227","रोइरहनै",""
"3228","नपारि",""
"3229","भेट","प्रेम"
"3230","योवन","प्रेम"
"3231","बोलु",""
"3232","खुसी","हर्ष"
"3233","रमाइलो","हर्ष"
"3234","मिलन","प्रेम"
"3235","सम्बन्ध","प्रेम"
"3236","चिने",""
"3237","मन","प्रेम"
"3238","रमाउद","हर्ष"
"3239","निस्ठुरी","दुखी"
"3240","ढुकढुकि",""
"3241","प्राण",""
"3242","प्यारो","प्रेम"
"3243","माया","प्रेम"
"3244","दुलही","प्रेम"
"3245","प्रभु",""
"3246","मुटु","प्रेम"
"3247","प्रेम","प्रेम"
"3248","दिल","प्रेम"
"3249","आपस",""
"3250","प्रभाव",""
"3251","ज्योति",""
"3252","सीता",""
"3253","ज्ञान",""
"3254","शिव",""
"3255","सृस्टी",""
"3256","पूर्व",""
"3257","शक्ति",""
"3258","माटो",""
"3259","प्रीत","प्रेम"
"3260","अाकाश",""
"3261","अँगालो",""
"3262","मोह","प्रेम"
"3263","पिरती","प्रेम"
"3264","आनन्द","हर्ष"
"3265","कालो","दुखी"
"3266","मायालु","प्रेम"
"3267","पीर","दुखी"
"3268","पियार","प्रेम"
"3269","तिर्खा",""
"3270","मर्नु","दुखी"
"3271","भाबी",""
"3272","भाउजु",""
"3273","दिदी",""
"3274","बैनी",""
"3275","प्रिया","प्रेम"
"3276","स्वामी","प्रेम"
"3277","मार","दुखी"
"3278","स्वर्गे","दुखी"
"3279","गोली","दुखी"
"3280","रून्छन","दुखी"
"3281","बर्षदिन",""
"3282","गम","दुखी"
"3283","किनारै",""
"3284","रानी","प्रेम"
"3285","खोज",""
"3286","मर्ने","दुखी"
"3287","नियती",""
"3288","निभ्छ","दुखी"
"3289","दुखी","दुखी"
"3290","रुन्छु","दुखी"
"3291","गार्‍हो","दुखी"
"3292","परदेश",""
"3293","रमाउँला","हर्ष"
"3294","निधार",""
"3295","भावी",""
"3296","पिढी",""
"3297","आँसु","दुखी"
"3298","सुर",""
"3299","इतिहास",""
"3300","थाक्छु","दुखी"
"3301","सुकेको","दुखी"
"3302","निरास","दुखी"
"3303","दुःख","दुखी"
"3304","गह","दुखी"
"3305","बल्भिईदिन्छु","दुखी"
"3306","हृदय","प्रेम"
"3307","अधर",""
"3308","खाली","दुखी"
"3309","आफन्त",""
"3310","बृक्ष",""
"3311","साधना",""
"3312","सरगम",""
"3313","रोदन","दुखी"
"3314","राम्री","प्रेम"
"3315","मिठा","प्रेम"
"3316","रसिला","प्रेम"
"3317","भुतुक्कै","प्रेम"
"3318","ढुकढुकी","प्रेम"
"3319","मर्छु","दुखी"
"3320","बैंस",""
"3321","रूप",""
"3322","नसालु","प्रेम"
"3323","जवानी","प्रेम"
"3324","ठिटा",""
"3325","लोभि",""
"3326","तितो","दुखी"
"3327","मधुरो","दुखी"
"3328","किनारा",""
"3329","मैंया","प्रेम"
"3330","नपट्टीए",""
"3331","गफ","प्रेम"
"3332","फकाउन",""
"3333","मम",""
"3334","चोबार",""
"3335","प्रिती","प्रेम"
"3336","साटौं","प्रेम"
"3337","सृष्टि",""
"3338","गोर्खाली",""
"3339","सत्रु",""
"3340","तमाम",""
"3341","ईतिहास",""
"3342","पुर्खा",""
"3343","दुख्ख","दुखी"
"3344","निर्दयी","दुखी"
"3345","वीर",""
"3346","सस्कर",""
"3347","पहाडै",""
"3348","देउसी",""
"3349","भाईलो",""
"3350","गर्व",""
"3351","ब्य्था",""
"3352","सहेर",""
"3353","लडॉइ",""
"3354","तराजु",""
"3355","बिकी",""
"3356","बिश्वास",""
"3357","भरोसा",""
"3358","गुम्न",""
"3359","चम्किलो",""
"3360","सफा",""
"3361","बिचार",""
"3362","किनार",""
"3363","आतुर",""
"3364","सङ्हालेर",""
"3365","खोट",""
"3366","दुनिया",""
"3367","आश",""
"3368","जाल",""
"3369","जंगल",""
"3370","आगौ",""
"3371","घामपानी",""
"3372","काखै",""
"3373","बाल्कुनि",""
"3374","बोलाई",""
"3375","कोपिला",""
"3376","निशाद",""
"3377","टुटेफुटे",""
"3378","बाँध्यता",""
"3379","दह",""
"3380","विरही",""
"3381","पत्थर",""
"3382","मायाममता",""
"3383","विस्वास",""
"3384","बाचा",""
"3385","कोख",""
"3386","प्रतिविम्व",""
"3387","टूटी",""
"3388","पाहुना",""
"3389","गुनगुनाउ",""
"3390","रिझाउने",""
"3391","गहिराइ",""
"3392","क्षन",""
"3393","रुवाई",""
"3394","घात",""
"3395","हक",""
"3396","मृत्यु",""
"3397","गलहत्त्याउने",""
"3398","प्रियसी",""
"3399","अंगाले",""
"3400","तिर्खाएको",""
"3401","कुंवा",""
"3402","माफ",""
"3403","लोभी",""
"3404","डुबेछ",""
"3405","भावना",""
"3406","ओठ",""
"3407","रोदीघर",""
"3408","शिशीर",""
"3409","मधुमास",""
"3410","मृगतृष्णा",""
"3411","पुण्य",""
"3412","रमाउन",""
"3413","दाग",""
"3414","श्राप",""
"3415","फाँट",""
"3416","धड्किन्छ",""
"3417","तड्पिन्छ",""
"3418","चोट",""
"3419","स्नेह",""
"3420","बिरह",""
"3421","नरोउ",""
"3422","ढुंगा",""
"3423","वाचा",""
"3424","कुलचिएर",""
"3425","अल्झेछ",""
"3426","चेली",""
"3427","तीज",""
"3428","गरिब",""
"3429","माईती",""
"3430","आषिस",""
"3431","टिका",""
"3432","क्षितिज",""
"3433","इन्द्रेणी",""
"3434","सिर",""
"3435","तिता",""
"3436","प्रसस्त",""
"3437","सान्त्वना",""
"3438","कलीजुग",""
"3439","मर्यादा",""
"3440","सयौं",""
"3441","सार्वभौम",""
"3442","फैलिएका",""
"3443","फूलका",""
"3444","सम्पदा",""
"3445","कोटी",""
"3446","थुँगा",""
"3447","ज्ञानभूमि",""
"3448","शान्तिभूमि",""
"3449","तराई",""
"3450","स्वतन्त्र",""
"3451","आंचल",""
"3452","अखण्ड",""
"3453","मातृभूमि",""
"3454","बहुल",""
"3455","जाति",""
"3456","भाषा",""
"3457","धर्म",""
"3458","संस्कृति",""
"3459","अग्रगामी",""
"3460","राष्ट्र",""
"3461","पुर्खै",""
"3462","दैब",""
"3463","सिमाना",""
"3464","तर्नि",""
"3465","बचन",""
"3466","सम्साँझै",""
"3467","थाकिसकेँ",""
"3468","आदर्श",""
"3469","नियति",""
"3470","फगत",""
"3471","संघर्ष",""
"3472","संघार",""
"3473","आवेग",""
"3474","संवेग",""
"3475","उचाई",""
"3476","सिमल",""
"3477","एकादेश",""
"3478","शहर",""
"3479","जन्मभुमि",""
"3480","उचाइ",""
"3481","पर्वत",""
"3482","तुम्बा",""
"3483","वोइ",""
"3484","विगत",""
"3485","मिर्मिरे",""
"3486","ह्रिदय",""
"3487","डिल",""
"3488","कस्ति",""
"3489","चियाबारी",""
"3490","पाखुरी",""
"3491","सजिएर",""
"3492","बारात",""
"3493","स्वयम्बर",""
"3494","अङ्गालेर",""
"3495","बह",""
"3496","आभाषा",""
"3497","रोएर",""
"3498","ओइलाउन",""
"3499","सन्कोच",""
"3500","मर्यो",""
"3501","गोलि",""
"3502","उडायो",""
"3503","रेलैले",""
"3504","खाँदैन",""
"3505","भूपति",""
"3506","गम्भीर",""
"3507","श्रीमान्",""
"3508","प्रचण्ड",""
"3509","प्रतापी",""
"3510","महाराजाधिराज",""
"3511","सरकार",""
"3512","उन्नति",""
"3513","चिरायु",""
"3514","फैलियोस्",""
"3515","प्रजा",""
"3516","पुकारौ",""
"3517","साधछातीभित्रना",""
"3518","गह",""
"3519","रदेश",""
"3520","स्व्यम्भु",""
"3521","मनिस",""
"3522","विश्वास",""
"3523","हर्श",""
"3524","कला",""
"3525","जिबन",""
"3526","मृत्युु",""
"3527","गोधुँली",""
"3528","वर्षात",""
"3529","सुन्यता",""
"3530","अतीत",""
"3531","अासु",""
"3532","सत्कार",""
"3533","बिउझाउँ",""
"3534","एसिया",""
"3535","शिला",""
"3536","भन्ज्याङ्ग",""
"3537","सानी",""
"3538","सन्काउने",""
"3539","मंसिर",""
"3540","लोभ",""
"3541","आगमन",""
"3542","चुम्यो",""
"3543","झुल्यो",""
"3544","बड्यो",""
"3545","एक्लोपन",""
"3546","रुवाउछ",""
"3547","बिस्तारै",""
"3548","फिँजाई",""
"3549","झरना",""
"3550","कस्ने",""
"3551","वरपिपल",""
"3552","गगन",""
"3553","झुम्यो",""
"3554","छिचोल्दै",""
"3555","नसम्झ",""
"3556","तोड्ने",""
"3557","हसाउछ",""
"3558","डुब्दै",""
"3559","मुक्त",""
"3560","खुला",""
"3561","अन्धकार",""
"3562","उज्याली",""
"3563","अर्द्ध",""
"3564","दीन",""
"3565","सुसन्देश",""
"3566","दुर्दशा",""
"3567","मिचे",""
"3568","भार",""
"3569","पाप",""
"3570","सुधार्न",""
"3571","वर्षा",""
"3572","अप्रित",""
"3573","अफाप",""
"3574","पंछी",""
"3575","सिन्दुरी",""
"3576","खासम",""
"3577","जाली",""
"3578","जुठो",""
"3579","नबोलाउ",""
"3580","बेदना",""
"3581","सुकिली",""
"3582","स्वर्गमै",""
"3583","अंधेरी",""
"3584","फकाउदा",""
"3585","रुन",""
"3586","झुक्दा",""
"3587","चल्छ",""
"3588","अध्यारो",""
"3589","शिता",""
"3590","रित्तो",""
"3591","बसन्त",""
"3592","सरम",""
"3593","बालक",""
"3594","सुस्ताए",""
"3595","केस",""
"3596","तर्के",""
"3597","जाँडरक्सी",""
"3598","रक्सी",""
"3599","ओछ्यान",""
"3600","जाँड",""
"3601","मुथे",""
"3602","गफै",""
"3603","दिर्घायु",""
"3604","अभिसेस",""
"3605","बुन्द",""
"3606","श्रद्धा",""
"3607","पथप्रदर्शक",""
"3608","झल्किरहने",""
"3609","सजाइदिन",""
"3610","स्वाभिमानी",""
"3611","खम्बा",""
"3612","ढोका",""
"3613","फक्री",""
"3614","प्वाँख",""
"3615","रिमझिम",""
"3616","झल्झली",""
"3617","शंहु",""
"3618","सदर",""
"3619","बाडिन",""
"3620","सर्दै",""
"3621","हत्या",""
"3622","नासिन",""
"3623","ठानिसके",""
"3624","जल्छ",""
"3625","बर्षा",""
"3626","प्रतिक्ष",""
"3627","किनारानै",""
"3628","डुबिसक्यो",""
"3629","कांडा",""
"3630","प्रिथ्बी",""
"3631","पोइ",""
"3632","रेशमी",""
"3633","तानेर",""
"3634","हिरो",""
"3635","मोती",""
"3636","स्वार्थी",""
"3637","बिछोड्",""
"3638","तोड्यौ",""
"3639","कामना",""
"3640","प्रीत",""
"3641","रंगाउन",""
"3642","बलिरहने",""
"3643","सदुवा",""
"3644","फराकिलो",""
"3645","सर्वोअंग",""
"3646","पुत्र",""
"3647","संकोच",""
"3648","दुष्ट",""
"3649","बेथलेहेम",""
"3650","येरुशलेम",""
"3651","जीवनधार",""
"3652","नरम",""
"3653","तलाउ",""
"3654","थाम्दैन",""
"3655","सजाऊ",""
"3656","प्रित",""
"3657","मोहनी",""
"3658","बन्दकी",""
"3659","कदर",""
"3660","वाधा",""
"3661","लाडिन",""
"3662","टासिन",""
"3663","सराप",""
"3664","हास्न",""
"3665","थामिदिन",""
"3666","बदला",""
"3667","नशा",""
"3668","गुन्जिने",""
"3669","झर्दा",""
"3670","गल्ती",""
"3671","नाउ",""
"3672","मोति",""
"3673","सावित्री",""
"3674","नक्कली",""
"3675","लुछ्ने",""
"3676","रिसाउने",""
"3677","ट्वाक",""
"3678","गनीगनी",""
"3679","फाल्यौ",""
"3680","छायाँ",""
"3681","सुवाश",""
"3682","भक्ती",""
"3683","शुभकामना",""
"3684","अखन्ड",""
"3685","संध्या",""
"3686","आनिबानी",""
"3687","मुक्ति",""
"3688","जूनि",""
"3689","लुक्न",""
"3690","पाचु",""
"3691","नसम्झिदा",""
"3692","फ़ेर्योउ",""
"3693","हेर्योउ",""
"3694","सेर्योउ",""
"3695","दुर",""
"3696","रहुँला",""
"3697","दृष्टि",""
"3698","मार्योउ",""
"3699","मुवाई",""
"3700","छेक्दिन",""
"3701","खोस्दिन",""
"3702","सिन्दुर",""
"3703","चर्चा",""
"3704","साथीभाई",""
"3705","कुराकानी",""
"3706","मक्ख",""
"3707","बिपनी",""
"3708","शृंगार",""
