words,sentiments
सिरिरि,
हावा,
बग्यो,
सुस्तरी,
एकान्त,
दुनियामा,
मलाई,
फेरि,
उडाई,
लग्यो,
उडी,
रहेको,
भुवा,
जस्तै,
अनन्त,
आकाशमा,
बगाइ,
जाँदै,
छु,
कता,
तिर,
बगेछु,
आकाश,
निर,
आउने,
दिनहरु,
कसलाई,
के,
था,
म,
त,
अहिलेकोलागि,
नै,
बाँचिरहे,
सपनीलाई,
खोज्दा,
खोज्दै,
आफुलाई,
भुलेछु,
आहो.आहै,
आहाहा,
आहाहा.हा.है,
सिरिरिरि,
जिरिरि,
जिरिरिरिरिरि,
हेय,
गाऊढली,
चरी,
मेरो,
मन,
कि,
पारी,
आज,
कता,
भगेछ,
हम्म्म,
वोरी,
को,
हरयाली,
हेरा,
माझेस,
सलल,
बगी,
रहने,
कलल,
खेली,
यो,
तीस्त,
खोला,
बगेको,
नै,
देखिन,
दाहिना,
आयू,
कस्तो,
बेला,
अल्लारे,
जोवन,
कसलाई,
दिन्ने,
हे,
पौनु,
तह,
यहा,
धेरै,
लौनु,
माया,
न,
पौने,
दुई,
दिन,
जिन्दगी,
म,
कति,
पिरौने,
लिन्ने,
थोरै,
कसरी,
पुग्ने,
लागेर,
जानु,
कहिनै,
छैन,
साथी,
थुपार्ने,
सीतल,
हावा,
बग्यो,
मनै,
रहर,
औने,
दिन्न,
हरु,
होला,
थाहै,
मनमा,
कस्ता,
कुरा,
रहन्छ,
अस्तित्व,
खोजी,
रहे,
आजा,
सम,
पाई,
मै,
रयो,
कसैलाई,
मो,
के,
भनुँ,
साँझेको,
पाएको,
सोडउम,
चारै,
तिर,
चललल,
कंगचेन्जुंगा,
हिमालले,
ढकयो,
संसार,
पहरामा,
पनि,
शान्ति,
जौ,
हैनकि,
त,
तल,
खोला,
बग्यो,
सलल,
फर्की,
नआउने,
यो,
पल,
आ.है,
पाउने,
त,
यहाँ,
कति,
नपाउने,
पिरती,
ऋतुहरु,
बदलिएछ,
समय,
पनि,
तर,
मन,
मेरो,
कहिले,
न,
बदलिनु,
छातीको,
पिरलाई,
छोडिदेउ,
मनको,
ढोकालाई,
खोलिदेउ,
खुशीले,
नाचौ,
है,
हामी,
सारा,
जन्मका,
जुन,
तारो,
युगहरु,
ढलेछ,
दिन,
यौवन,
नै,
ढल्दैन,
आजसम्म,
आउदछ,
तिम्रैनै,
यादहरु,
यौवनको,
बगेछ,
आज,
रगतहरु,
लाग्छ,
जिन्दगीमा,
केहि,
अधुरो,
हेर्दा,
हेर्दै,
बितिसकेछ,
जीवन,
हो,
जिउने,
छु,
म,
खोलेर,
मरेपछि,
लानु,
के,
छ,
बोकेर,
दिन,
पनि,
मेरो,
माया,
रात,
तिम्रै,
नै,
समझना,
मायालु,
लाई,
सम्झी,
मत,
गरिरहेछु,
यहा,
कल्पना,
एती,
खेर,
भई,
सक्यो,
औने,
कि,
नूउने,
ढाली,
आजो,
कति,
पर्खौने,
लाहाइन,
को,
जालमा,
फ्शहयो,
नि,
हैन,
हेर्दा,
हेर्दै,
योवान,
ढली,
आहाहाअ,
हाआ,
लैजौना,
मलाई,
तिमी,
सँगैइनै,
सहरमा,
मोटर,
म,
छरेर,
जाने,
छु,
सँगै,
अहहहाहहा,
अहहहाआअ,
आकास,
भरि,
नौंलाखे,
तारा,
झलल,
बलिरहे,
छौ,
है,
तिमी,
कति,
टाढा,
सुनसान,
छ,
यहाँ,
चारैतिर,
त्यो,
पारी,
गाँउमा,
बिजुली,
बत्ति,
जलेछ,
झ,
ल,
हावा,
चल्यो,
सरर,
हल्लाईदियो,
पिपल,
रुख,
रातकी,
रानी,
उलेछ,
मगमगे,
बासना,
छरिएछ,
जहाँ,
जिवन,
यसै,
बित्ने,
हो,
कि,
अधुरो,
भेट,
भयो,
आज,
हामी,
सिन्डिकेट्को,
माझ,
उभिएछु,
तिम्रो,
बगल,
मा,
बिजि,
तिमी,
मोबाइल,
हेरेछु,
खीलेको,
योवन,
नाम,
थाहा,
छैन,
तर,
मलाई,
पर्वाहा,
बोली,
केही,
रहेछौ,
है,
आँखाले,
भनिरहेछौ,
बोलुं,
त,
के,
भनेर,
डर,
पनि,
लाग्छ,
सोचेर,
जाने,
सिलिगुरि,
म,
सिक्किम,
तिर,
खुसी,
छु,
तिम्रै,
भुले,
सारा,
संसार,
संग,
नै,
जान,
भए,
कति,
रमाइलो,
हुने,
थियो,
भन्नत,
कस्तो,
यो,
मिलन,
हाम्रो,
बीस,
मिनेट,
को,
सम्बन्ध,
पाएर,
नपाए,
जस्तो,
चिनेर,
नचिने,
जिन्दगी,
यस्तै,
हो,
र,
आफ्नै,
बाटो,
जानू,
छदै,
छर,
हेरेको,
झै,
घरि,
हेरे,
घरिघरि,
फर्की,
हेर्छु,
आशा,
सरि,
हुउ,
मनमा,
सोच्दै,
रमाउद,
संगै,
भएको,
कल्पना,
गर्छु,
दर्के,
पानी,
पर्यो,
भिजेर,
चुर,
ओत,
लागि,
आफ्नो,
गाडी,
पर्खिरहे,
भिजेछु,
रहर,
ले,
सबै,
चढ्न,
थाल्यो,
कमाण्डर,
हर्न,
सुनी,
कलिम्पोङ,
टु,
भन,
निस्ठुरी,
चडेर,
गयो,
कता,
छाडी,
राख्यौ,
यतै,
कहिले,
काहिँ,
कता,
बाटो,
हुन्छ,
तरै,
पनि,
एक्लै,
हिंड्नै,
परछ,
है,
एउटै,
साथी,
यहाँ,
छोडेर,
हिंडनै,
म्म्म्म.ह्म्म्म्म.ह्म्म्म्म.ह्म्म्म्म.आहा,
म्म्म्म.ह्म्म्म्म.ह्म्म्म्म.ह्म्म्म्म.आहाहा,
नाचुँम्ला,
भन्थे,
सँधै,
तिम्रै,
दिलमा,
जिवनको,
बाटोले,
ल्यायो,
निलौ,
याहाँ,
यसरी,
नै,
सबै,
बिर्सेर,
ओहो.ओहोहोहोहो,
बसुम्ला,
छेउमा,
संसारको,
रितले,
पार्यो,
तुरमा,
यसैले,
हिँडे,
आहाहाहाहाहाहा,
आकाशैमा,
तारा,
जुनेली,
रात,
कलकल,
खोला,
बगेको,
तिमी,
र,
म,
बसि,
हेरि,
रहे,
जुनकिरी,
नाचेको,
आशै,
आशमा,
हिडिरहेछु,
आज,
पाउन,
के,
छ,
भागी,
जाउँ,
संसारको,
रित,
यस्तै,
नै,
हो,
सबै,
छाडि,
जाने,
व्यर्थको,
कुरामा,
अल्झी,
जिन्दगी,
बिताउने,
पो,
उड्न,
त,
मन,
लाग्छ,
कता,
हा,
यहाँ,
छाडी,
राखी,
हे,
आ,
आजको,
यो,
फेरी,
मलाई,
रहरले,
बिउँझायो,
कल्पनाहरु,
मेरो,
आँखाभरी,
बनि,
छायो,
मिठो,
यतै,
बसिदे,
भए,
हुन्थ्यो,
बिहानी,
आउनु,
अघि,
हे,
अाकाशलाई,
छुने,
संसारलाई,
ढाक्ने,
विशाल,
तिम्रो,
डाल,
उडेको,
बादलले,
छोपेको,
मुहार,
लजाउने,
चाल,
हजारौँ,
छ,
रुप,
मननै,
नमेटिने,
जति,
हेरेपनि,
राखेछौ,
अँगालोमा,
लिएर,
साथमै,
तिमीले,
हामीलाई,
जुनि,
home,
calling,
के,
जानुछ,
सबै,
मोह,
मायामा,
यहाँ,
अल्जेछ,
चाहिने,
हामिलाई,
कति,
हो,
संगै,
मिलि,
जुल्न,
लेखेकै,
हाम्रो,
नबुझ्नेले,
नबुझेपछि,
त्यो,
मेरो,
भन्दै,
भए,
बर्बाद,
याद,
अाउँछ,
अब,
त,
यस्तै,
हाल,
मै,
माया,
अाउँदैछ,
ॐ,
मानी,
पाद्मे,
हुम,
डढेलो,
लाग्यो,
त्यो,
पारी,
डाँडा,
साँझतिर,
लौ,
है,
फेरी,
मनमा,
मेरो,
पीर,
बतासमा,
फैलियो,
आगो,
सररर,
यादहरू,
तिम्रो,
फर्केर,
आयो,
झललल,
बुझाईदेऊ,
न,
जलीराने,
यो,
मन,
पक्डिदेउ,
उडीराने,
चारैतिर,
अँध्यारो,
नै,
छ,
आजसम्म,
सपनाहरु,
अधुरो,
कसरी,
बुझाऊँ,
नबुझ्ने,
रहरहरु,
दिन,
र,
रातझैँ,
कहिल्यै,
नमिल्ने,
पानी,
पर्यो,
सरर,
छाना,
बज्यो,
गरर,
मनमा,
उठ्यो,
आज,
मेरो,
आनन्दको,
लहर,
हिजोको,
विपना,
भएछ,
सपना,
ए,
कान्छी,
कति,
चाँडै,
बितेको,
यो,
जीवन,
भिज्यो,
कालेबुङ,
सहर,
कालो,
बादल,
चढि,
फर्की,
आयो,
असार,
ल,
है,
जिन्दगी,
कहिले,
घाम,
लै,
बरी,
माया,
नै,
सबै,
भन्दा,
ठुलो,
कुरो,
रैछ,
नि,
चारैतिर,
निला,
आकाश,
छायो,
वरिपरि,
लागेको,
कुहिरो,
हरायो,
मनलाई,
साँचो,
राखी,
हिँडिरहेछु,
म,
तिम्रो,
साहारामै,
बाँचिरहेछु,
मायालु,
पर्याे,
छाेडा,
बग्याे,
फर्कि,
अाए,
तिम्रै,
तिर,
छाडी,
सारा,
संसार,
अाज,
बितेकाे,
याे,
भिज्याे,
कालाे,
चडि,
अायाे,
बरि,
अाे,
नानी,
देउराली,
डाँडाको,
शीतल,
हावामा,
सारा,
जंगलनै,
नाच्यो,
है,
तिमी,
बिनाको,
जीन्दगानी,
म,
कसरी,
नै,
त,
काटुँ,
रेलमा,
चढी,
जानेछु,
टाढा,
छाडी,
यो,
सबै,
संसार,
अाउने,
दिनको,
अाशा,
राखि,
अघि,
बढेछु,
त्यो,
पारि,
जीउन,
फेरि,
मन,
लाग्यो,
अा,
हा,
जति,
हिँडे,
उति,
लाग्छ,
पुग्न,
त्यहाँ,
हेर,
न,
दिन,
ढलिसक्यो,
तिम्रै,
कल्पनाको,
समुन्द्रमा,
डुबिरहने,
कस्तो,
मनको,
खाँचो,
अब,
पुग्ने,
छ,
मेरो,
इच्छा,
पाउनेछु,
गरेको,
प्रतिक्षा,
माया,
दुनियाको,
मोह,
मायामा,
मलाई,
धेरै,
नअल्झाउ,
एउटै,
भएको,
जसरी,
घर,
बार,
तिमीलाई,
पाउने,
राम,
साइली,
म,
त,
यौवनको,
पिरले,
गम,
खाए,
यसै,
खोला,
किनारैमा,
ढलपल,
गर्छन,
बादल,
माथी,
बादलकी,
रानी,
नबिर्सने,
तिमीलाई,
टाढा,
भए,
पनि,
चिसो,
हावा,
बग्यो,
मुटु,
नै,
भिज्ने,
यसरी,
हो,
कि,
मेरो,
जिन्दगी,
बित्ने,
जिन्दगीको,
खोजमा,
बिरानो,
शहरमा,
कीनारैमा,
दार्जिलिङको,
रेल,
गाडी,
छुक,
गर्दै,
अघि,
बढी,
बूढापाखा,
यौवन,
सबैलाई,
समेटी,
हिँडी,
बितीसके,
कति,
जीवन,
आयो,
फर्कि,
बढेछौ,
है,
तिमी,
रूक्ने,
न,
कहिल्यै,
पनि,
संसार,
म,
छाडी,
आएँ,
जस्तै,
हैन,
अर्को,
बतासे,
डाँडा,
काटेर,
फेरी,
फर्केर,
इंजिन,
धुँवा,
उडाई,
कु,
गरी,
सिटी,
बजाई,
संसारको,
भीड़मा,
आज,
भागेछु,
तिम्रो,
र,
मेरो,
माझ,
पुरानो,
यो,
बन्धन,
अझ,
लैजाऊ,
मलाई,
तिमीसँग,
जिउन,
यहाँ,
गार्हो,
भयो,
आ,
हा,
दुई,
दिनको,
जिन्दगानी,
मर्नेछौं,
सबै,
हामी,
जिउनेछु,
माया,
नमारी,
मनभरी,
बोकी,
समझन्छु,
घरी,
गर्न,
धेरै,
तर,
टाढा,
त,
जानु,
छ,
जित्नु,
नसक्ने,
केहिँ,
नरैछन्,
हो,
साथ,
भएदेखि,
तिम्ले,
हात,
थामेदेखि,
जीतीदिन्छु,
आकाश,
चुमिदिन्छु,
हरियाली,
चारैतिर,
जतातिर,
हेर,
भरिएको,
चीयाबारी,
उकाली,
ओराली,
काटी,
कहिल्ये,
काहीँ,
सम्झी,
याद,
आउछ,
बेस्सरी,
हिँडेछु,
त्यो,
पारी,
चढेर,
जानेछु,
केटी,
मनको,
हुन्न,
केही,
भर,
हैन,
र,
केटा,
मायामा,
डर,
यो,
मनलाई,
त्यो,
मन,
को,
खबर,
छैन,
बग्दै,
जाने,
रहर,
रातले,
जुनलाई,
चाहे,
जस्तो,
दिनले,
घामलाई,
पाए,
अजम्बरी,
लाउँला,
पिरती,
हो,
लुकामारी,
खेल्छ,
किन,
घाम,
जुन,
अनि,
पो,
हुन्छ,
रात,
दिन,
आफ्नै,
आकाश,
धर्ती,
हाम्रो,
होला,
साँझ,
बिहान,
खै,
के,
ले,
खान्छ,
नि,
कुटु,
मेरो,
कैले,
तितो,
मिठो,
यस्तो,
कथा,
रैछ,
माया,
मुटुको,
सुन,
घामपानीले,
मायालाई,
छुन्छ,
रंग,
मधुरो,
किनाराले,
नदीलाई,
डोर्याए,
नदीले,
सागर,
केटी,
हे,
दाजु,
नसमाऊ,
नाडीमा,
जान्न,
म,
त,
डिजेलको,
गाडीमा,
हिलो,
लाग्ला,
नाइलनको,
साडीमा,
केटा,
सानु,
समाऊ,
न,
घुम्न,
जाऊ,
बाइस,
वर्ष,
लागिसक्या,
फिलै,
नहुने,
मैंयाहरु,
कति,
भेटे,
दिलै,
ट्यालेन्ट,
स्यालेन्ट,
केही,
नचाहिने,
सपना,
सलमान,
खानको,
केटाहरुलाई,
झुलाएर,
ड्रिम,
समवनको,
पनि,
भिनाजुको,
सिंगल,
सालो,
गोरो,
खोज्छौ,
यता,
ह्यान्डसम,
कालो,
नपट्टीएसम्म,
अनेक,
गफ,
गर्ने,
मिसन,
पुरा,
भएपछि,
मोबाइल,
अफ,
हो,
घरमा,
राम,
तिमी,
बाहिर,
कृष्ण,
जस्तो,
फकाउनलाई,
जे,
नि,
भन्छौ,
कुरा,
कत्ति,
सस्तो,
ड्याड,
ममको,
छोरी,
पाउनलाई,
गार्है,
पर्ला,
यती,
राम्री,
गोरी,
गोदावरी,
बनैमा,
राख,
मलाई,
मनैमा,
आउन,
माया,
संगै,
बसौं,
न,
चोभारैको,
डाँडइमा,
काखैमा,
लौ,
प्रिती,
साटौं,
हे,
शनिबार,
बिहानै,
हिडे,
फिलिम,
हेर्नलाई,
तिमी,
आउने,
बाटो,
हेरी,
म,
त,
कुरी,
बसे,
है,
बसेहै,
बाल्कुनिको,
कुनामा,
फिल्म,
हेर्ने,
धुनमा,
अँध्यारोमा,
छाम्मछुम्म,
तिम्लाई,
गरे,
सुन्दरीजल,
खोलामा,
बुक,
राखी,
झोलामा,
पढ्नी,
गरौँ,
चन्द्रगिरि,
डाँडईमा,
डेटिंग,
गाको,
बेलैमा,
हो,
लब्ली,
सेल्फी,
हानौं,
बसौ,
ड्दैमा,
काखेमा,
हे,
कान्छी,
एकोहोरो,
माया,
नलाएकै,
बेस,
आफ्नै,
बाटो,
हुनेछ,
पाइला,
छुट्टै,
चल्नेछ,
झुटो,
कसम,
नखाएकै,
त्यो,
धेरै,
नै,
छन्,
यात्रा,
गर्नु,
काँडामाथि,
हिड्छु,
भनें,
उठे,
पनि,
हजार,
बार,
लड्छु,
जानी,
जिन्दगी,
यो,
व्यर्थै,
हो,
नजलाएकै,
अधुरो,
बन्ला,
प्रेम,
कहानी,
म,
संग,
लायौ,
भने,
डाँडई,
काटी,
जानु,
पर्दा,
पछि,
धायौ,
बैस,
किन,
नफालेको,
जे,
भन्छौ,
तिमी,
मलाई,
चुपचाप,
म,
सहिदिन्छु,
घाम,
अनि,
बादल,
जस्तै,
धेरै,
टाढा,
गइदिन्छु,
चाह्यौ,
तिमीलाई,
मैले,
सबै,
कुरा,
दिएकै,
थिएँ,
तिम्रो,
खुशीलाई,
आफ्नै,
भनी,
तिम्रै,
आशमा,
जिएँ,
अब,
भइगो,
केही,
भन्दिन,
बिदा,
भइदिन्छु,
केटा,
छाइदियौ,
तिमी,
मेरो,
जीवनमा,
खुशीको,
बहार,
बनेर,
आइदियौ,
संसारमा,
सृष्टिको,
उपहार,
केटी,
नदेखें,
तिमीलाई,
एकै,
छिन,
आकाश,
खसे,
झैं,
लाग्छ,
नबोले,
पल,
धर्ती,
भास्से,
बाटो,
काटी,
नहिड्नु,
है,
नदेखे,
गरी,
यस्तै,
खुशी,
माया,
दिन्छु,
सधैं,
भरीलाई,
हो,
फूल,
त्यसै,
कहाँ,
फुल्छ,
र,
गोडमेलै,
नगरी,
बनिदिनु,
दिलैको,
नाम,
चौतारी,
फूल,
या,
हो,
जून,
मेरो,
माया,
कुन,
कुन्नी,
के,
को,
आभास,
यो,
छुन,
भनौं,
भने,
काँडा,
बिझिदेला,
टाढा,
बसिदेला,
सूर,
धुन,
रुप,
हेर्यो,
कति,
राम्रो,
आँखै,
लोभ्याइ,
जाने,
एकोहोरो,
हेरिरहें,
होसै,
उडाइ,
लाने,
चांदी,
सुन,
सानीलाई,
छोएर,
बगेको,
पानी,
खाइदिऊला,
मै,
मरी,
जाउँला,
छोई,
कसम,
खाइदिउंला,
लैजाउँला,
म,
पनि,
आउँला,
संगसंगै,
साइनोले,
बाँधिदिउंला,
हो,
दुई,
वचन,
मीठो,
गरि,
बोलि,
देऊ,
न,
नगरी,
कुनै,
बहाना,
मनको,
कुरा,
नलुकाई,
खोलिदेउन,
यही,
नै,
मेरो,
चाहा,
ना,
आकाश,
बाँधी,
जुन,
तारा,
टिपेर,
सिउँदो,
भर्रौंला,
मायाले,
बाँधे,
मन,
त,
के,
छ,
र,
ज्यानै,
दि,
दिउंला,
बहेको,
हावा,
नदेखे,
झैँ,
गरे,
सहि,
देखे,
सरि,
भो,
कहाँ,
सयौँ,
खोला,
तरिदिउंला,
तिम्रो,
लागि,
तिमी,
छौ,
जहाँ,
वहाँ,
पठाउनेलाई,
पछि,
आइदिउंला,
गर्दिन,
है,
बैमानी,
जुनी,
तिम्रै,
भैदिउंला,
खाईदिउंला,
संग,
संगै,
केटा,
दुई,
चुल्ठी,
बाट्नेलाई,
पटुकी,
कस्नेलाई,
लैजाउं,
लाग्छ,
हौ,
केटी,
ढाका,
टोपी,
लाउनेलाई,
त्यो,
आँखा,
सन्काउनेलाई,
रोजूं,
मन,
मिले,
साटौंला,
चोखो,
माया,
गांसौंला,
ज्यानै,
दिए,
डांडई,
काटौंला,
डांड्यै,
सिम,
खेतलाई,
सिमकै,
पानी,
टारी,
कुलो,
यो,
संसारमा,
सबै,
भन्दा,
रैछ,
ठुलो,
कलकल,
बग्ने,
मूलको,
अन्जुलीले,
पिउंला,
साँचो,
दिन्छौ,
भने,
सुम्पीदिउँला,
वरपिपललाई,
साँची,
राखी,
आजै,
कसम,
खान्छु,
राजीखुशी,
भयौ,
यहि,
मंसिरमा,
लान्छु,
कहिले,
वारी,
पारी,
व्यर्थ्यै,
किन,
धाउनु,
मनले,
रोज्यो,
तिम्लाई,
घरमै,
माग्न,
आउनु,
केटी,
चोखो,
माया,
दिए,
पुग्छ,
मलाई,
चाहिदैन,
सुन,
चाँदी,
न्यानो,
तिम्रो,
हृदय,
को,
कुना,
राखी,
केटा,
सहन,
सक्दिन,
म,
तिम्ले,
अरु,
कसैलाई,
जानी,
नजानी,
छोएको,
यो,
मन,
कल्पी,
दिन्छ,
मनमा,
पीडा,
हुन्छ,
कसरी,
सम्हालू,
खोइ,
मेरो,
ज्यानलाई,
साथ,
विना,
जीवन,
अधुरो,
रहन्छ,
पाए,
जूनी,
सजिलै,
काटिन्छ,
तिमीलाई,
नै,
हेरे,
कुरा,
गरी,
आफै,
हराउछु,
हात,
थामी,
त्यो,
बाटो,
ल्याइदिउंला,
तिलहरी,
बुलकी,
इ,
आगौको,
सालैमा,
धपक्कै,
पियारी,
सिरानी,
राइफलको,
मारुनी,
मन,
भने,
नाच्छ,
नि,
छमछम,
छम्,
थपनि,
मुटुमै,
सपनी,
तिम्रो,
नै,
आउछ,
झनझन,
झन्,
जहिले,
दोधारे,
तीर,
कहिले,
होला,
ल्याउंला,
लाइरने,
तेइ,
माया,
गाइरने,
विरह,
मुटुले,
पलपल,
पल्,
बिहानी,
साँझै,
र,
आइरनी,
झझल्को,
आँखैमा,
झलझल,
झल्,
गाउँघर,
तहिले,
चंगा,
यो,
भेट,
केटा,
म,
यस्तो,
गीत,
गाउँछु,
गाउछु,
जुन,
प्रेम,
बनोस्,
केटी,
हर,
माया,
गर्ने,
जोडीले,
आफ्नै,
भनोस्,
बनोस,
राम्रा,
सपना,
होस्,
त्यहाँ,
मिठा,
विपना,
दुई,
मुटु,
एक,
धड्कन,
हुन्छ,
जहाँहाँहाँ,
नियालेर,
मेरो,
आँखामा,
हेर,
पाउँछौ,
चित्र,
सजाई,
सक्या,
छु,
मैले,
तिमीलाई,
यो,
भित्र,
हो,
भन्दा,
प्यारो,
लाग्दो,
रैछ,
तिम्रो,
जीवन,
वसमा,
कहाँ,
हुँदो,
र,
मन,
हुदो,
डुल्छ,
तिम्रै,
वरिपरी,
भुल्छ,
सम्झीएर,
घरी,
घरीरीरीरी,
मन,
दिन्छु,
मुटु,
फेर्नुपर्ने,
सास,
घटी,
बढी,
होइन,
सधैं,
माया,
एकनास,
कसम,
हो,
तिमीसंग,
कहिले,
हुने,
छैन,
दूर,
ए,
मेरो,
हजुर,
कुरा,
गर्ला,
दुनियाले,
गरोस्,
हाम्रो,
के,
नै,
जान्छ,
बुट्टा,
भर्ला,
अनेक,
भरोस,
हुम्मम,
हेर्दै,
जाँदा,
दुनियाँ,
यो,
बदलेला,
जरुर,
तिमीविना,
पुरा,
हुन्न,
सत्य,
म,
त,
टाढा,
हुन्छु,
रंग,
तिमी,
संगै,
सादा,
बिना,
तिम्ले,
गर्दा,
पाएको,
छु,
खुसि,
भरपुर,
केटा,
टक्क,
टाकन,
टुकुन,
केटी,
रुरुरुरुरुरुरु,
तिन,
पाथी,
मकै,
दुई,
कोदो,
घट्टैमा,
पिनेर,
आईपुगें,
म,
त,
हजुरलाई,
भेट्न,
घर,
धन्दा,
छिनेर,
माया,
हातमा,
रुमाल,
हल्लाऊदै,
सिरैमा,
सिरफुल,
निधारमा,
टिकी,
क्या,
राम्री,
भाकी,
छेउ,
भाकीछेऊ,
मै,
सित,
पिरिम,
परेर,
होला,
भेट,
गर्न,
आकी,
छेऊ,
मोरी,
राती,
दौडिदै,
हजुरको,
सत्कारमा,
लाटी,
आँखामा,
गाजल,
लाउनै,
भुलेछु,
मैले,
हतारमा,
लत्पतिएको,
ओठको,
लाली,
तै,
पनि,
सुहाको,
हे,
आजै,
हो,
जीवनमा,
पैले,
पिरतीले,
नुहाको,
केटा,
भन्छु,
आज,
मनका,
कुरा,
सुन्छ्यौ,
भने,
तिमी,
जुनी,
सम्म,
मेरै,
हुन्छ्यौ,
केटी,
हम्,
सुन्छौ,
हुन्छौ,
जिन्दगीको,
कुनै,
मोडमा,
रुनुपर्यो,
आफ्नै,
सम्झी,
परेली,
छुन्छ्यौ,
र,
छुन्छौ,
तिम्रो,
साथमा,
भए,
हाँस्न,
सजिलो,
हुन्छ,
मलाई,
भविष्य,
सम्झिएर,
बाँच्न,
मेरा,
खुशी,
सबै,
नै,
तिम्लाई,
दिन्छु,
मेरो,
ती,
हातले,
यी,
तिमीबाहेक,
अरु,
छैन,
जीवनमा,
ठुलो,
पुरा,
हुँदैन,
केही,
अधूरा,
सुम्पिदिन्छु,
तिमीलाई,
जिन्दगी,
हो,
सुन,
साइँली,
परदेशबाट,
म,
आउला,
चालीस,
कटेसी,
रमाउला,
दियोमा,
बत्ती,
हुरुरु,
सम्झी,
कहिले,
नरुनु,
निधारमा,
नाम्लो,
बरियो,
भाबीको,
खेलमा,
परियो,
खोलामा,
पानी,
कलल,
गाउँघरको,
तस्बीर,
झलल,
पिढीमा,
जाँतो,
घरर,
झर्दो,
हो,
आँसु,
बरर,
केटा,
कुटुमा,
कुटु,
केटी,
सुपारी,
दाना,
हेर्दामा,
जीउ,
ज्यान,
खाइलाग्दो,
जागिरे,
मर्द,
बलियो,
इमान्दारी,
केटोलाई,
जोवन,
दिने,
मन,
थियो,
खैनी,
चुरोट,
खान्छौ,
कि,
दांतै,
कालो,
छ,
हजुर,
ओठै,
दिदिको,
मगनी,
भैसक्यो,
मेरै,
पालो,
यसपाली,
हिउंदो,
महिनामा,
बिहे,
नगरी,
भा’छैन,
कन्याको,
ठहर,
ठेगाना,
केही,
पानी,
टूङ्गो,
ला’छैन,
कोरीबाटी,
चट्ट,
कपाल,
लाली,
ओठैमा,
झ्याप्पै,
कदम,
रोकियो,
फुलको,
बोटैमा,
ए,
बिर्कोमा,
ला’को,
चिनीमा,
कसरी,
पस्यो,
कमिलो,
डाँडाबारीको,
सुन्तला,
गुलियो,
आमिलो,
राजाको,
हात्ती,
मै,
सित,
सौ,
तोला,
सुन,
ल्हासाको,
पढाई,
लेखाईमा,
अब्बल,
छु,
वैज्ञानिक,
बन्छु,
नासाको,
बघिनिको,
छोरीलाई,
कुखुराको,
भालेले,
ठुल्ठुला,
कुरा,
गरेर,
पट्याउन,
आँट्यो,
कालेले,
छिमेकी,
हुँ,
म,
बाघैको,
सन्तान,
काली,
नागैको,
तिमी,
त,
रैछ्यौ,
मितिनी,
कोइली,
होइन,
कागैको,
मनमा,
मिले,
मेला,
नमिले,
झमेला,
आजै,
गरौँ,
रमाइलो,
भोलि,
के,
होला,
फ्यान्टास्स्टिक,
वओउन्डरफुल,
हुनेथियो,
लाइफ,
मेरो,
मन,
को,
तालैमा,
हाने,
तिम्ले,
डाइभ,
एक्लो,
जिबनको,
परब्लम,
भुलेर,
हे,
आउ,
नाचौ,
पातली,
झमझमी,
रुझेर,
पानी,
पर्यो,
असिना,
झर्यो,
दाईको,
रुमाल,
भाउजुलाई,
मनपर्यो,
इलास्टिक,
जस्तै,
तन्किने,
न,
राखौला,
फेसबुकमा,
सेल्फी,
खिचेर,
हेप्पी,
तिमी,
भयौ,
म,
पनि,
हो,
निर,
जैले,
रिसाउनी,
कैले,
होला,
माया,
संग,
मिसाउनी,
मै,
फकाउनी,
सधै,
आखुम,
रिसाउदा,
पीरम,
कल्ले,
बचाउनी,
हे,
सेती,
बगर,
मन,
परेको,
मायालुको,
नमार,
मायालु,
को,
मनको,
भारी,
बोझ,
हुदा,
हु,
बिसाउनी,
ए,
रिसाऊदा,
के,
पो,
पिरती,
चखेवाको,
जोडी,
जस्तै,
हाम्रो,
घरिघरि,
टोलाउंछु,
अनि,
हुन्छु,
झसंगै,
यो,
माया,
भन्ने,
चिज,
त,
रैछ,
अचम्मै,
हो,
सधै,
हिड्ने,
बाटो,
लाग्छ,
नयाँ,
छातीभित्र,
सल्बलाउने,
चाल,
आशा,
चाहना,
मुस्कुराने,
बहाना,
सपना,
मिठो,
सजाउंछु,
म,
दंगै,
येशूको,
छातीमा,
ढुकढुकिने,
आँखैमा,
बसिरहने,
२,
प्राणभन्दा,
प्यारो,
छ,
आफ्नो,
रगतले,
किनेको,
साइनो,
माया,
यो,
क्रूसको,
कहिले,
नमेटिने,
मण्डली,
हामी,
हौँ,
ख्रीष्ट,
दुलही,
प्रभुको,
सम्बन्ध,
गहिरिएको,
मन,
मुटु,
खिलिएको,
प्रेमले,
उनको,
नटुटने,
ए,
नी,
ल,
है,
भयौं,
भेला,
फेरी,
आज,
आए,
येशू,
हाम्रो,
माझ,
गायौं,
गीत,
प्रेमको,
दिलको,
राजा,
शरीर,
हौं,
शिर,
हुनुहुन्छ,
वहाँ,
आपसमा,
गाँसिएको,
जीवनले,
भरिएको,
प्रभावले,
यसको,
संसारै,
ढाकिने,
भो,
हे,
गाउँछ,
गीत,
नेपाली,
ज्योतिको,
पंख,
उचाली,
जय,
नेपाल,
सुन्दर,
शान्त,
बिशाल,
गण्डकी,
कोसी,
कर्णाली,
मेची,
र,
महाकाली,
लेक,
बेसी,
बिउझाउँछन,
लहर,
लाखौँ,
हिमालचुली,
बोलाउँछ,
पहिलो,
झुल्का,
निकाली,
सगरमाथा,
शिखरमा,
पुग्दछ,
पहिले,
सीताले,
सारा,
भिजाइन,
दक्षिण,
लंका,
भारत,
भृकुटी,
तारा,
उदाइन,
उत्तर,
चीन,
तिब्बत,
बुद्धले,
यहीँ,
पाएथे,
ज्ञानको,
मुहान,
शिवले,
ल्याएथे,
सृस्टीको,
बिहान,
पश्चिम,
किल्ला,
काँगडा,
पूर्वमा,
टिस्टा,
पुगेथ्यौँ,
कुन,
शक्तिको,
सामुमा,
कहिले,
हामी,
झुकेथ्यौँ,
हामीले,
हिमाल,
उठायौँ,
एसियाको,
माझमा,
सभ्यता,
बास,
बसेथ्यो,
आएर,
साँझमा,
यही,
माटोमा,
दिलको,
फूल,
रोपेर,
पहाडी,
शिलामा,
प्रीतको,
खोपेर,
बाँचौला,
नेपालमा,
चन्द्र,
सुर्य,
ध्वोजा,
लिई,
नाँचौला,
हिमालमा,
लाइदिउला,
चोखो,
पियार,
3,
परान,
लैजाउ,
घुमाउन,
मलाई,
ठमेल,
बजार,
ट्याउसि,
चढाउदै,
2,
लैजाउला,
काठमाडौं,
सहर,
लाग्छ,
रहर,
तेइ,
लाउला,
सारै,
नै,
मिठो,
कुवाको,
पानी,
खोइ,
केले,
उखाउनी,
तिर्खामा,
लाग्यो,
पसिना,
छुट्याे,
तन,
बुझाउनि,
ल्याइदिउला,
मिनरलको,
हजुर,
हौ,
रानी,
बेलैमा,
पाक्यो,
रसिलो,
दाना,
भिरैमा,
क्यार्नु,
हो,
कलिलो,
जोवन,
मुखै,
रसायो,
खाउ,
ले,
मर्नु,
भो,
ल्याउला,
टिपेर,
तिम्लाइ,
भिरको,
अङ्गुर,
4,
हे,
बरै,
दशि,
धारा,
पो,
नरोए,
अामा,
2,
बाँचे,
पठाउम्ला,
तस्बिरै,
खिचेर,
कस्तो,
लेख्योनि,
भाबीले,
कर्मलिला,
ठैमलाउ,
हजुर,
बाबाले,
सोध्लानी,
खै,
छोरा,
भन्नलान्,
रन,
जित्दैछन,
भन्दिए,
3,
अामाले,
सोध्लिननी,
भन्लिन्,
रजहै,
खुल्यो,
दाजैले,
सोध्लान,
नि,
भार्इ,
भन्लान्,
अंशै,
बढ्यो,
भाउजुले,
देवर,
खसी,
काट,
भाइले,
सोध्लाननी,
दाजै,
घेरमा,
परे,
दिदीले,
माइति,
घटे,
बैनीले,
चोली,
घट्यो,
छोराले,
बाबा,
टोपि,
झिक,
छोरी,
ले,
भन्लिन,
सुन,
चुराको,
दान,
दिए,
प्रियाले,
स्वामी,
बाटो,
फूक्यो,
साथीले,
लाहुरे,
भन्लान,
माया,
मार,
बटाैलीको,
बजारमा,
चार,
पैसाको,
लाहा,
छैन,
शिरको,
स्वर्गे,
हुँदा,
घरबस्नीलार्इ,
थाहा,
शिसैकाट्योनी,
गोलीले,
रणामा,
परी,
मरेछन,
लाहुरै,
रून्छन,
लाै,
बर्ष,
दिन,
जुगै,
भरिलाै,
मर्ने,
कसैलाई,
रहर,
हुदैन,
२,
तर,
नमरेको,
प्रहर,
भागेर,
जाऊँ,
कुन,
ठाऊँ,
मान्छे,
नमर्ने,
सहर,
जीवन,
यहाँ,
चल्दैन,
उस्तै,
www.npsongs.com,
बत्तिमा,
दियोमा,
बल्दैन,
कस्तो,
खटन,
हो,
यो,
नियतीको,
निभ्छ,
कहिले,
ठहर,
यी,
आँखामा,
तिमी,
छ्यौ,
यो,
मनमा,
छयौ,
२,
देखाउन,
पो,
त,
गार्‍हो,
जीवनमा,
भएर,
मात्रै,
जिन्दगीमा,
मजा,
छ,
बरु,
सासले,
दिन्छ,
धोका,
तिमीले,
दिन्नौ,
थाह,
भाग्य,
कि,
छैन,
नि,
मेरो,
कोहि,
हुन्,
नहुन्,
आफ्ना,
हौ,
भित्र,
मुटु,
कस्तो,
copyright:www.npsongs.com,
यस्मा,
शंका,
मायामा,
कहिल्यै,
नहोस्,
कतै,
आशांका,
माया,
रम्दछु,
म,
मायैले,
प्यास,
मेट्छु,
टाढै,
भए,
बतास,
बनेर,
भेट्छु,
संगै,
भयौ,
सजिलो,
हुन्छ,
बाटो,
देखे,
तिमीलाई,
दुखी,
रुन्छु,
तिम्रो,
साटो,
सुन,
साइली,
परदेशबाट,
म,
आउँला,
चालीस,
कटेसी,
रमाउँला,
२,
दियोमा,
तेलै,
हुरुरु,
सम्झी,
कहिले,
नरुनु,
निधारमा,
नाम्लो,
बरियो,
भावीको,
खेलमा,
परियो,
कुलोमा,
पानी,
कलल,
गाउँघरको,
तस्बिर,
झलल,
पिढीमा,
जाँतो,
घरर,
झर्दो,
हो,
आँसु,
बरर,
मलाई,
सोध्दै,
आज,
कोहि,
आयो,
आएन,
सोधे,
घरलाई,
घरले,
केहि,
भन्नैसकेन,
संसारमा,
कुनै,
मान्छे,
आफ्नो,
भए,
हुन्थ्यो,
एउटा,
चिठ्ठी,
आइ,
छाडी,
राखे,
दैलो,
मुनिबाट,
पस्यो,
पसेन,
बाडौ,
भने,
कति,
खुशी,
भित्रै,
साचेको,
छु,
घरबाहिर,
नाउँ,
लेखी,
टाँसेको,
यहाँ,
डुल्ने,
आखाँ,
पर्यो,
परेन,
ma,
sansar,
jitne,
sabin,
rai,
गीत,
म,
संसार,
जित्ने,
गायक,
सबिन,
राई,
आँट,
गर्दै,
मात्र,
तिमि,
मेरो,
साथ,
बसिदेउ,
भबिष्य,
ले,
गाउने,
रच्दै,
सुरमा,
ताल,
मिलाईदेउ,
येही,
हो,
अर्थ,
रच्नुको,
इतिहासमा,
अमर,
रहोस,
तिम्रो,
र,
कहानी,
सधै,
जब,
हिड्दा,
हिड्दै,
थाक्छु,
कहिले,
कहिँ,
त्येतिबेला,
आड,
बनिदेउ,
जिन्दगी,
को,
मोड,
मा,
सोच्न,
सकिन,
मिठो,
विचार,
देउ,
येहि,
भन्नुको,
सपना,
ठुलो,
छैन,
बिलम्ब,
गर्न,
नपरोस,
जिन्दगीमा,
सुनौलो,
हाम्रो,
भविष्य,
साकार,
हुन्छ,
भरोशा,
छ,
हरपल,
रक्षा,
गर्ने,
आत्मबल,
बनि,
मिलैदेउ,
आओ,
यादहरु,
हो,
म,
निदाएको,
छैन,
कोल्टे,
फर्ेर्दै,
छु,
सुकेको,
दिलमा,
आगो,
लाएर,
जाओ,
हो्,
निरास,
सुस्केरा,
हाल्छु,
दुःख,
जीवन,
दुःखैमा,
गाल्छु,
आँशुहरु,
आँखा,
चिम्लेको,
जून,
हर्ेर्दैछु,
सागर,
छ,
गहभित्र,
चाहे,
म,
रोईदिन्छु,
आँधी,
छातीभित्र,
खोजे,
बल्भिईदिन्छु,
आशा,
हृदय,
होइन,
मैले,
बोकी,
हिँडेको,
सुम्पेको,
छु,
तिमीलाई,
आफू,
सँग,
भएको,
अधरको,
हाँसो,
निचोरी,
दिईसकेछु,
बल्भिइदिन्छु,
लाग्छ,
हेर्राईमा,
तिमरो,
के,
नपुगे,
जस्तो,
मुटु,
दिएर,
केही,
दिईन,
भित्र,
पसेर,
हेर,
त,
खाली,
भएछु,
बल,
गरेर,
त्यो,
मन,
यता,
मोड,
भन्दिन,
म,
माया,
गर्र्छौ,
थाहा,
छ,
मलाई,
छोड,
तर,
खुशी,
अन्तै,
मिल्छ,
भने,
तिमीलाई,
धेरै,
मैसँग,
नाता,
जोड,
मत,
गर्छर्ुुतिमीलाई,
गर्छर्ुुतमीलाई,
मात्रै,
कहाँ,
होर,
तिम्लाई,
गर्ने,
तिम्ले,
आफ्ना,
आफन्तलाई,
होला,
सोध्नु,
पर्ने,
रितै,
हो,
जन्मघर,
छोड्ने,
के,
खै,
तिमी,
जन्मघरसँगको,
तोड,
पर्राईको,
पछ्यौरी,
ओड,
बाटो,
सबै,
सजिलो,
त,
हुन्छ,
हिँड्न,
पर्राई,
एउटालाई,
यात्रा,
नहोस्,
भिन्न,
गाह्रो,
कहिलेकाहीँ,
साँचो,
चिन्न,
त्रि्रो,
टुक्रा,
पारी,
फोड,
फल,
नदिने,
बृक्षलाई,
गोड,
मेरो,
साधनाको,
बरदान,
हो,
गीत,
यिनै,
सात,
सूर,
हुन्,
मेरा,
आफ्ना,
मीत,
आरोह,
अवरोह,
गति,
यो,
जीवनको,
छ,
मर्ुछनामा,
सुख,
सब,
लुकेको,
अलंकार,
सरगमका,
टुक्रा,
ग,
म,
प,
नि,
सा,
ध,
रे,
अचल,
षडज,
पञ्चम,
नै,
सौभाग्य,
अँध्यारो,
उज्यालो,
मेरै,
भाव,
नर्तन,
हाँसो,
र,
रोदन,
गुञ्जन,
केटा,
सपना,
ओइ,
होइ,
हाई,
केटी,
को,
हो,
मलाई,
नचिन्ने,
आज,
मेरो,
ठाउँमा,
पहिलो,
चोटी,
आयौ,
कि,
भन्देउ,
गाउँमा,
लोभिएर,
नहेर,
भित्र,
भित्रै,
गम्केर,
अल्लारे,
त्यो,
कलिलो,
उमेरैले,
चल्दैन,
निकै,
राम्री,
रैछौ,
नि,
कहाँ,
बाट,
आइछौ,
कहाँबाट,
मन,
चन्चले,
भो,
तिमीलाई,
देखेर,
छोड,
न,
अरु,
कुरा,
भन्छु,
म,
केही,
मायाले,
भरिएका,
मिठा,
रसिला,
सुटुक्कै,
सुन्दिन,
भन्दिन,
सुनाऊ,
कसैलाई,
ती,
नहुनु,
भुतुक्कै,
मनको,
बुझ,
ढुकढुकी,
यो,
सुन,
मायालु,
जिन्दगानी,
रमाइलो,
बन्छ,
बेर,
साथी,
बनेर,
सबै,
जाती,
संगै,
जुनीजुनी,
बाच्छु,
मर्छु,
भनी,
नजर,
लाउँछन्,
बैंसलाई,
रुपैकी,
रानी,
तिमी,
माया,
की,
खानी,
नसालु,
जवानी,
भयो,
पानी,
मायामा,
डुब्न,
देउ,
एक,
नम्बरको,
पाखे,
छौ,
तर,
ट्रक,
ड्राइभर,
अचेलका,
ठिटाको,
लाग्दैन,
भर,
भित्रभित्रै,
लोभिन्छौ,
बाहिर,
आँखैले,
तर्छौ,
हे,
बसन्ती,
ढलि,
जाने,
जोबन,
तिम्रो,
साँचेर,
के,
गर्छौ,
तिमी,
बाहेक,
अरुको,
हुने,
छैन,
म,
अरुलाई,
छुने,
मै,
हराउछु,
तिम्लाई,
मन,
पराउछु,
हा,
फेरिएला,
बाटो,
समय,
मनमा,
तिम्रो,
माया,
फेरिनेछैन,
देखाउलान,
कतिले,
लोभहरु,
डरहरु,
तर,
पनि,
हेरिने,
भए,
सॅगै,
नभए,
तिम्रै,
यादमा,
बाॅचेको,
हुन्छु,
आउनेछैन,
कोहि,
जीवनमा,
पाउनेठैन,
ठाउॅ,
यो,
मुटुमा,
लागि,
खुसीहरु,
साॅचेको,
श्रद्धाको,
फूल,
चढाई,
दिनु,
आएर,
लाशमा,
नपाएको,
भैगयौ,
तिमी,
रोइ,
आशमा,
सम्झन्छु,
म,
तिमीले,
छोएको,
कमल,
हातले,
संगाली,
राख,
माया,
यो,
मेरो,
नहान,
लातले,
दिनेछ,
सबै,
गुहाई,
हाम्रो,
जुनेली,
रातले,
भै,
गयौ,
मरेर,
के,
भो,
देह,
आत्मा,
त,
मर्दैन,
पिरती,
चोखो,
लाएको,
भए,
बन्धन,
पर्दैन,
प्रकृति,
ओइली,
झर्छ,
दिलको,
झर्दैन,
चिसो,
हावामा,
त्येसै,
मन,
बरालिन्छ,
के,
भो,
आँधि,
रातमा,
यो,
तिमिलाई,
नै,
खोज्दछ,
उकालीको,
दोबाटो,
पाइला,
तिम्रैतिर,
लम्कन्छ,
२,
झ्यालबाट,
हेरेको,
झझल्को,
आँउदछ,
लुकीचोरी,
खोलेको,
देउरालीमा,
पाखामा,
डाँडामा,
बसी,
कुरेको,
पिडा,
बिछोडको,
साथ,
लिएर,
सक्दिन,
म,
अब,
यसरी,
जिउन,
गीत,
गुनगुनाएर,
हिड्न,
टाढियौ,
तिमी,
बाट,
किन,
सुन्यतामा,
कहाँ,
मदेखी,
आँखा,
मेरो,
थाकी,
सके,
गोडा,
हातहरु,
काँपी,
२,
कल्पनामा,
छाउछौ,
बल्झाइदिई,
यादलाई,
बिलाउछु,
कहिँ,
कतै,
बादलसंगै,
आगो,
मनमा,
लगाइदिने,
बिर्सि,
मलाइ,
सताइ,
जाने,
पीडा,
सम्झना,
रहे,
केवल,
तीता,
मीठा,
सपना,
हराउँछु,
आकाश,
बिचमा,
काँपिसके,
म,
रोए,
पनि,
तिमी,
हाँसिदिनु,
यो,
झरी,
जाने,
जिन्दगी,
देखि,
पन्छिदिनु,
कहिलेकाही,
ति,
मिलनका,
यादहरु,
आए,
भने,
सपना,
सम्झी,
त्यसलाई,
विसर्िदिनु,
त,
यस्तै,
नै,
भए,
यसै,
सस्तो,
मुल्यवान,
बनिदिनु,
कतै,
बेहोसीएका,
पलहरु,
बल्झिन्छ,
खेल,
हाँसेर,
टारिदिनु,
सन्जोग,
हाम्रो,
विझाउने,
भुल,
त्यसमा,
न,
गहिरिदिनु,
मन्दिरमा,
छ,
कि,
मुर्तिमा,
माया,
पत्थरमा,
धुलोमा,
कोही,
त,
देखाऊ,
बताऊ,
खै,
कहाँ,
एक,
अन्जुली,
मायाको,
लािग,
पलपल,
हृदय,
चर्कन्छ,
साउन,
र,
भदौ,
बनेर,
आँखा,
बर्षौ,
बर्ष,
बस्रन्छ,
हाँसोमा,
आँशुमा,
फुलमा,
काँडामा,
एउटी,
आमा,
जिउँदै,
जल्छे,
छोराको,
मायाममतामा,
एउटा,
छोरो,
मरेर,
बाँच्छ,
आमाको,
सपना,
विपनामा,
रगतमा,
नातामा,
विस्वासमा,
बाचामा,
गाजलु,
टीका,
लाई,
देउ,
तिमी,
म,
आउने,
बाटो,
कुरि,
बसिदेउ,
साथी,
सङी,
सङ,
छली,
लुकेर,
आउनु,
मन,
मा,
भयेका,
कुरा,
सबै,
मलाई,
सुनाउनु,
लाज,
ले,
जवानी,
खोला,
झै,
न,
फर्किएला,
मात्रै,
हेरि,
बुझाउने,
ठाउ,
हुन्न्न,
मायाको,
गरे,
आफ्नो,
आफ्नै,
गाठो,
पारी,
राखिदिये,
आँखै,
को,
भाखै,
बुझन,
बरु,
आउ,
चाडै,
पोखाउ,
तिम्रो,
मेरो,
बीच,
दुरी,
मायाले,
घटाउ,
चौबन्दी,
चोली,
लाईदेउ,
कुरी,
बसी,
मैले,
पनि,
सपनी,
देखेको,
होईन,
मुटु,
भये,
यही,
गाउ,
फुल,
दोबाटो,
साक्षी,
आउछु,
पोखाउछु,
घटाउछु,
कालो,
केश,
भरी,
लाली,
गुरासँ,
हेरी,
लाजले,
जन्मेर,
कोखमा,
कसैको,
हुर्कन्छ,
काखमा,
भाग्यको,
लेखा,
कस्तो,
भावीले,
के,
लेखिदियो,
कस्ले,
छोडेको,
नासो,
हो,
जिन्दगीको,
अनौठो,
नाता,
को,
आफ्नो,
विरानो,
होला,
यो,
रगतको,
खोजी,
हिँड्दछ,
आमाको,
न्यानो,
काख,
मायालु,
छहारी,
भाग्य,
सबैलाई,
कहाँ,
पुग्छ,
र,
संसारमा,
विधिले,
लेखेको,
पिर,
समयले,
दिएको,
भुलाईदेला,
एकदिन,
भुलेको,
सपना,
झस्काउँला,
कुनैदिन,
भरिएला,
त्यो,
घाउ,
तिमीलाई,
म,
भुल्न,
सक्दिन,
जहाँ,
जाउँ,
तिम्रो,
याद,
आईरहन्छ,
यो,
खोला,
नाला,
पहाड,
भन्ज्याङ्गले,
मलाई,
बोलाइरहन्छ,
मेरो,
नेपाल,
देश,
लाग्छ,
प्यारो,
डाँडाकाँडा,
हरियाली,
यहाँ,
आँगनै,
भिर,
लालिगुराँस,
चाँप,
चमेली,
फुल्छ,
थरीथरी,
झरनाको,
मिठो,
सुसेली,
मनमा,
झलझली,
सगरमाथा,
शिर,
बनी,
उभिएको,
छ,
करौडौँ,
मुटुमाझ,
तिमी,
सजिएको,
विर,
माहात्मा,
बुद्ध,
जन्मिएको,
आफ्नै,
स्वदेश,
प्यारा,
लेखमा,
गुराँसै,
फुल्यो,
नी,
आँखा,
मा,
तिमी,
नै,
बस्यो,
नि,
उस्तै,
के,
रोग,
लाग्यो,
रुदा,
मन,
जल्ने,
हो,
मेरा,
सबै,
सपना,
लाई,
आफ्नो,
भन्ने,
फुलेछ,
फुल,
हरु,
माला,
उनेर,
राखि,
देउ,
साथी,
सङी,
आई,
अब,
जिस्काउन,
मलाई,
छाडीदेउ,
मेरो,
को,
गहराई,
छौ,
अडेको,
सधै,
रहन्छ,
तिम्रै,
झझल्को,
नौलाखे,
तारा,
सरी,
उज्यालो,
छरीदेउ,
टाढा,
भये,
पनि,
मुटु,
राखिदेउ,
बरु,
आउछु,
मनको,
कुरा,
तिमीलाई,
पोखाउछु,
तिम्रो,
बीच,
दुरी,
मायाले,
घटाउछु,
मान्छेको,
माया,
यहाँ,
खोलाको,
पानी,
जस्तो,
किनारालाई,
छोई,
भाग्ने,
लहरेको,
बानी,
आँखाको,
नानी,
यो,
रात,
फकाई,
आउने,
सुन्दर,
विहानी,
त,
जोवनको,
आवेश,
मात्र,
नै,
हो,
तिर्खाको,
अर्को,
राम्रो,
एक,
भेष,
तिम्रो,
हेराईमा,
केबल,
आँखा,
छ,
मुटु,
छैन,
बोलाईमा,
स्वर,
ढुकढकी,
केही,
मायाको,
विशालता,
आकाश,
धर्ती,
साँच्ची,
आत्माको,
मुर्ति,
तिमी,
पानीलाई,
आकार,
दिने,
कोशिस,
नगर,
हावालाई,
सद्भाव,
झरेको,
पात,
झैँ,
भयो,
उजाड,
मेरो,
जिन्दगी,
निभेको,
दिप,
उदास,
चुरा,
फुटेसरी,
चराहरु,
उडीगए,
हजार,
कोपिलाहरु,
नमुस्कुराउँदै,
झरे,
उठेको,
बस्ती,
प्रवास,
विहान,
जो,
खुशी,
थियो,
जलेर,
साँझ,
भैसक्यो,
भिजेको,
पातमा,
निशादको,
कथा,
अधेँरी,
रात,
विषाद,
जलिरहेछ,
लास,
भित्र,
कहिँ,
छातीमा,
टुटेफुटेका,
स्वप्न,
अँगारमात्र,
जिवन,
बजर,
सरी,
उराठ,
वैंश,
छदा,
धेरै,
सङ,
माया,
लाईन्छ,
कसम,
पनि,
खाईन्छ,
कति,
को,
दिल,
तोडिन्छ,
अंत,
मा,
एउटी,
लगन,
जोडिन्छ,
प्रीती,
लाउने,
रिती,
यहाँ,
कस्तो,
छ,
लाउनु,
भन्नु,
सस्तो,
भन्ने,
यता,
मिलन,
उता,
बिछोड,
हुन्छ,
हाँस्छ,
अर्को,
चाहि,
रुन्छ,
मेरो,
जुडछ,
होला,
मन,
सुख,
दुख,
मिली,
बाडछ,
जिवनसाथी,
रोज्न,
साह्रो,
साथ,
दिन्छु,
गाह्रो,
टाढा,
धेरै,
उडेका,
रंगीन,
चरा,
धर्तिमा,
कहिले,
फिर्लान्,
आकाशको,
कालो,
मैलो,
हटि,
घाम,
जुन,
खुल्लान्,
संघारमा,
कमजोर,
आमाको,
छाया,
हुरी,
चलेको,
आवेगमा,
यस्तो,
लाग्छ,
यो,
घरसंसार,
जलिरहेछ,
संवेगमा,
आज,
हामी,
माझ,
बल्झेका,
पिर,
सारा,
विलाई,
झर्लान्,
ओठमा,
चन्द्र,
सुर्य,
चम्के,
सरी,
मुस्कान,
भर्लान्,
यात्रामा,
बाटो,
पहिल्याउँदै,
यात्रि,
एकदिन,
पुग्छन्,
मुलबाटोमा,
घरलाई,
पिर्ने,
बाधा,
अड्चन,
मन्छाई,
दिउँला,
दोबाटोमा,
गाढा,
युगौँको,
भाइचारा,
तोडेर,
तोडिन्न,
एकदम,
पहाडमा,
मधेश,
धुन,
अनेक,
नाचौँ,
न,
मिलेर,
छमछम,
बस,
सुन्दरी,
ठन्डी,
महिना,
जाडो,
छ,
हे,
रातो,
नि,
गाला,
च्याउरी,
परेछ,
ठन्डि,
हो,
सोल्टिनिको,
त्यो,
गालैमा,
लान्छु,
तिमिलाई,
यो,
आउने,
सालैमा,
हातैमा,
सुनको,
चुरा,
अनि,
औँठि,
लगाइदिउँला,
मखमलि,
चोलि,
सिरबन्दि,
सिरमा,
सजाईदिउँला,
हेर,
लगन,
तिम्रो,
आको,
ल,
है,
मन,
पक्कै,
आँटे,
जस्तो,
कति,
बस्छौ,
माइति,
गाउँवैमा,
जाने,
भए,
ल्याउँछु,
जन्ति,
दैलैमा,
डोलिमा,
चढाइ,
पछ्यौरिको,
घुम्टो,
ओढाइदिउँला,
नौमति,
बाजा,
बजाइ,
डाँडा,
पाखा,
बेसि,
घन्काइदिउला,
मेरो,
साँचो,
तर,
ज्यानलाई,
तिम्रै,
खाँचो,
पर्खी,
बसे,
आउला,
भनि,
मेरो,
उठने,
पालो,
कुर्दा,
कुर्दै,
जिन्दगी,
नै,
भै,
गएछ,
कालो,
वारि,
पारि,
अँध्यारो,
छ,
आँखा,
खोली,
हेर्दा,
देखिन्छ,
नि,
चिम्ली,
आफ्नै,
छाँया,
आफै,
सँग,
भागी,
हिँड्न,
ठाल्यो,
माँया,
आफैलाई,
बोझ,
लाग्न,
तातो,
हाँवा,
बहिदिन्छ,
मुटु,
पोल्ने,
गरी,
निराशाको,
दियो,
बल्छ,
तिनै,
जल्ने,
वर्षौ,
भयो,
चलेकै,
मन,
भित्र,
यो,
आँधी,
बाँध्यतामा,
बाँच्नु,
पर्यो,
चाहनालाई,
बाँधी,
पर्खि,
मिलन,
बिछोड,
संयोग,
र,
परिस्थिति,
हो,
सुरुवात,
जस्तै,
मिठो,
सम्बन्धमा,
सँधै,
नहुने,
भो,
बन्न,
सकिन,
तिम्रो,
अन्तिम,
माया,
बनाउन,
मेरो,
तिमीलाई,
जीवनमा,
संकै,
छैन,
निकै,
नै,
गहिरो,
टाढिनै,
लेख्या,
रैछ,
समय,
बिबस्ता,
सम्हाल्नु,
आँफैलाई,
जीवन,
लामो,
हुने,
उज्ज्वल,
भबिष्य,
प्रार्थना,
इज्जत,
गर्ने,
छु,
सम्झी,
रहनेछु,
झर्यो,
जिन्दगी,
फुट्यो,
छल्केर,
आँखामा,
बल्यो,
झर्,
यो,
काँडामा,
हाँसेको,
मिठो,
सपनीमा,
नाचेको,
झुटो,
गहराको,
दहमा,
डुब्यो,
पिरले,
भरेको,
खाली,
विरहीले,
रुवाएको,
प्यारो,
आज,
आफ्नै,
छातीमा,
दुख्यो,
जुनका,
किरणहरुले,
प्रेमपत्र,
लेख्दैछु,
म,
फुलका,
कलीला,
पातमा,
खोजिदिनु,
है,
यसलाई,
भोली,
सबेर,
तिमीले,
खोलिदिनु,
धेरै,
भयो,
हजुरको,
केही,
खबर,
मिलेन,
मेरो,
लागि,
मिर्मिरेमा,
लाली,
उशा,
खुलेन,
ए,
हजुर,
रिसायौ,
कि,
कसो,
किन,
यसरी,
भुलेको,
ति,
आँखामा,
तस्बिर,
भन,
छैन,
खुलेको,
चिठ्ठी,
पठाउछु,
भन्थ्यौ,
पनि,
पठाइनौ,
सपनामा,
भेट्छु,
आईनौ,
बाँच्न,
सक्दिन,
तिम्रो,
नपाए,
बोल्ने,
पक्कै,
नआए,
आजभोलि,
हो,
तिमी,
देखिन,
छाडेकी,
2,
सँगै,
बसी,
गरेका,
कुर,
होकी,
खाली,
मलाई,
ढाटेकी,
तिमीलाई,
देख्छु,
सधैंभरी,
जाने,
बेला,
भनीगयौ,
माया,
गरीगरी,
कती,
निद,
बितिसके,
भने,
कुहिरोको,
घुम्टो,
खोली,
सरमले,
च्याईनौ,
बालकको,
खेल्ने,
घर,
हाम्रो,
प्यार,
हैन,
जती,
जाउ,
पर,
बिर्सने,
शितलाई,
सुस्ताएझै,
फुल,
छातीमाथी,
सम्झेको,
छु,
मैले,
मेरै,
साथी,
posted,
by,
madhusudan,
dhakal,
at,
7,
29,
am,
no,
comments,
sunday,
july,
2017,
yati,
chadai,
kasari,
birsu,
यती,
चाडै,
कसरी,
बिर्सु,
सिम्सिमे,
पानीले,
रुझेको,
shiva,
shankar,
शब्द,
किरण,
खरेल,
संगीत,
तथा,
स्वर,
शिवशंकर,
मोतिजस्तो,
पानीको,
थोपा,
कालो,
केसमा,
तर्केको,
सुनसान,
बाटो,
थियो,
सुनबुट्टे,
रात,
हिड्दहिड्दै,
छोइएथे,
सुकुमारी,
हात,
धड्कनले,
आपसमा,
झै,
कुरा,
झन्झनाइ,
बजे,
तिम्रा,
चिर्बिरे,
चुरा,
हिंड्ने,
दुइजना,
एउटा,
छाता,
जुलाफी,
गाला,
देखिएथे,
राता,
भिजेको,
आधा,
जिउ,
सारा,
पुछेको,
थिए,
पसिनाका,
धारा,
कपालको,
पानी,
आई,
प्रिथ्बीमा,
छर्के,
कुन्नी,
भागेकी,
थियौ,
अलिकती,
तर्की,
दुई,
कदम,
पाउ,
रोकिएथे,
अचानक,
यो,
छातीमा,
सास,
छेकिएथे,
परेलीमा,
लुकाई,
राख,
न,
अंगालो,
मा,
बाँधी,
जान,
देउ,
रोक,
उड्न,
आकाश,
को,
चरी,
जस्तै,
मलाइ,
chorus,
बाँधेर,
तिम्रै,
मुटुमा,
यो,
त,
धड्कन,
हो,
साँचेर,
आँखामा,
साहारा,
२,
मन,
भित्र,
साँची,
आँखा,
अल्झाई,
रम्न,
बास,
बस्न,
हृदयको,
धुकधुकी,
बिर्सेर,
मलाई,
टाढा,
भैदियौ,
अब,
फर्की,
हेरी,
नदेऊ,
२,
बिदाको,
दिन,
परेली,
भिजाई,
झुठो,
कसम,
नरोइदेऊ,
भुलिदेउ,
म,
तिम्रो,
याद,
होइन,
तोडिएको,
हृदय,
जोडी,
जाने,
तिमीलाई,
आफ्नो,
सम्झी,
बोलाउने,
सायद,
मेरो,
अधिकार,
नै,
छैन,
बिछोडमा,
मरिजाने,
खुशीमा,
जली,
नयन,
का,
सारा,
आँसुलाई,
तिमी,
आँसु,
न,
बाची,
देऊ,
३,
म,
संसार,
जित्ने,
आँट,
गर्दै,
छु,
मात्र,
तिमि,
मेरो,
साथ,
बसिदेउ,
भबिष्य,
ले,
गाउने,
गीत,
रच्दै,
सुरमा,
ताल,
मिलाईदेउ,
येही,
हो,
अर्थ,
रच्नुको,
इतिहासमा,
अमर,
रहोस,
तिम्रो,
र,
कहानी,
सधै,
जब,
हिड्दा,
हिड्दै,
थाक्छु,
कहिले,
कहिँ,
त्येतिबेला,
आड,
बनिदेउ,
जिन्दगी,
को,
मोड,
मा,
सोच्न,
सकिन,
भने,
मिठो,
विचार,
मलाई,
देउ,
येहि,
भन्नुको,
सपना,
ठुलो,
छैन,
बिलम्ब,
गर्न,
नपरोस,
जिन्दगीमा,
सुनौलो,
हाम्रो,
भविष्य,
साकार,
हुन्छ,
भरोशा,
छ,
हरपल,
रक्षा,
गर्ने,
आत्मबल,
बनि,
मिलैदेउ,
बिहानीको,
मिर्मिरेसङ्गै,
अाँखा,
मेरो,
खुल्यो,
सुनौलो,
घामको,
झुल्का,
स्व्यम्भुमा,
पर्यो,
कदम,
चाल्दा,
चाल्दै,
पुगे,
म,
पशुपति,
देखे,
सारा,
मनिसको,
विश्वासको,
अनुभुति,
स्वर्ग,
जस्तै,
पवित्र,
ठाँउ,
यो,
खुशीले,
भरिएको,
मुस्कान,
छ,
सबै,
मानिसमा,
हर्शनै,
अडिएको,
अा,
अाअा,
काठमाडौं,
धरहरा,
वसन्तपुर,
रानीपाेखरी,
प्रकृतिले,
छरिएको,
देख्छु,
वरिपरि,
मठ,
मन्दिर,
पुराना,
कलाहरु,
अनेक,
छन्,
र,
पिरो,
अचार,
मिठो,
भन्दछन,
चरीहरुको,
चिर्बिरसङ्गै,
बागमती,
बग्दछिन,
आफ्नै,
टोल,
बाटोले,
बोलाउछ्न,
ए,
नवीन,
अाँखामा,
तिमिलाई,
पाउछु,
म,
धेरै,
सपनीमा,
निन्द्रै,
भरी,
जलाई,
आफुलाई,
देखाउन,
सक्दिन,
माया,
गर्छु,
लिइ,
हिड्ने,
छु,
सधैं,
अंगालोमा,
राख्नेछु,
टुक्र्याइ,
जोड्न,
जिन्दगीमा,
कहिले,
छाया,
माया,
मुहारमा,
हाशो,
आशु,
दिन,
र,
रात,
को,
माझमा,
साझ,
यो,
बसेको,
छ,
प्रकृतिमा,
आन्धी,
शान्ति,
जिबनमा,
तृष्णा,
प्राप्ति,
जन्म,
मृत्युुको,
खेलमा,
श्वास,
अडेको,
मैले,
तिमीलाई,
चाहेर,
पनि,
तिम्रो,
नजिक,
म,
आउन,
सकिन,
सायद,
मेरो,
कमजोरी,
हो,
या,
बिवसता,
जुन,
तारा,
हेरेर,
कैयौं,
चिसा,
रात,
बिताए,
तिमी,
आउने,
बाटो,
ऋतु,
डुबि,
सके,
लाग्छ,
मलाई,
भाग्यमा,
प्रतिक्षा,
नै,
थियो,
गोधुँलीको,
साँझमा,
सङ्ग,
सङ्गै,
हिंड्ने,
साथी,
भएन,
मनमै,
कुरा,
राखी,
हल्ला,
नगर,
काट्ने,
धेरै,
हुन्छन्,
सल्ला,
पाइला,
आफै,
चाल,
सम्झ,
तिमी,
बाटो,
अाफै,
रोज,
सोच,
भावनालाई,
छोपी,
ईर्स्यालु,
जल्ने,
हुन्छ्न,
बुझ,
बाधा,
अनेक,
बन्छ्न,
भुल,
बिहानी,
किरण,
सङ्गै,
सम्झनाले,
मुटु,
भरी,
आस,
जागी,
दिन्छ,
नयाँ,
उत्साह,
उमंग,
ले,
सुन्दर,
सपना,
सिर्जिदिन्छ,
हावाले,
छोइदिदा,
मेरो,
मन,
वर्षातले,
चुमिदिदा,
यो,
तन,
तिम्रै,
बोलाउछ,
मायाले,
मलाई,
डोर्याउछ,
एक्लै,
बस्दा,
सुन्यतामा,
बतासले,
जिस्काउछ,
कल्पनामा,
आफैं,
डुबिदिदा,
नदिनाला,
सुसाइदिन्छ,
बतासको,
जिस्काइमा,
नदिनालाको,
सुसाइमा,
तिम्रो,
छाया,
देख्छु,
मनभरी,
माया,
पाउछु,
झलझली,
अतीतको,
तिम्रो,
यादले,
झस्काइरहन्छ,
यो,
मन,
बिर्सन,
प्रयास,
गर्छु,
म,
सम्झना,
आउँछ,
किन,
झन,
फर्केन,
बढायो,
दुरि,
नराम्रो,
केहि,
गरेकी,
मैले,
नमिठाे,
बाेलेकि,
पीडाहरु,
लुकाइ,
मुटुको,
माझ,
सम्झिरहन्छु,
तिमिलाई,
हर,
साझ,
बर्सन्छ्न,
आखाबाट,
अासुकाे,
भेल,
कठिन,
हुनेभाे,
विना,
हाम्रो,
मेल,
सक्दिन,
टाढिन,
रुन्छु,
छिन,
ल,
हेऽऽऽऽऽऽऽऽ,
तालको,
पानी,
माछीले,
खानी,
पिरीम,
सित,
जाने,
कि,
नजाने,
हुर्रर्रर्रर्रर्रर्र,
अइया,
हाँगो,
नाच्ने,
वन,
चरी,
त,
आकाशैको,
बाजा,
जुगौं,
भयो,
भाको,
बल्ल,
भेटे,
आज,
सुनको,
औंठी,
सिलामुन्द्री,
साथ,
लिइ,
आम्ला,
बात्,
लागे,
नेपाल,
जाम्ला,
रृण,
परे,
तिरम्ला,
हे,
ऽऽ,
ऽऽऽऽऽऽऽऽऽऽ,
स्बास्स,
हुर्रर्रर्रर्र,
सत्य,
जुगको,
ढुंगे,
चकमक,
कलीजुगको,
सलाई,
रातको,
निंद,
दिनको,
सुर्ता,
साध्य,
छैन,
मलाई,
फूलपाती,
देउरालीलाई,
भाकल,
गरी,
आएँ,
ज्यानको,
माया,
पाउँ,
भनी,
कसम,
मैले,
खाएँ,
ऽऽऽऽ,
है,
ऽऽऽऽऽऽऽऽऽ,
स्याबास्स,
ऽऽऽऽऽऽऽऽऽऽऽ,
उठ्यो,
बस्यो,
घाम,
डूब्यो,
साँझ,
पर्यो,
अब,
छुट्टिने,
पनि,
बेला,
भो,
आजको,
दिन,
बित्यो,
यो,
रात,
काट्ला,
नकाट्ला,
भोली,
आउला,
या,
नआउला,
फेरी,
भेट,
होला,
नहोला,
छोटो,
गीत,
तिमीलाई,
नभेटेसम्मलाई,
यदि,
भेटै,
नभए,
साँची,
राख्नु,
सम्झनलाई,
सुन,
हे,
गाँउले,
हो,
पराई,
घरको,
कथा,
होईन,
यो,
घर,
भित्रकै,
ब्यथा,
हाम्रै,
हिमालको,
काखमा,
सुख,
शान्ती,
थियो,
मर्यादाको,
मियो,
सल्केर,
बल्यो,
सुनसान,
रातमा,
दनदनी,
आगो,
मृत्युको,
लहर,
फैलिए,
जस्तो,
गाँउ,
बस्ती,
मा,
डर,
भो,
समयको,
झेल्ली,
खेलैले,
देश,
दुख्यो,
ठाँउमा,
२,
कोशीस,
गर्ने,
दाजै,
दिदै,
अईया,
लछारिनु,
पर्ने,
पछारिनु,
बिनाकारण,
सधै,
छोपी,
खानु,
नखाको,
बिख,
लागी,
नै,
रहने,
हर,
पल,
साँझ,
मरिरहनु,
कुन,
दैबको,
स्राप,
लाज्ञो,
अचम्मै,
हाम्रो,
घरैमा,
सिस्नो,
उम्र्यो,
दैलो,
सिमानामा,
टक्क,
अडेर,
छाती,
भरी,
बोकेर,
रोए,
है,
पैतला,
देखी,
हत्केला,
सम्म,
निधारको,
छाला,
फुटुन्जेलसम्म,
चर्केर,
उर्लियो,
चुपचाप,
जंघार,
तर्निमा,
बेला,
भक्कनो,
छाडी,
रुदै,
मुंग्लान,
पसे,
दाजु,
भाइ,
पुर्वै,
जाने,
रेलै,
चढेर,
मन,
बचनमा,
प्रीती,
साँचेर,
बैर,
भाव,
साँच्चै,
त्यागेर,
सोचे,
नभए,
कहाँ,
पाउँछ,
स्वर्ग,
त्यो,
बिधी,
कुरा,
मै,
गुन,
भन्दा,
पर,
छैन,
अर्को,
बुद्ध,
प्रेमले,
बेरे,
बैरी,
ले,
छुन्न,
यसयमयसलिरिक्स,
डट,
कम,
लौ,
बेलैमा,
होस,
पुर्याउ,
सुन्दर,
शान्त,
रचेर,
पुर्खैको,
आशिस,
सम्झेर,
सम्साँझैमा,
काग,
कराईरह्यो,
खै,
केको,
खबर,
ल्याउने,
हो,
मुर्छना,
मरेको,
गित,
सुन्दा,
सन्दै,
म,
थाकि,
सकेँ,
लौ,
के,
यहाँ,
हुने,
समयको,
क्रुर,
छाया,
हिमालमा,
परेजस्तो,
छ,
दुनैको,
रगतमा,
त,
रोल्पाको,
घाउमा,
सिरानीमा,
फुलै,
सिउरी,
निदाउन,
सक्दिन,
आदर्शको,
कुरा,
केही,
पनि,
बुझ्दिन,
छातछुल्ल,
पोखिएर,
दुख,
पिडा,
अंगाल्दै,
आउ,
सँगै,
बसेर,
एकअर्कालाई,
बुझौ,
यो,
रात,
छिचोल्ने,
एक,
मघुर,
गाउँ,
नियतिका,
खेलहरु,
मै,
माथि,
झरेजस्तो,
भो,
जगतमा,
बेला,
फगतमा,
सुसेलेर,
सुस्ताउन,
पाउदिन,
संघर्षका,
भेउ,
नै,
जताजतै,
अल्झिएका,
विपना,
संगाल्दै,
संगै,
मिलेर,
नयाँ,
संसार,
बुनौ,
विराम,
छोडौँ,
अमर,
पि्रत,
लाउँ,
टाढा,
धेरै,
उडेका,
रंगीन,
चरा,
धर्तिमा,
कहिले,
फिर्लान्,
आकाशको,
कालो,
मैलो,
हटि,
घाम,
जुन,
खुल्लान्,
संघारमा,
कमजोर,
आमाको,
छाया,
हुरी,
चलेको,
आवेगमा,
यस्तो,
लाग्छ,
यो,
घरसंसार,
जलिरहेछ,
संवेगमा,
आज,
हामी,
माझ,
बल्झेका,
पिर,
सारा,
विलाई,
झर्लान्,
ओठमा,
चन्द्र,
सुर्य,
चम्के,
सरी,
मुस्कान,
भर्लान्,
यात्रामा,
बाटो,
पहिल्याउँदै,
यात्रि,
एकदिन,
पुग्छन्,
मुलबाटोमा,
घरलाई,
पिर्ने,
बाधा,
अड्चन,
मन्छाई,
दिउँला,
दोबाटोमा,
गाढा,
युगौँको,
भाइचारा,
तोडेर,
तोडिन्न,
एकदम,
पहाडमा,
मधेश,
धुन,
अनेक,
नाचौँ,
न,
मिलेर,
छमछम,
आमा,
हुन,
सह्रै,
असजिलो,
छ,
पहाड,
जस्तो,
उचाईमा,
पुगेर,
मैदान,
भईदिनु,
पर्ने,
मैदानमा,
उकालो,
हो,
सन्तानहरु,
कहाँ,
पुग्छन्,
खोलाहरु,
२,
सपनाहरु,
स्वच्छन्द,
चराहरु,
आमाहरु,
छेउको,
चौतारी,
अभिशप्त,
छन्,
अफ्ठ्यारो,
जस्तै,
गह्रो,
भ,
ईदिनु,
माथि,
उच्च,
आकाश,
उड्दा,
सिमलको,
भुवा,
झै,
उड्यो,
मेरो,
मन,
सात,
समुन्द्र,
तरेर,
आउदा,
साथि,
मैले,
भेट्न,
सकिन,
घरको,
कुरा,
भन्नै,
पाइन,
भित्रि,
खै,
कुन्नी,
के,
थियो,
झिलिमिलि,
इर्ष्या,
जाग्दै,
आयो,
धर्ति,
उहि,
हो,
पनि,
विघ्न,
प्रगति,
यो,
आँखै,
सिम,
पलायो,
हुने,
भए,
एकादेशको,
कथा,
टिपिलान्थे,
देशमा,
जहाँ,
हिमाल,
हाँसेको,
छ,
गुँरास,
फुल्ने,
पाखा,
रोधि,
बस्ने,
गाँउ,
माया,
साट्ने,
घरबाट,
आको,
म,
त,
गरू,
सुन्ने,
कोहि,
सञ्चार,
भन्थे,
हा,
आमा,
बाबाले,
सम्चार,
सँगै,
आशिष,
पठा'छन्,
प्रियसीले,
बिछोडको,
पीडा,
पठा'छिन्,
जन्मभुमिले,
तिम्रो,
अभाव,
दिन,
दशा,
बिग्रेको,
बेला,
धेरै,
बिग्रेका,
छन्,
भाइ,
लडेर,
विरता,
मरेको,
शहरमा,
डढेको,
पोखु,
सुन्दिने,
जून,
झै,
शितलु,
घाम,
पारिलो,
२,
जहाँ,
जाउँ,
तिमी,
दाहिने,
चन्द्रमा,
परोस्,
शान्ति,
दुबो,
जस्तै,
फैलिदैं,
जाउ,
पाति,
मल्किदैं,
बर,
पिपल,
झैं,
मेरो,
देउरालीमा,
छाउन,
आउ,
दिन,
छदैं,
बादलुले,
हिमाललाई,
छेके,
के,
भो,
आखिर,
भोली,
उजेली,
त,
हुनु,
छ,
मन,
बाझ्ने,
कुराहरु,
आपसमा,
धेरै,
होलान्,
आफ्नै,
सम्झि,
बिर्सि,
दिनु,
चुपचाप,
आवाज,
छन्,
६,
मिर्मिरेमा,
निस्के,
भरी,
कर्म,
गर्दै,
साँझ,
घर,
फिर्न,
पाउँ,
हामी,
मरेर,
गए,
नि,
यो,
देश,
सधैं,
रहि,
रहोस्,
आमा,
हुन,
2,
सार्है,
असजिलो,
छ,
पाहाड,
जस्तो,
उचाइमा,
पुगेर,
मैदान,
भैदिनु,
पर्ने,
मैदानमा,
उकालो,
होओओओओ,
हे.ए,
सन्तानहरु,
कहाँ,
पुग्छन,
खोलाहरु,
२,
सपनाहरु,
स्वछन्द,
जराहरु,
आमाहरु,
पहाड,
छेउको,
चौतारीहुन,
अभिसक्त,
छन,
अप्ठ्यारो,
जस्तै,
गार्हो,
promoting,
nepali,
music,
हे,
ए,
हो,
टाढा,
धेरै,
उडेका,
रंगीन,
चरा,
धर्तिमा,
कहिले,
फिर्लान्,
आकाशको,
कालो,
मैलो,
हटि,
घाम,
जुन,
खुल्लान्,
2,
संघारमा,
कमजोर,
आमाको,
छाया,
हुरी,
चलेको,
आवेगमा,
यस्तो,
लाग्छ,
यो,
घरसंसार,
जलिरहेछ,
संवेगमा,
आज,
हामी,
माझ,
बल्झेका,
पिर,
सारा,
विलाई,
झर्लान्,
ओठमा,
चन्द्र,
सुर्य,
चम्के,
सरी,
मुस्कान,
भर्लान्,
यात्रामा,
बाटो,
पहिल्याउँदै,
यात्रि,
एकदिन,
पुग्छन्,
मुलबाटोमा,
घरलाई,
पिर्ने,
बाधा,
अड्चन,
मन्छाई,
दिउँला,
दोबाटोमा,
गाढा,
युगौँको,
भाइचारा,
तोडेर,
तोडिन्न,
एकदम,
पहाडमा,
मधेश,
धुन,
अनेक,
नाचौँ,
न,
मिलेर,
छमछम,
4,
मेरो,
हजुर,
यो,
माया,
तिमिलाइ,
नै,
भो,
सम्हाली,
राख,
जोगाएर,
राख२,
२,
सुनसान,
रात,
कहाँ,
हो,
कता,
तारा,
गन्दै,
खोजी,
बसे,
बाहिर,
हिमाल,
हासी,
रहेको,
थियो,
जुन,
लजाउदै,
तेति,
बेला,
सिरानी,
पल्टाएथे,
हजुरलाइ,
सम्झेर,
मै,
जसरी,
बिउझेउ,
कि,
तिमी,
पनि,
म,
त,
पागल,
प्रेमी,
बेहोसी,
हु,
सम्हाल,
मलाइ,
नत्र,
बौलाउने,
छु,
promoting,
nepali,
music,
रातो,
र,
चन्द्र,
सुर्य,
जङ्गी,
निशान,
हाम्रो,
जिउंदो,
रगत,
सरी,
यो,
वल्दो,
शान,
हिमाल,
झै,
अटल,
झुकेन,
कहिल्यै,
लत्रेन,
कहिले,
जन्मदै,
जगतमा,
कयौ,
प्रहार,
आए,
साम्राज्य,
दुई,
हारे,
हारेन,
श्री,
जब,
सम्म,
आकाशमा,
रहन्छन,
तब,
हुन्छ,
आफ्नै,
गाई,
सारी,
छन,
साधु,
जो,
यहाँ,
सबको,
शरण,
बलियो,
अग्लिने,
सुरमा,
हिमाल,
गहिरिने,
तालमा,
नदी,
जन्मै,
देखिको,
लडाइँ,
यो,
खै,
कहिले,
सकिने,
हो,
पर्वतहरु,
फोरी,
भित्र,
दुखेको,
दुखै,
हिम,
पहिरो,
छलेको,
छलै,
छाँगो,
छाँगै,
छ,
छल्क्यो,
पानी,
गहिरो,
बग्यो,
कता,
थाहा,
छैन,
छुट्ने,
कहाँ,
एउटा,
जुनी,
धुँदा,
पनि,
सेतै,
रहन्छ,
निलै,
निलो,
आकाश,
मेरो,
हजुर,
यो,
माया,
तिमीलाई,
नै,
हो,
सम्हाली,
राख,
जोगाएर,
सुनसान,
रात,
कहाँ,
कता,
तारा,
गन्दै,
खोजी,
बसेँ,
बाहिर,
हिमाल,
हाँसिरहेथ्यो,
जून,
लजाउँदै,
थियो,
त्यति,
बेला,
सिरानी,
पल्टाएथेँ,
हजुरलाई,
सम्झेर,
मै,
जसरी,
बिउँझ्यौ,
कि,
तिमी,
पनि,
म,
त,
पागल,
प्रेमी,
बेहोसी,
हुँ,
सम्हाल,
मलाई,
नत्र,
बौलाउने,
छु,
मै,
मरि,
जाउँला,
जीवन,
छोटो,
छ,
हो,
लेखेको,
सम्झना,
चेथेर,
नफाल,
सिरानमा,
फोटो,
सेतो,
कागतमा,
मनको,
रङ्गले,
फूलबुट्टा,
भरि,
पठाछु,
जतन,
गरी,
बाचेर,
मनले,
जवाफ,
लेखी,
पठाउनु,
आकाशै,
ज्यानको,
त्यो,
खुर्पी,
जून,
तुम्बाको,
लोँदुली,
छेकनी,
भेटघाट,
सपनी,
जस्तो,
यो,
मन,
के,
बुझाउनी,
पल्ला,
घरका,
वोइका,
चाँदिका,
कंगना,
हिमले,
ल्याउँछ,
हिमको,
खात,
नदीले,
बगर,
बन,
डढेको,
सबले,
देख्छ,
मन,
कस्ले,
शितैमा,
त,
फुलको,
हाँगो,
नओईलाउँदो,
रैछ,
त्यही,
खेर,
के,
पर्यो,
मलाई,
आफ्नो,
भन्ने,
को,
छ,
र,
बुढी,
भए,
बौसी,
भन्छन,
गरीब,
चोर,
दुनियाको,
चाल,
चलन,
भनी,
साध्य,
खान,
सबैजना,
आउँछन,
अघी,
पछी,
आखिरमा,
कोही,
हुन्न,
नि,
है,
आफ्नै,
काल,
गती,
तिमी,
पनि,
नेपाली,
म,
हामी,
विगतबाट,
सिक्ने,
हो,
बोकी,
हिँड्ने,
हैन,
अल्झी,
बसे,
एकै,
ठाउँ,
शिखर,
देखिँदैन,
उहिलेको,
पीडा,
भुल्न,
सकौँ,
मनको,
मैलो,
धुन,
हे,
अनि,
पो,
हिमाल,
पहाड,
तराईमा,
सीमा,
कतै,
छैन,
गहिरिए,
कहिले,
मेटीँदैन,
माफी,
गर्न,
सदभाव,
छर्न,
आगनै,
भरी,
हिउँ,
नै,
झरे,
आरु,
फूल,
है,
टिपी,
राखे,
लेकैमा,
बैसमा,
फूले,
मायाको,
मुस्कानमा,
सम्झिदेउ,
सुम्पिदेउ,
यो,
जोवन,
हामीलाई,
खोला,
नाला,
सुसाई,
दिन्छन,
तिम्रै,
सरगमहरुमा,
x2,
चाँदनी,
रातमा,
पर्खि,
बसे,
जीवन,
मै,
आउँला,
बादलु,
भै,
त्यो,
रमाइलो,
गाँवैमा,
मेरा,
यी,
रातहरु,
यादमा,
बितिरहेछ,
भावनामा,
हाम्रो,
प्रेमलाई,
सजाइ,
हा,
अभावै,
भयो,
तिमीबिना,
यो,
जीवन,
अभाव,
मनको,
ब्यथा,
कसलाई,
पोखुँ,
कहाँ,
जाउँ,
सुनाउँ,
मेरो,
कहानी,
हे,
रात,
भर,
जागि,
रहें,
सम्झदैं,
ति,
दिनहरु,
कल्पनामा,
डुबि,
रहँदा,
थाहै,
नपाई,
निदाँएछु,
मिर्मिरेमै,
बिउँझिएछु,
तिम्रो,
नाम,
लिएर,
बिन्ति,
छ,
मेरो,
ए,
मेरी,
मायालु,
एउटा,
चिट्ठी,
कोरी,
पठाईदेउ,
तिम्रा,
ह्रिदयका,
सारा,
भावनाहरु,
त्यहि,
चिट्ठीमै,
जीवनमा,
पहिलो,
नजर,
केबल,
तिमीलाई,
हेरें,
मनको,
यो,
खाली,
ठाउँमा,
तिम्रै,
तस्बिर,
कोरें,
चौतारीको,
डिलमा,
बसी,
धेरै,
ए,
लजाउने,
मायाको,
चुल्बुले,
तिम्रो,
मुहार,
कस्तिमा,
राम्री,
छौ,
हरियाली,
चियाबारीमा,
देख्दा,
तिमीलाई,
लाजमानी,
हाँसी,
लुकी,
चियाई,
रहें,
भनि,
मैले,
माया,
साँची,
रखे,
अब,
जीवन,
सुम्पी,
सके,
गण्डकीको,
तिरैमा,
लुकिछिपि,
खेलेको,
फेवा,
तालै,
डुंगामा,
बाराही,
मन्दिर,
घुमेको,
बिर्सि,
नदेउ,
मुटु,
मेरो,
छिया,
पारेर,
नजाउ,
छाडी,
नौ,
डाँडा,
काटेर,
जीवन,
उदास,
छ,
है,
तिमीलाई,
सम्झेर,
हाँसो,
रोदन,
सबै,
लिएर,
पर्खी,
बस्छु,
हाँसोमा,
नउडाइ,
देउ,
पराइ,
जून,
झै,
शितलु,
घाम,
पारिलो,
जहाँ,
जाउँ,
तिमी,
दाहिने,
चन्द्रमा,
परोस्,
शान्ति,
दुबो,
जस्तै,
फैलिदैं,
जाउ,
पाति,
मल्किदैं,
बर,
पिपल,
झैं,
मेरो,
देउरालीमा,
छाउन,
आउ,
दिन,
छदैं,
बादलुले,
हिमाललाई,
छेके,
के,
भो,
आखिर,
भोली,
उजेली,
त,
हुनु,
छ,
मन,
बाझ्ने,
कुराहरु,
आपसमा,
धेरै,
होलान्,
आफ्नै,
सम्झि,
बिर्सि,
दिनु,
चुपचाप,
आवाज,
छन्,
मिर्मिरेमा,
निस्के,
भरी,
कर्म,
गर्दै,
साँझ,
घर,
फिर्न,
पाउँ,
हामी,
मरेर,
गए,
नि,
यो,
देश,
सधैं,
रहि,
रहोस्,
लेकाली,
हेहे,
चोयाको,
डोको,
सानु,
माया,
लगाउने,
धोको,
नपुग्दै,
मर्छु,
पो,
क्यारे,
हे,
भन,
सोल्टी,
बरोबर,
नढाटी,
बग्यो,
खोला,
बेसी,
घर,
सम्मै,
तिम्रो,
कलेजिमा,
टम्मै,
आँखै,
मा,
गाजलु,
लपक्कै,
लाईदिउँ,
की,
छपक्कै,
बैसैमा,
रातो,
चोलो,
पाखुरीमा,
टिमीक्कौ,
बस्यो,
अाखैमा,
झिमिक्कै,
के,
गर्नु,
कर्कलो,
बारि,
पर्ख,
तिमिलाई,
रोइरहनै,
नपारि,
टाढा,
धेरै,
उडेका,
रंगीन,
चरा,
धर्तिमा,
कहिले,
फिर्लान्,
आकाशको,
कालो,
मैलो,
हटि,
घाम,
जुन,
खुल्लान्,
संघारमा,
कमजोर,
आमाको,
छाया,
हुरी,
चलेको,
आवेगमा,
यस्तो,
लाग्छ,
यो,
घरसंसार,
जलिरहेछ,
संवेगमा,
आज,
हामी,
माझ,
बल्झेका,
पिर,
सारा,
विलाई,
झर्लान्,
ओठमा,
चन्द्र,
सुर्य,
चम्के,
सरी,
मुस्कान,
भर्लान्,
यात्रामा,
बाटो,
पहिल्याउँदै,
यात्रि,
एकदिन,
पुग्छन्,
मुलबाटोमा,
घरलाई,
पिर्ने,
बाधा,
अड्चन,
मन्छाई,
दिउँला,
दोबाटोमा,
गाढा,
युगौँको,
भाइचारा,
तोडेर,
तोडिन्न,
एकदम,
पहाडमा,
मधेश,
धुन,
अनेक,
नाचौँ,
न,
मिलेर,
छमछम,
भेट,प्रेम
माझ,
बगल ,
योवन,प्रेम
खेल ,
नाम,
पर्वाहा ,
बोली,
आँखा,
बोलु,
डर,
सोचेर,
जाने,
खुसी,हर्ष
भुले ,
सारा,
संसार,
आज,
संग,
जाने ,
रमाइलो,हर्ष
मिलन,प्रेम
सम्बन्ध,प्रेम
पाएर,
नपाए,
चिनेर,
न चिने,
जिन्दगी,
आफ्नै,
हेरेको,
फर्की,
आशा,
मन,प्रेम
सोच्दै,
रमाउद,हर्ष
कल्पना,
भिजेर,
ओत,
पर्खिरहे,
रहर,
निस्ठुरी,दुखी
(येशू,
ढुकढुकि,
येशू,
बसिरहने,
प्राण,
प्यारो,प्रेम
रगत,
साइनो,
माया,प्रेम
नमेटिने,
ख्रीष्ट,
येशू,
दुलही,प्रेम
प्रभु,
सम्बन्ध,
गहिरो ,
मन,प्रेम
मुटु,प्रेम
प्रेम,प्रेम
नटुटने,
दिल,प्रेम
राजा,
आपस,
गाँसिएको,
जीवन,
प्रभाव,
संसार ,
उचाली,
ज्योति,
सुन्दर,
शान्त,
बिशाल,
गण्डकी,
कोसी,
कर्णाली,
मेची,
महाकाली,
लेक,
बेसी,
हिमालचुली,
सगरमाथा,
सीता,
दक्षिण,
भृकुटी,
तारा,
उत्तर,
चीन,
तिब्बत,
बुद्ध,
ज्ञान,
मुहान,
शिव,
सृस्टी,
पश्चिम,
पूर्व,
शक्ति,
सभ्यता,
साँझ,
माटो,
फूल,
प्रीत,प्रेम
खोपेर,
चन्द्र,
सुर्य,
नाँचौला,
ढाक्ने,
अाकाश,
डाल,
बादल,
मुहार,
लजाउने,
चाल,
रुप,
नमेटिने,
अँगालो,
साथ,
जुनि,
मोह,प्रेम
माया,प्रेम
अल्जेछ,
बर्बाद,
याद,
खोला,
पिरती,प्रेम
ऋतु,
समय,
पिर,
खुशी,
जुन,
यौवन,
तारा,
याद,
रगत,
जिन्दगी,
अधुरो,
मन,प्रेम
पानी,
आनन्द,हर्ष
विपना,
सपना,
जीवन,
कालो,दुखी
घाम,
पानी,
कुहिरो,
साँचो,
साहारा,
बाँचिरहेछु,
मायालु,प्रेम
फर्कि,
डढेलो,
पारी,
पीर,दुखी
बतास,
आगो,
याद,
बुझाईदेऊ,
जलीराने,
पक्डिदेउ,
अँध्यारो,
अधुरो,
रहर,
दिन,
रात,
नमिल्ने,
चोखो,
पियार,प्रेम
घुमाउन,
रहर,
मिठो,
तिर्खा,
पसिना,
छुट्याे,
रानी,
रसिलो,
कलिलो,
जोवन,
रसायो,
मर्नु,दुखी
भिर,
नरोए,
बाँचे,
तस्बिर,
भाबी,
कर्मलिला,
बाबा,
छोरा,
अामा,
रजहै,
दाजै,
भार्इ,
अंशै,
भाउजु,
देवर,
दिदी,
माइति,
बैनी,
सुन,
चुरा,
दान,
प्रिया,प्रेम
स्वामी,प्रेम
साथी,
मार,दुखी
शिर,
स्वर्गे,दुखी
गोली,दुखी
रून्छन,दुखी
बर्षदिन,
गम,दुखी
किनारै,
ढलपल,
रानी,प्रेम
टाढा,
चिसो,
हावा,
मुटु,प्रेम
भिज्ने,
जिन्दगी,
खोज,
बिरानो,
मर्ने,दुखी
रहर,
प्रहर,
भागेर,
जाऊँ,
चल्दैन,
बत्ति,
दियो,
खटन,
नियती,
निभ्छ,दुखी
ठहर,
मजा,
सास,
धोका,
भाग्य,
शंका,
रम्दछु,
प्यास,
टाढै,
बतास,
सजिलो,
दुखी,दुखी
रुन्छु,दुखी
गार्‍हो,दुखी
परदेश,
रमाउँला,हर्ष
सम्झी,
निधार,
नाम्लो,
भावी,
खेल,
गाउँघर,
तस्बिर,
पिढी,
आँसु,दुखी
आयो ,
आएन,
सोधे,
संसार,
आफ्नो,
चिठ्ठी,
दैलो,
आफ्नो,
भन्नैसकेन,
बाडौ,
साचेको,
घरबाहिर,
नाउँ,
लेखी,
डुल्ने,
जित्ने,
आँट,
साथ,
भबिष्य,
गीत,
रच्दै,
सुर,
ताल,
इतिहास,
अमर,
कहानी,
थाक्छु,दुखी
आड,
मोड,
मिठो,
विचार,
सपना,
बिलम्ब,
सुनौलो,
साकार,
भरोशा,
हरपल,
रक्षा,
आत्मबल,
इतिहास,
अमर,
जित्ने,
निदाएको,
कोल्टे,
सुकेको,दुखी
आगो,
निरास,दुखी
सुस्केरा,
दुःख,दुखी
जून,
सागर,
गह,दुखी
आँधी,
छाती,
बल्भिईदिन्छु,दुखी
आशा,
हृदय,प्रेम
सुम्पेको,
अधर,
हाँसो,
मुटु,प्रेम
खाली,दुखी
बल,
मोड,
छोड,
नाता,
जोड,
आफन्त,
रितै,
जन्मघर,
नाता,
पर्राई,
पछ्यौरी,
ओड,
बाटो,
सजिलो,
गाह्रो,
साँचो,
टुक्रा,
फोड,
फल,
बृक्ष,
साधना,
बरदान,
सूर,
आरोह,
अवरोह,
अलंकार,
सरगम,
टुक्रा,
अचल,
षडज,
पञ्चम,
सौभाग्य,
अँध्यारो,
उज्यालो,
भाव,
नर्तन,
रोदन,दुखी
गुञ्जन,
लोभिएर,
नहेर,
गम्केर,
अल्लारे,
कलिलो,
राम्री,प्रेम
चन्चले,
मिठा,प्रेम
रसिला,प्रेम
सुन्दिन,
भन्दिन,
सुटुक्कै,
भुतुक्कै,प्रेम
ढुकढुकी,प्रेम
मायालु,प्रेम
जिन्दगानी,
साथी,
जुनीजुनी,
बाच्छु,
मर्छु,दुखी
नजर,
बैंस,
रानी,
रूप ,
खानी,
नसालु,प्रेम
जवानी,प्रेम
डुब्न,
पाखे,
ठिटा,
लोभि,
तर्छौ,
बसन्ती,
ढलि,
जोबन,
साँचेर,
डर,
बग्दै,
रात,
जुन,
दिन,
घाम,
पिरती,प्रेम
अजम्बरी,
धर्ती,
बिहान,
साँझ,
तितो,दुखी
रंग,
मधुरो,दुखी
खबर,
किनारा,
नदी,
सागर,
दाजु,
नसमाऊ,
गाडी,
हिलो,
सानु,
घुम्न,
मैंया,प्रेम
झुलाएर,
ड्रिम,
सिंगल,
गोरो,
ह्यान्डसम,
नपट्टीए,
गफ,प्रेम
मिसन,
राम,
कृष्ण,
बाहिर,
सस्तो,
फकाउन,
ड्याड,
मम,
सिंगल,
राम्री,प्रेम
छोरी,
गोदावरी,
वन ,
काखैमा,
चोबार ,
प्रिती,प्रेम
साटौं,प्रेम
कान्छी,
एकोहोरो,
पाइला,
छुट्टै,
झुटो,
कसम,
यात्रा,
काँडा,
पाइला,
लड्छु,
व्यर्थै,
नजलाएकै,
अधुरो,
कहानी,
प्रेम,प्रेम
डाँडा ,
चुपचाप,
सहिदिन्छु,
बादल,
टाढा,
चाह्यौ,
आशमा,
बिदा,
छाइदियौ,
बहार,
सृष्टि,
उपहार,
नदेखें,
खसे,
नबोले,
पल,
धर्ती,
फूल,
चौतारी,
भास्से,
गोर्खाली,
सत्रु,
तमाम,
ईतिहास,
पुर्खा,
दुख्ख,दुखी
निर्दयी,दुखी
वीर,
पहाड,
घाम,
सिस्नो,
संगीत,
सस्कर,
पहाडै,
देउसी,
भाईलो,
माटो,
लैजाउ,
नेपाली,
गर्व,
पुर्खा,
ब्य्था,
सहेर,
कथा,
लडॉइ,
मैदान,
सुन,
तराजु,
बिकी,
कर्म,
अटल,
पसिना,
बिश्वास,
भरोसा,
अधिकार,
गुम्न,
हिमाल,
चम्किलो,
सफा,
बिचार,
जुनी जुनी,
मेरै,
आफ्नै,
परेली,
साथमा,
हाँस्न,
सजिलो,
बाँच्न,
अधूरा,
सुम्पिदिन्छु,
सास,
फेर्नुपर्ने,
एकनास,
कसम,
दूर,
हजुर,
बदलेला,
जरुर,
टाढा,
रंग,
जान्छ,
सादा,
बिना,
पुरा,
भरपुर,
जोडीले,
सपना,
राम्रा,
धड्कन,
चित्र,
गहिरो,
किनार,
आतुर,
बिरानो,
सङ्हालेर,
खोट,
किनार,
सागर,
हावा,
सुस्तरी,
एकान्त,
उडाई,
बाँचिरहे,
दुनिया,
तारा,
जुनेली,
नाचेको,
कल्पना,
आश,
उड्न,
हरयाली,
जोवन,
सीतल,
अस्तित्व,
एक्लै,
नाचुँम्ला,
छोडेर,
बिर्सेर,
टाढा,
सुनसान,
रानी,
बासना,
समझना,
कल्पना,
पर्खौने,
जाल,
देउराली,
जंगल,
ढलिसक्यो,
समुन्द्र,
डुबिरहने,
खाँचो,
प्रतिक्षा,
मोह,
रेल,
यौवन,
बितीसके,
बतासे,
बन्धन,
पुरानो,
मर्ने,
साथ,
हात,
जीतीदिन्छु,
चुमिदिन्छु,
उकाली,
ओराली,
याद,
आँखामा,
सजाई,
वसमा,
डुल्छ,
भुल्छ,
घरी,
नियालेर,
तिलहरी,
बुलकी,
पियारी,
आगौ,
सिरानी,
मारुनी,
नाच्छ,
छमछम,
मुटु,
विरह,
पलपल,
झझल्को,
चंगा,
भर,
डर,
मन,
बग्दै,
रात,
घाम,
अजम्बरी,
लुकामारी,
जुन,
आकाश,
आफ्नै,
साँझ,
बिहान,
तितो,
घामपानी,
मधुरो,
रंग,
बग्दै,
सागर,
नदी,
जित्ने,
आँट,
साथ,
भबिष्य,
सुरमा,
ताल,
अर्थ,
इतिहास,
अमर,
कहानी,
थाक्छु,
आड,
मोड,
सोच्न,
विचार,
सपना,
बिलम्ब,
साकार,
भरोशा,
हरपल,
रक्षा,
आत्मबल,
रच्दै,
सुर,
ताल,
कहानी,
दाजु,
नसमाऊ,
जान्न,
गोदावरी,
मनै,
राख,
संगै,
बसौं,
राख,
काखै,
साटौं,
फिलिम,
बिहानै,
बाटो,
आउने,
हेरी,
बाल्कुनि,
धुन,
अँध्यारो,
छाम्मछुम्म,
सुन्दरीजल,
खोला,
बुक,
पढ्नी,
डेटिंग,
लब्ली,
सेल्फी,
कान्छी,
एकोहोरो,
पाइला,
छुट्टै,
चल्नेछ,
झुटो,
कसम,
काँडा,
यात्रा,
व्यर्थै,
जिन्दगी,
नजलाएकै,
बन्ला,
जानु,
कहानी,
बैस,
बहार,
सृष्टि,
उपहार,
संसार,
नदेखें,
खसे,
नबोले,
नहिड्नु,
नदेखे,
भरी,
गोडमेलै,
दिलै,
चौतारी,
आभास,
कुन्नी,
बिझिदेला,
धुन,
रुप,
कति,
लोभ्याइ,
उडाइ,
होसै,
चांदी,
सुन,
किनारा,
नानी,
सुन्दर,
विहानी,
आवेश,
तिर्खा,
भेष,
बोलाई,
स्वर,
ढुकढकी,
विशाल,
धर्ती,
सुन्दर,
आत्मा,
मुर्ति,
हावा,
सद्भाव,
कोशिस,
उजाड,
झरेको,
निभेको,
फुटेसरी,
कोपिला,
नमुस्कुराउँदै,
प्रवास,
जलेर,
निशाद,
अधेँरी,
विषाद,
लास,
टुटेफुटे,
स्वप्न,
उराठ,
निभेको,
पर्खी,
कुर्दा,
कालो,
छाँया,
बोझ,
पोल्ने,
दियो,
आँधी,
बाँध्यता,
चाहना,
झर्यो,
फुट्यो,
काँडा,
हाँसेको,
मिठो,
नाचेको,
झुटो,
दह,
डुब्यो,
पिर,
खाली,
विरही,
रुवाएको,
दुख्यो,
पत्थर,
अन्जुली,
हृदय,
फुल,
आमा,
काँडा,
मायाममता,
मरेर,
रगत,
नाता,
विस्वास,
बाचा,
जन्मेर,
कोख,
भाग्य,
छोडेको,
नासो,
नाता,
विरानो,
न्यानो,
मायालु,
छहारी,
घाउ,
अन्जुली,
जिउँदै,
प्रतिविम्व,
टूटी,
अमर,
पाहुना,
गुनगुनाउ,
शान्ति,
प्यास,
रिझाउने,
गहिराइ,
सास,
क्षन,
सुख,
सुस्तरी,
रुवाई,
जुनी,
भाग्य,
घात,
हक,
मृत्यु,
गलहत्त्याउने,
प्रियसी,
एकान्त,
घात,
अंगाले,
सम्झना,
नमेटिने,
तिर्खाएको,
कुंवा,
माफ,
लोभी,
नजर,
डुबेछ,
भावना,
ओठ,
रोदीघर,
शिशीर,
मधुमास,
मृगतृष्णा ,
पुण्य,
रमाउन,
दाग,
रंग,
बरदान,
श्राप,
लालिगुराँस,
फाँट,
भिर,
संगाली,
बिरानो,
धड्किन्छ,
तड्पिन्छ,
चोट,
स्नेह,
बिरह,
नरोउ,
ढुंगा,
वाचा,
परेली,
कुलचिएर,
अल्झेछ,
पछ्यौरी,
कलिलो,
चेली,
दोबाटो,
तीज,
गरिब,
माईती,
सुसाई,
आषिस,
अन्तिम,
टिका,
क्षितिज,
इन्द्रेणी,
सिर,
तिता,
पल,
प्रसस्त,
सान्त्वना,
पराई,
हे,
ताल,
पिरीम,
उठ्यो,
बस्यो,
स्बास्स,
हुर्रर्रर्रर्रर्रर्र,
है,
नजाने,
जाने,
,
अइया,
खानी,
नाच्ने,
बाजा,
जुगौं,
सुनको औंठी,
सिलामुन्द्री,
तिरम्ला,
कलीजुग,
डूब्यो,
छुट्टिने,
बित्यो,
काट्ला,
नकाट्ला,
भोली,
आउला,
नआउला,
साँची,
सुन,
कथा,
पराई,
काख,
सुख,
शान्ती,
मर्यादा,
सल्केर,
बल्यो,
सुनसान,
रात,
दनदनी,
आगो,
मृत्यु,
लहर,
फैलिए,
गाँउ-बस्ती,
डर,
समय,
सयौं,
नेपाली,
सार्वभौम,
फैलिएका,
महाकाली,
मेची,
फूलका,
सयौं,
माला,
प्रकृति,
सम्पदा,
कोटी,
थुँगा,
ज्ञानभूमि,
शान्तिभूमि,
तराई,
पहाड,
हिमाल,
स्वतन्त्र,
वीर,
रगत,
आंचल,
अटल,
अखण्ड,
प्यारो,
हाम्रो,
मातृभूमि,
बहुल,
जाति,
भाषा,
धर्म,
संस्कृति,
विशाल,
अग्रगामी,
राष्ट्र,
जय,
सुन,
पराई,
गाँउ,
कथा,
ब्यथा,
हिमाल,
काख,
सुख,
सल्केर,
बल्यो,
मर्यादा,
सुनसान,
रात,
दनदनी,
मृत्यु,
आगो,
मियो,
लहर,
बस्ती,
डर,
समय,
झेल्ली,
देश,
दुख्यो,
ठाँउ,
कोशीस,
फैलिए,
आशिस,
पुर्खै,
सम्झेर,
होस,
बेलैमा,
पुर्याउ,
शान्त,
सुन्दर,
रचेर,
प्रेम,
बिनाकारण,
लछारिनु,
शान्ती,
पछारिनु,
छोपी,
खानु,
बिख,
साँझ,
मरिरहनु,
दैब,
स्राप,
अचम्मै,
सिस्नो,
उम्र्यो,
सिमाना,
टक्क,
अडेर,
छाती,
बोकेर,
पैतला,
हत्केला,
निधार,
उर्लियो,
छाती,
ब्यथा,
चुपचाप,
जंघार,
तर्नि,
भक्कनो,
रुदै,
मुंग्लान,
बचन,
प्रीती,
साँचेर,
बैर,
भाव,
त्यागेर,
पाउँछ,
स्वर्ग,
बिधी,
गुन,
बुद्ध,
बैरी,
आशिस,
रचेर,
पैतला,
उर्लियो,
सम्साँझै,
कराईरह्यो,
खबर,
मरेको,
थाकिसकेँ,
हिमाल,
रगत,
घाउ,
सिउरी,
निदाउन,
आदर्श,
छातछुल्ल,
बुझौ,
मघुर,
काग,
खबर,
नियति,
फगत,
सुसेलेर,
संघर्ष,
विपना,
संगाल्दै,
विराम,
टाढा,
उडेका,
रंगीन,
मैलो,
कालो,
फिर्लान्,
संघार,
कमजोर,
आमा,
छाया,
हुरी,
आवेग,
संवेग,
माझ,
बल्झेका,
विलाई,
झर्लान्,
चन्द्र,
सुर्य,
मुस्कान,
भर्लान्,
यात्रा,
अड्चन,
मन्छाई,
दोबाटो,
बाधा,
भाइचारा,
धुन,
छमछम,
नाचौँ,
असजिलो,
उचाई,
मैदान,
उकालो,
सन्तान,
स्वच्छन्द,
चौतारी,
अभिशप्त,
अफ्ठ्यारो,
उचाईमा,
मैदान,
उच्च,
आकाश,
सिमल,
समुन्द्र,
झिलिमिलि,
इर्ष्या,
धर्ति,
विघ्न,
प्रगति,
एकादेश,
टिपिलान्थे,
सञ्चार,
सिमल,
भुवा,
समुन्द्र,
दशा,
अभाव,
विरता,
शहर,
जन्मभुमि,
शितलु,
जून,
घाम,
पारिलो,
दाहिने,
परोस्,
मल्किदैं,
पिपल,
देउराली,
बादलु,
असजिलो,
उचाइ,
अभिसक्त,
अप्ठ्यारो,
गार्हो,
हजुर,
तारा,
पागल,
प्रेमी,
बेहोसी,
सम्हाल,
बौलाउने,
निशान,
जङ्गी,
जिउंदो,
वल्दो,
शान,
चन्द्र,
रातो,
सुर्य,
प्रहार,
साम्राज्य,
सारी,
शरण,
बलियो,
खै,
साधु,
पर्वत,
हिम,
छाँगो,
छल्क्यो,
बग्यो,
निलो,
माया,
सुनसान,
तारा,
हाँसिरहेथ्यो,
लजाउँदै,
सिरानी,
बिउँझ्यौ,
बेहोसी,
पागल,
मरि,
जीवन,
छोटो,
चेथेर,
नफाल,
फोटो,
सेतो,
फूलबुट्टा,
जतन,
बाचेर,
जवाफ,
सिरानमा,
सम्झना,
तुम्बा,
ज्यान,
छेकनी,
भेटघाट,
सपनी,
बुझाउनी,
कंगना,
डढेको,
वोइ,
काल,
गती,
बौसी,
दुनिया,
साध्य,
विगत,
शिखर,
सीमा,
मुस्कान,
सरगम,
लेकैमा,
चाँदनी,
गाँवैमा,
भावना,
रमाइलो,
तिमीबिना,
अभाव,
पोखुँ,
कहानी,
कल्पना,
डुबि,
मिर्मिरे,
बिन्ति,
मायालु,
चिट्ठी,
कोरी,
ह्रिदय,
केबल,
तस्बिर,
चौतारी,
डिल,
लजाउने,
चुल्बुले,
मुहार,
कस्ति,
राम्री,
हरियाली,
चियाबारी,
लाजमानी,
हाँसी,
लुकी,
चियाई,
साँची,
सुम्पी,
लुकिछिपि,
फेवा,
गण्डकी,
उदास,
बाराही,
शितलु,
जून,
पारिलो,
लेकाली,
उजेली,
सोल्टी,
नढाटी,
बग्यो,
टम्मै,
गाजलु,
लपक्कै,
मर्छु,
पाखुरी,
कर्कलो,
बैसैमा,
टाढा,
दुलही,
सजिएर,
बारात,
स्वयम्बर,
अङ्गालेर,
बह,
आभाषा,
रोएर,
ओइलाउन,
यौवन,
सन्कोच,
मर्यो,
गोलि,
मीठो,
बोली,
उडायो,
रेलैले,
कसम,
खाँदैन,
बिना,
थुँगा,
फूल,
माला,
सार्वभौम,
फैलिएका,
प्रकृति,
कोटी,
ज्ञानभूमि,
भूपति,
गम्भीर,
श्रीमान्,
प्रचण्ड,
प्रतापी,
भूपति,
महाराजाधिराज,
सरकार,
उन्नति,
चिरायु,
फैलियोस्,
प्रजा,
जय,
पुकारौ,
साधछातीभित्रना,
बरदान,
गीत,
सूर,
आफ्ना,
मीत,
आरोह,
अवरोह,
जीवन,
सुख,
अलंकार,
सरगमका,
षडज,
पञ्चम,
सौभाग्य,
अचल,
नर्तन,
भाव,
गुञ्जन,
रोदन,
हाँसो,
सागर,
रोईदिन्छु,
गह,
आँधी,
छातीभित्र,
बल्भिईदिन्छु,
हृदय,
अधर,
निचोरी,
सुम्पेको,
रदेश,
रमाउँला,
परदेश,
साइली,
नरुनु,
आउँला,
दियो,
नाम्लो,
बरियो,
भावी,
झलल,
झर्दो,
बरर,
आँसु,
पिढी,
जाँतो,
घरर,
परेली,
अंगालो,
बाँधी,
लुकाई,
रोक,
उड्न,
मुटु,
धड्कन,
साँचेर,
साहारा,
बास,
धुकधुकी,
बिहानी,
मिर्मिरे,
अाँखा,
सुनौलो,
घाम,
झुल्का,
स्व्यम्भु,
कदम,
पुगे,
पशुपति,
देखे ,
मनिस,
विश्वास,
अनुभुति,
स्वर्ग,
पवित्र,
खुशी,
मुस्कान,
हर्श,
प्रकृति,
काठमाडौं,
धरहरा,
वसन्तपुर,
रानीपाेखरी,
मन्दिर,
पुराना,
कला,
पिरो,
मिठो,
चरी,
बागमती,
नवीन,
सुनौलो,
स्व्यम्भु,
पाउछु,
सपनी,
निन्द्रै,
देखाउन,
सक्दिन,
माया,
गर्छु,
गर्छु,
अंगालो,
टुक्र्याइ,
जोड्न,
छाया,
जिन्दगी,
मुहार,
हाशो,
आशु,
दिन,
रात,
माझ,
साझ,
आन्धी,
शान्ति,
जिबन,
तृष्णा,
प्राप्ति,
जन्म,
मृत्युु,
खेल,
श्वास,
अडेको,
चाहेर ,
नजिक,
आउन,
सकिन,
सायद,
कमजोरी,
बिवसता,
जुन,
तारा,
कैयौं,
चिसा,
रात,
बिताए,
ऋतु,
डुबि,
भाग्य,
प्रतिक्षा,
गोधुँली,
साँझ,
सङ्गै,
हिंड्ने,
साथी,
मन,
कुरा,
हल्ला,
नगर,
काट्ने,
सल्ला,
पाइला,
चाल,
सम्झ,
बाटो,
रोज,
सोच,
भावना,
छोपी,
ईर्स्यालु,
जल्ने,
बुझ,
बाधा,
भुल,
बिहानी ,
किरण,
सम्झना,
मुटु,
आस,
जागी,
नयाँ,
उत्साह,
उमंग,
सुन्दर,
सपना,
सिर्जिदिन्छ,
हावा,
छोइदिदा,
वर्षात,
चुमिदिदा,
तन,
बोलाउछ,
डोर्याउछ,
किरण,
आस,
जागी,
एक्लै,
सुन्यता,
बतास,
जिस्काउछ,
कल्पना,
डुबिदिदा,
सुसाइदिन्छ,
झलझली,
अतीत,
याद,
झस्काइरहन्छ,
बिर्सन,
प्रयास,
सम्झना,
आउँछ,
दुरि,
नराम्रो,
नमिठाे,
फर्केन,
पीडा,
लुकाइ,
मुटु,
सम्झिरहन्छु,
बर्सन्छ्न,
अासु,
कठिन,
मेल,
टाढिन,
रुन्छु,
केटा,
टक्क,
रुरुरुरुरुरुरु,
पाथी,
मकै,
कोदो,
घट्टैमा,
पिनेर,
हजुर,
धन्दा,
छिनेर,
माया,
रुमाल,
हल्लाऊदै,
सिरैमा,
निधार,
टिकी,
राम्री,
पिरिम,
भेट,
सत्कार,
मोरी,
गाजल,
ओठ,
लाली,
सुहाको,
नुहाको,
कुटु,
सुपारी,
दाना,
ज्यान ,
जीउ,
खाइलाग्दो,
जागिरे,
गाउँछ,
गीत,
ज्योति,
उचाली,
सुन्दर,
बिशाल,
कर्णाली,
गण्डकी,
कोसी,
लेक,
बेसी,
बिउझाउँ,
लाखौँ,
उचाली,
हिमालचुली,
पहिलो,
निकाली,
सगरमाथा,
सीता,
भिजाइन,
दक्षिण,
लंका,
भारत,
भृकुटी,
तारा,
उत्तर,
उदाइन,
चीन,
तिब्बत,
बुद्ध,
ज्ञान,
मुहान,
शिव,
बिहान,
सृस्टी,
पश्चिम,
किल्ला,
काँगडा,
पूर्व,
टिस्टा,
शक्ति,
एसिया,
माझ,
सभ्यता,
बास,
माटो,
फूल,
रोपेर,
खोपेर,
शिला,
बाँचौला,
ध्वोजा,
वैंश,
छदा,
दिल,
अंत,
प्रीती,
रिती,
सस्तो,
बिछोड,
हाँस्छ,
रुन्छ,
जुडछ,
मिली,
बाडछ,
जिवनसाथी,
साह्रो,
गुराँसै,
रोग,
सपना,
मन,
जल्ने,
फुल्यो,
जिस्काउन,
छाडीदेउ,
गहराई,
अडेको,
झझल्को,
नौलाखे,
उज्यालो,
टाढा,
राखिदेउ,
छरीदेउ,
घटाउछु,
भुल्न,
सक्दिन,
याद,
नाला,
खोला,
भन्ज्याङ्ग,
लाज,
जवानी,
फर्किएला,
लुकेर,
पोखाउ,
चौबन्दी,
सपनी,
दोबाटो,
साक्षी,
फुल,
गाजलु,
बिर्सेर,
भैदियौ,
फर्की,
बिदा,
परेली,
भिजाई,
याद,
सम्झी,
सायद,
मरिजाने,
नयन,
झुठो,
सानी,
कसम,
वचन,
बोलि,
नलुकाई,
बाँधी,
सिउँदो,
दिउंला,
चुल्ठी,
सन्काउने,
साटौं,
गांसौंला,
काटौंला,
संसार,
बग्ने,
साँची,
मंसिर,
राजीखुशी,
व्यर्थ्यै,
पीडा,
दशि,
लेख्योनि,
भाबी,
ठैमलाउ,
छोरा,
भार्इ,
भाउजु,
लोभ,
साॅचेको,
आगमन,
चुम्यो,
झुल्यो,
बड्यो,
एक्लोपन,
टाढा,
घाउ,
बिर्सन,
रुवाउछ,
बिस्तारै,
फिँजाई,
रम्न,
न्यानो,
सागर,
जुनेली,
सुस्तरी,
भुल्न,
हरियाली,
आँगनै,
भिर,
चमेली,
थरीथरी,
लालिगुराँस,
झरना,
सुसेली,
झलझली,
शिर,
उभिएको,
माहात्मा,
स्वदेश,
गाजलु,
टीका,
बसिदेउ,
लुकेर,
तोडिएको,
अधिकार,
बिर्सेर,
खुशी,
सम्झी,
नरोइदेऊ,
बगेको,
साइनो,
मीठो,
बहाना,
लुकाई,
टिपेर,
भर्रौंला,
बैमानी,
कस्ने,
रोजूं,
चोखो,
डांडई,
ज्यानै,
कलकल,
अन्जुली,
सुम्पीदिउँला,
पटुकी,
वरपिपल,
चोखो,
अधुरो,
साथ,
तस्बिरै,
सम्हालू,
बाबा,
अामा,
अंशै,
समय,
डर,
गगन,
झुम्यो,
फुल्यो,
पहिरो,
छिचोल्दै,
नसम्झ,
तोड्ने,
याद,
हसाउछ,
भुल्न,
डुब्दै,
मुक्त,
अंगालो,
खुला,
अन्धकार,
उज्याली,
अर्द्ध,
दीन,
बनी,
सुसन्देश,
दुर्दशा,
मिचे,
भार,
पाप,
सुधार्न,
उड्यो,
मधुरो,
जीवन,
याद,
वर्षा,
अप्रित,
अफाप,
तस्बिर,
यौवन,
पंछी,
सिन्दुरी,
चोट,
खासम,
जाली,
जुठो,
नबोलाउ,
बेदना,
सुकिली,
जवानी,
स्वर्गमै,
अंधेरी,
फकाउदा,
रुन,
बिश्वास,
झुक्दा,
चल्छ,
आगो,
अध्यारो,
शिता,
सुन्यता,
रित्तो,
ओठ,
बसन्त,
छाडेकी,
भनीगयौ,
सरम,
बालक,
प्यार,
सुस्ताए,
थोपा,
कालो,
केस,
तर्के,
सुनसान,
कान्छी,
मायालु,
जाँडरक्सी,
रक्सी,
ओछ्यान,
जाँड,
मुथे,
गफै,
सहन,
नाता,
खुशी,
बसन्त,
दिर्घायु,
अभिसेस,
बुन्द,
श्रद्धा,
पथप्रदर्शक,
झल्किरहने,
सजाइदिन,
स्वाभिमानी,
आकार,
खम्बा,
पोखिएर,
झुल्का,
संघार,
ढोका,
फक्री,
बतास,
थाहा,
प्वाँख,
झुल्का,
चाँदनी,
संगीत,
पल,
रिमझिम,
गहिरो,
यौवन,
झल्झली,
शंहु,
उडी,
आशु,
पिरती,
मायालु,
सदर,
झुठो,
निस्ठुरी,
रात,
बाडिन,
सुकुमारी,
मुस्कान,
सर्दै,
हत्या,
नासिन,
रमाइलो,
ठानिसके,
जल्छ,
बर्षा,
आशु,
प्रतिक्ष,
किनारानै,
डुबिसक्यो,
बिछोड,
कांडा,
सपना,
होकी,
सुकुमारी,
झन्झनाइ,
धड्कन,
जुलाफी,
सिम्सिमे,
प्रिथ्बी,
अलिकती,
अचानक,
पोइ,
रेशमी,
तानेर,
हिरो,
फकाउन,
मोती,
स्वार्थी,
बुट्टा,
बादल,
बिछोड्,
तोड्यौ,
विश्वास,
न्यानो,
कामना,
प्रीत,
रंगाउन,
बलिरहने,
बत्ती,
सदुवा,
साँझ,
फराकिलो,
सर्वोअंग,
भरोसा,
पुत्र,
संकोच,
दुष्ट,
बेथलेहेम,
येरुशलेम,
ख्रीष्ट,
जीवनधार,
नरम,
तलाउ,
थाम्दैन,
सरगम,
सजाऊ,
बहार,
बसन्त,
प्रित,
बन्धन,
धोका,
अफाप,
मोहनी,
तिर्खा,
मिठो,
बन्दकी,
कदर,
वाधा,
रोए,
लाडिन,
राम्री,
नासो,
टासिन,
लुकामारी,
सराप,
हास्न,
थामिदिन,
बदला,
हावा,
नशा,
बिहान,
गुन्जिने,
झर्दा,
गल्ती,
नाउ,
आजभोलि,
सँगै,
घुम्टो,
मोति,
चिर्बिरे,
गाला,
पसिना,
कपाल,
भागेकी,
तर्की,
कदम,
सावित्री,
नक्कली,
लुछ्ने,
मोरी,
रिसाउने,
ट्वाक,
घामपानी,
गनीगनी,
बाटो,
पल्,
फाल्यौ,
छायाँ,
श्वास,
सुवाश,
भक्ती,
शुभकामना,
अखन्ड,
सिउँदो,
संध्या,
दिर्घायु,
आनिबानी,
मुक्ति,
भरोसा,
जूनि,
लुक्न,
मुटु,
पाचु,
नसम्झिदा,
यात्रा,
फ़ेर्योउ,
हेर्योउ,
सेर्योउ,
बिछोड्,
सहन,
सम्झेर,
दुर,
पर्खि,
रहुँला,
दृष्टि,
सुर,
मार्योउ,
खुसि,
नाता,
तस्बिर,
खुशी,
मुवाई,
मिठो,
न्यानो,
छेक्दिन,
खोस्दिन,
सिउँदो,
सिन्दुर,
चर्चा,
आफन्त,
साथीभाई,
कुराकानी,
मक्ख,
एकोहोरो,
गाढा,
बिपनी,
शृंगार,
