,words,sentiments,word
,,,#VALUE!
,,,#VALUE!
,,,#VALUE!
,,,#VALUE!
5,जतासुकै,,everywhere
6,लैजाउ,प्रेम,align
,लैजाउ,दुखी,align
,,,#VALUE!
9,मन,प्रेम,mind
,,,#VALUE!
,,,#VALUE!
12,नेपाली,देश्भक्ती,nepali
,,,#VALUE!
14,,,#VALUE!
15,गर्व,हर्ष,glory
,,,#VALUE!
17,हाम्रो,प्रेम,our
18,पुर्खाले,देश्भक्ती,fathers
,,,#VALUE!
20,ब्य्थाहरु,दुखी,bythaharu
21,सहेर,दुखी,freely
22,इतिहासमा,देश्भक्ती,history
23,कथा,,story
,,,#VALUE!
25,,,#VALUE!
26,,,#VALUE!
27,लडॉइ,देश्भक्ती,ladoi
28,मैदान,देश्भक्ती,ground
29,भागिदिंछ,दुखी,bhagidincha
30,सुनको,,gold
31,तराजुमा,,the balance
32,बिकी,देश्भक्ती,sold
33,दिंछ,हर्श,dincha
34,आफ्नै,प्रेम,own
35,कर्ममा,देश्भक्ती,horrible
36,अटल,देश्भक्ती,firm
37,रहने,हर्श,stay
38,पसिना,देश्भक्ती,sweat
39,बिश्वास,प्रेम,believe
,बिश्वास,हर्श,believe
,बिश्वास,देश्भक्ती,believe
,,,#VALUE!
,,,#VALUE!
,,,#VALUE!
43,भरोसामा,प्रेम,trust
,भरोसामा,देश्भक्ती,trust
44,बाचिदिंछ,प्रेम,bacidincha
,बाचिदिंछ,देश्भक्ती,bacidincha
45,आफ्नो,प्रेम ,his
46,अधिकारलाई,देश्भक्ती,right
47,गुम्न,दुखी ,loss
48,हिमाल,देश्भक्ती,mountain
49,झै,,like
50,चम्किलो,हर्श,bright
51,सफा,हर्श,clean
52,छाती,,chest
53,आकाश,,sky
54,फिजिए,,the chill
55,बिचार,,thought
56,बिशाल,प्रेम,large
,बिशाल,देश्भक्ती,large
57,परेलीमा,प्रेम,magazines and
58,लुकाई,,hidden
59,अंगालो,प्रेम,hug
60,,,#VALUE!
61,बाँधी,प्रेम,bound
62,जान,,life
63,देउ,प्रेम,let
64,रोक,,stop
65,उड्न,प्रेम,fly
,उड्न,हर्श,fly
66,को,,to
67,चरी,,sorghum
68,जस्तै,,like
69,,,#VALUE!
70,बाँधेर,प्रेम,bind
71,तिम्रै,,yours
72,मुटुमा,प्रेम,heart
73,धड्कन,प्रेम,rate
74,साँचेर,प्रेम,store
75,आँखामा,प्रेम,eyes
76,साहारा,प्रेम,sahara
77,,,#VALUE!
78,भित्र,,within
79,साँची,प्रेम,impious
80,आँखा,प्रेम,eye
,आँखा,हर्श,eye
,आँखा,दुखी,eye
81,अल्झाई,प्रेम,aljhai
,,दुखी,#VALUE!
82,रम्न,हर्श,highlands
83,बास,,bass
84,बस्न,,to live
85,हृदयको,प्रेम,heart
86,धुकधुकी,प्रेम,palpitations
87,रातो,प्रेम,red
,रातो,देश्भक्ती,red
88,,,#VALUE!
,,,#VALUE!
90,सुर्य,हर्श,surya
91,जङ्गी,देश्भक्ती,igp
92,निशान,देश्भक्ती,mark
93,जिउंदो,देश्भक्ती,aboriginal
94,रगत,देश्भक्ती,blood
95,सरी,,surrey
96,वल्दो,,valdo
97,शान,देश्भक्ती,scintillation
98,झुकेन,देश्भक्ती,meek
,,,#VALUE!
100,लत्रेन,देश्भक्ती,latrena
,,,#VALUE!
102,जन्मदै,हर्श,benoni
103,जगतमा,देश्भक्ती,the universe
,,,#VALUE!
105,प्रहार,देश्भक्ती,strike
,,,#VALUE!
107,साम्राज्य,देश्भक्ती,empire
,,,#VALUE!
109,हारे,देश्भक्ती,losses
,हारे,दुखी,losses
,हारे,प्रेम,losses
110,हारेन,देश्भक्ती,weakened
,हारेन,हर्श,weakened
111,श्री,,mr.
112,जब,,when
113,सम्म,,up
114,आकाशमा,,the sky
115,रहन्छन,,the earth
,,,#VALUE!
,,,#VALUE!
118,गाई,देश्भक्ती,cow
119,सारी,,all
,,,#VALUE!
121,साधु,,monk
,,,#VALUE!
,,,#VALUE!
124,सबको,,all
125,शरण,देश्भक्ती,shelter
126,बलियो,प्रेम,strong
127,टाढा,प्रेम,from
,टाढा,दुखी,from
128,धेरै,,more
129,उडेका,,unified
130,रंगीन,प्रेम,colored
131,चरा,,bird
132,धर्तिमा,देश्भक्ती,dhartima
133,फिर्लान्,,phirlan
134,आकाशको,,rainwater
135,कालो,दुखी,black
136,मैलो,दुखी,mallow
137,हटि,,hati
138,घाम,हर्श,heat
139,जुन,हर्श,the
140,खुल्लान्,,khullan
141,संघारमा,,the threshold of
142,कमजोर,दुखी,weak
,कमजोर,प्रेम,weak
143,आमाको,प्रेम,mother
144,छाया,दुखी,shadow
,छाया,प्रेम,shadow
145,हुरी,दुखी,wind
146,चलेको,,run
147,आवेगमा,दुखी,flurry
148,यस्तो,,this
149,लाग्छ,,think
150,घरसंसार,प्रेम,my home
151,जलिरहेछ,दुखी,jalirahecha
152,संवेगमा,दुखी,fear
153,आज,,today
154,हामी,,we are
155,माझ,,among
156,बल्झेका,,.charlize
157,पिर,दुखी,tapping
158,सारा,प्रेम,all
159,विलाई,दुखी,villi
160,झर्लान्,,jharlan
161,ओठमा,प्रेम,lips
162,चम्के,,glory
163,मुस्कान,प्रेम,smile
164,भर्लान्,,bharlan
165,यात्रामा,प्रेम,tour
,यात्रामा,दुखी,tour
166,बाटो,दुखी,way
,बाटो,प्रेम,way
,बाटो,देश्भक्ती,way
167,पहिल्याउँदै,,pass
168,यात्रि,,passengers
169,एकदिन,दुखी,one day
170,पुग्छन्,,reaches
171,मुलबाटोमा,,highway
172,घरलाई,,house
173,पिर्ने,,pirne
174,बाधा,दुखी,interruption
175,अड्चन,दुखी,obstacle
176,मन्छाई,,manchai
177,दिउँला,,your mind
178,दोबाटोमा,,crossroads
179,गाढा,दुखी,dark
180,युगौँको,,ponder
181,भाइचारा,प्रेम,brotherhood
182,तोडेर,,breaking
183,तोडिन्न,,todinna
184,एकदम,,too
185,पहाडमा,देश्भक्ती,mountain
186,मधेश,देश्भक्ती,madhes
187,धुन,,fad
188,अनेक,,many
189,नाचौँ,हर्श,nacaum
190,मिलेर,,together
191,छमछम,हर्श,chamachama
192,आगनै,,aganai
193,भरी,,full
194,हिउँ,,snow
195,झरे,,down
196,आरु,,aarau
197,फूल,हर्श,flower
,फूल,प्रेम,flower
198,,,#VALUE!
199,टिपी,,pickers
200,राखे,,put
201,लेकैमा,,lekaima
202,बैसमा,,baisama
203,फूले,,bloated
204,मायाको,प्रेम,love
205,मुस्कानमा,प्रेम,smile
206,सम्झिदेउ,प्रेम,samjhideu
207,सुम्पिदेउ,प्रेम,sumpideu
208,जोवन,,jovan
209,हामीलाई,,us
210,खोला,देश्भक्ती,opened
211,नाला,देश्भक्ती,stream
212,सुसाई,,sushi
213,दिन्छन,,oppression
214,सरगमहरुमा,देश्भक्ती,saragamaharuma
215,,,#VALUE!
216,चाँदनी,हर्श,moonlight
,चाँदनी,प्रेम,moonlight
217,रातमा,दुखी,night
,रातमा,प्रेम,night
218,पर्खि,,wind
219,बसे,,sat
220,जीवन,,life
221,,,#VALUE!
222,आउँला,,arrive
223,बादलु,,cloudy
224,,,#VALUE!
225,त्यो,,the
226,रमाइलो,हर्श,fun
227,गाँवैमा,,home country
228,मेरा,,my
230,रातहरु,,nights
231,यादमा,प्रेम,remember
,,दुखी,#VALUE!
232,बितिरहेछ,दुखी,sighing
233,भावनामा,प्रेम,emotions
,भावनामा,दुखी ,emotions
234,प्रेमलाई,प्रेम,love
235,सजाइ,,caring
,,,#VALUE!
237,अभावै,,we tend to
238,भयो,,was
239,तिमीबिना,दुखी,without you
240,अभाव,दुखी,shortage
241,मनको,प्रेम,heart
,मनको,दुखी,heart
,मनको,हर्श ,heart
242,ब्यथा,दुखी,koshish
243,कसलाई,,who
244,पोखुँ,,pokhum
246,जाउँ,,go up
247,सुनाउँ,,share a
248,कहानी,,story
249,,,#VALUE!
250,,,#VALUE!
251,भर,,fill
252,जागि,,stay
253,रहें,,stay
254,सम्झदैं,,of becoming
255,,,#VALUE!
256,दिनहरु,,days
257,कल्पनामा,प्रेम,imagination
258,डुबि,प्रेम,tarried
,डुबि,दुखी ,tarried
259,रहँदा,,while
260,थाहै,,know
261,नपाई,,metering
262,निदाँएछु,,nidamechu
263,मिर्मिरेमै,प्रेम,mirmiremai
,,दुखी ,#VALUE!
264,बिउँझिएछु,,biumjhiechu
265,तिम्रो,,your
266,नाम,,name
267,लिएर,,with
268,बिन्ति,दुखी,petition
269,ए,,e
270,मेरी,,my
271,मायालु,प्रेम,loving
272,एउटा,,a
273,चिट्ठी,,letter
274,कोरी,,cory
275,पठाईदेउ,,pathaideu
276,तिम्रा,,your
277,ह्रिदयका,प्रेम,forgiveness of
278,भावनाहरु,प्रेम,emotions
279,त्यहि,,the same
280,चिट्ठीमै,,citthimai
281,जीवनमा,,life
282,पहिलो,,first
283,नजर,प्रेम ,look
284,केबल,,cable
285,तिमीलाई,,you
286,हेरें,,looked
287,खाली,दुखी,empty
288,ठाउँमा,,place
289,तस्बिर,प्रेम ,image
290,कोरें,,coren
291,चौतारीको,,chautari
292,डिलमा,,to save their
293,बसी,,busey
294,लजाउने,प्रेम,shyness
295,चुल्बुले,हर्ष,culbule
296,मुहार,हर्ष,the face
,मुहार,प्रेम,the face
297,कस्तिमा,,renounce
298,राम्री,प्रेम,beautiful
299,छौ,,you
300,हरियाली,हर्ष,greenery
,हरियाली,प्रेम,greenery
,हरियाली,देश्भक्ती ,greenery
301,चियाबारीमा,,ciyabarima
302,देख्दा,,seeing
303,लाजमानी,प्रेम,shame
304,हाँसी,हर्ष,gladly
305,लुकी,,luki
306,चियाई,,chiayi
307,भनि,,make
308,मैले,,i
309,माया,प्रेम,illusion
310,रखे,,kept
311,अब,,now
312,सुम्पी,प्रेम,roll
313,सके,,could
314,गण्डकीको,देश्भक्ती,gandaki
315,तिरैमा,,lift
316,लुकिछिपि,,lukichipi
317,खेलेको,हर्ष,played
318,फेवा,प्रेम,phewa
319,तालै,प्रेम,talai
320,डुंगामा,प्रेम,ferry
321,बाराही,,neelbarahi
322,मन्दिर,,house
323,घुमेको,,curved
324,बिर्सि,,forget about
325,नदेउ,,doeth
326,मुटु,प्रेम,heart
327,छिया,दुखी,dirt
328,पारेर,,pieces
329,नजाउ,प्रेम,vishnu
,नजाउ,दुखी,vishnu
330,छाडी,दुखी,leave
331,नौ,,nine
332,डाँडा,देश्भक्ती,mountain
333,काटेर,,cut
334,उदास,दुखी,sad
335,सम्झेर,,remembering
336,हाँसो,हर्श ,laughter
337,रोदन,दुखी,weeping
338,सबै,,all
339,पर्खी,,looking
340,बस्छु,,stay
341,हाँसोमा,हर्श,scoff
342,नउडाइ,,naudai
343,पराइ,दुखी,foreigners
344,जून,हर्श,june
,,प्रेम ,#VALUE!
345,शितलु,,sitalu
346,पारिलो,,climes
347,जहाँ,,where
348,तिमी,,you
349,दाहिने,,right
350,चन्द्रमा,देश्भक्ती,moon
351,परोस्,,heads
352,शान्ति,देश्भक्ती ,peace
353,दुबो,,trimmed
354,फैलिदैं,,phailidaim
355,जाउ,,go
356,पाति,,pati
357,मल्किदैं,,malkidaim
358,बर,,bur
359,पिपल,प्रेम,people
360,झैं,,like
361,देउरालीमा,,deurali
362,छाउन,,thereby
363,आउ,,au
364,दिन,,day
365,छदैं,,sinners
366,बादलुले,,badalule
367,हिमाललाई,देश्भक्ती,mountain
368,छेके,,the breach
369,के,,the
370,भो,,bho
371,आखिर,,after all
372,भोली,,girlish
373,उजेली,प्रेम,ujeli
,उजेली,हर्श,ujeli
374,हुनु,,being
375,बाझ्ने,,conflicted
376,कुराहरु,,things
377,आपसमा,,another
378,होलान्,,have
379,सम्झि,,and spare
380,दिनु,,take
381,चुपचाप,,quietly
382,आवाज,,sound
383,छन्,,are
384,मिर्मिरेमा,,breaking
385,निस्के,,out
386,कर्म,देश्भक्ती,deed
387,गर्दै,,the
388,साँझ,,evening
389,घर,देश्भक्ती,house
390,फिर्न,,reconciled
391,पाउँ,,apologies
392,मरेर,दुखी,dead
393,गए,,the
394,नि,,free
395,देश,देश्भक्ती,country
396,सधैं,,always
397,रहि,,persists
398,रहोस्,,let
399,लेकाली,देश्भक्ती,highland
400,हेहे,,wow
401,चोयाको,,strips
402,डोको,,pots
403,सानु,प्रेम,sanu
404,लगाउने,,wear
405,धोको,,dream
406,नपुग्दै,,less than
407,मर्छु,दुखी,thither
408,पो,,po
409,क्यारे,,cute
410,सोल्टी,,soaltee
411,बरोबर,,equal
412,नढाटी,,it mean
413,बग्यो,दुखी,shed
414,बेसी,,more
415,सम्मै,,foundation
416,कलेजिमा,प्रेम,kalejima
417,टम्मै,,snowcapped
418,आँखै,प्रेम,adapted
,आँखै,हर्श,adapted
419,गाजलु,प्रेम,gajalu
420,लपक्कै,,drip
421,लाईदिउँ,,laidium
422,की,,of
423,छपक्कै,,sails
424,बैसैमा,प्रेम,bezai
425,चोलो,,cholo
426,पाखुरीमा,,pakhurima
427,टिमीक्कौ,,timikkau
428,बस्यो,,lived
429,अाखैमा,,aakhaima
430,झिमिक्कै,,will fix
431,गर्नु,,it
432,कर्कलो,,karkalo
433,बारि,,give
434,पर्ख,,wait
435,तिमिलाई,,you too
436,रोइरहनै,दुखी,roirahanai
437,नपारि,,napari
438,आगमनको,हर्श,coming
439,आभाषामा,,abhasama
440,गीत,,song
441,गाएँ,,yankee
442,बुझाई,,"apparently,"
443,बहलाई,,bahalai
444,दिनेछु,,will
445,दुलही,प्रेम,bride
446,सजिएर,प्रेम,daura
447,बस,,bus
448,बारात,प्रेम,procession
449,साथ,प्रेम,with
450,लिई,,accompanied
451,आउनेछु,,will come
452,स्वयम्बरको,प्रेम,svayambarako
453,माला,प्रेम,garland
454,पहिराई,प्रेम,oven
455,अङ्गालेर,प्रेम,naught
456,लान्छु,,flax
457,ओइलाउन,,wither
458,यौवनलाई,,sexual violence
459,रोएर,दुखी,crying
460,पाइदैन,,inj
461,अल्लरे,,allare
462,होइनौ,,part
463,सन्कोच,दुखी,sankoca
464,नबस,,handshaking
465,मर्यो,दुखी,dead
466,शिशैको,,sisaiko
467,गोलिले,दुखी,golile
468,मीठो,हर्श,sweet
469,बोलीले,,words
470,साथैमा,प्रेम,relied on
471,उडायो,दुखी,debauchery
472,रेलैले,,relaile
473,तालको,,lake
474,माछा,,fish
475,कोई,,a
476,गन्न,,count
477,सक्दैन,,can not
478,जातै,,damn
479,सानो,,small
480,मायामा,प्रेम,in love
481,हुँदैन,,not
482,कसम,प्रेम,swear
483,खाँदैन,,match
484,बिना,,without
485,म,,i
486,बाँच्न,प्रेम,live
,बाँच्न,दुखी,live
487,सक्दिन,दुखी,can not
488,आउला,,ever
489,उठने,,up
490,पालो,,palo
491,कुर्दा,,pond
492,कुर्दै,,waiting
493,जिन्दगी,,life
494,गएछ,,the flames
495,वारि,,eastward
496,पारि,,over
497,अँध्यारो,दुखी,dark
498,खोली,,cover
499,हेर्दा,,looking
500,देखिन्छ,,looks
501,चिम्ली,,tightly
502,छाँया,,busts
503,आफै,,himself
504,सँग,,with
505,भागी,,partner
506,हिँड्न,,to walk
507,ठाल्यो,,thalyo
508,माँया,प्रेम,mother.either
509,आफैलाई,,yourself
510,बोझ,दुखी,load
511,लाग्न,,take
512,तातो,,hot
513,हाँवा,love,hamva
514,बहिदिन्छ,,bahidincha
515,पोल्ने,दुखी,heat
516,गरी,,and
517,निराशाको,दुखी,despair
518,दियो,,gave
519,बल्छ,,devours
520,तिनै,,these
521,जल्ने,,burning
522,वर्षौ,,batala
523,चलेकै,,overqualified
524,आँधी,दुखी,wind
525,बाँध्यतामा,दुखी,bamdhyatama
,बाँध्यतामा,प्रेम,bamdhyatama
526,बाँच्नु,love,to live
,,happy,#VALUE!
527,पर्यो,,had
528,चाहनालाई,प्रेम,desire
529,मान्छेको,,man
530,खोलाको,,river
531,पानी,,water
532,जस्तो,,like
533,किनारालाई,,ends
534,छोई,,fountain
535,भाग्ने,,escape
536,लहरेको,,waves
537,बानी,,habits
538,आँखाको,,eyes
539,नानी,,grandmother
540,फकाई,love,influence
541,आउने,,coming
542,सुन्दर,प्रेम,beautiful
543,विहानी,प्रेम,morning
,विहानी,हर्श,morning
544,जोवनको,,jovan
545,आवेश,,charge
546,मात्र,,but
547,तिर्खाको,,thirsty
548,अर्को,,another
549,राम्रो,happy,good
550,एक,,a
551,भेष,,appearance
552,हेराईमा,love,visually
553,छैन,,no
554,बोलाईमा,love,summoned
555,स्वर,love,voice
556,ढुकढकी,प्रेम,dhukadhaki
557,केही,,some
558,विशालता,देश्भक्ती,immensity
559,धर्ती,देश्भक्ती,earth
560,साँच्ची,,really
561,आत्माको,,spirit
562,मुर्ति,,statue
563,पानीलाई,,water
564,आकार,,shape
565,दिने,,to
566,कोशिस,,try
567,नगर,,city
568,हावालाई,,wind
569,सद्भाव,,good
570,झरेको,दुखी,fallen
571,पात,,leaf
572,झैँ,,like
573,उजाड,दुखी,wilderness
574,निभेको,,went off
575,दिप,,deep
576,चुरा,,stealing
577,फुटेसरी,दुखी,phutesari
578,चराहरु,,birds
579,उडीगए,,udigae
580,हजार,,thousand
581,कोपिलाहरु,प्रेम,kopilaharu
582,नमुस्कुराउँदै,दुखी,namuskuraumdai
583,उठेको,,raised
584,बस्ती,,colony
585,प्रवास,दुखी,migration
586,विहान,दुखी,morning
587,खुशी,,happiness
588,थियो,,was
589,जलेर,दुखी,fire
590,भैसक्यो,,refunded
591,भिजेको,दुखी,wet
592,पातमा,,leaf
593,निशादको,,nishad
594,अधेँरी,दुखी,adhemri
595,विषाद,दुखी,depression
596,लास,दुखी,las
597,कहिँ,,anywhere
598,छातीमा,,breast
599,टुटेफुटेका,दुखी,mouldering
600,स्वप्न,,dream
601,अँगारमात्र,दुखी,amgaramatra
602,जिवन,,life
603,बजर,,buzzer
604,उराठ,दुखी,the cruelest
605,जन्मेर,,infant
606,कोखमा,,the womb
607,कसैकोजन्मेर,,kasaikojanmera
608,कसैको,,one
609,हुर्कन्छ,,grows
610,काखमा,,arms
611,भाग्यको,दुखी,the fate
,भाग्यको,प्रेम,the fate
612,लेखा,,account
613,कस्तो,,what
614,भावीले,दुखी,bhâvile
615,लेखिदियो,,lekhidiyo
616,कस्ले,,arson
617,छोडेको,,left
618,नासो,love,naso
619,जिन्दगीको,,life
620,अनौठो,love,strange
621,नाता,,relationship
622,विरानो,दुखी,extended
623,होला,,would
624,रगतको,,blood
625,खोजी,,search
626,हिँड्दछ,,walks
627,न्यानो,प्रेम,warm
628,काख,,lap
629,छहारी,,shade
630,भाग्य,दुखी,fate
,भाग्य,हर्श,fate
631,सबैलाई,,all
632,पुग्छ,,enough
633,संसारमा,,world
634,विधिले,,method
635,लेखेको,,wrote
636,समयले,,time
637,दिएको,,the
638,भुलाईदेला,दुखी,bhulaidela
639,भुलेको,दुखी,forget
640,सपना,,dream
641,झस्काउँला,दुखी,jhaskaumla
642,कुनैदिन,,someday
643,भरिएला,,bhariela
644,घाउ,दुखी,wound
645,मन्दिरमा,,house
646,कि,,that
647,मुर्तिमा,,statue
648,पत्थरमा,,stone
649,धुलोमा,,dust
650,कोही,,some
651,देखाऊ,,show
652,बताऊ,,tell
653,खै,,i do not know
654,अन्जुली,,anjuli
655,लािग,,for
656,पलपल,,constantly
657,हृदय,,heart
658,चर्कन्छ,दुखी,inability to
659,साउन,,august
660,भदौ,,september
661,बनेर,,becoming
662,बर्षौ,,skilled
663,बर्ष,,year
664,बस्रन्छ,,basrancha
665,आँशुमा,दुखी,tears
666,फुलमा,,phulama
667,काँडामा,दुखी,snag
668,एउटी,,a
669,आमा,,mother
670,जिउँदै,,alive
671,जल्छे,दुखी,jalche
672,छोराको,,son
673,मायाममतामा,,cared for
674,छोरो,,son
675,बाँच्छ,,lives
676,विपनामा,,alko
677,रगतमा,प्रेम,blood
678,नातामा,,relationship
679,विस्वासमा,,biswas
680,बाचामा,,promise
681,श्रद्धाको,,admiration
682,चढाई,,climbing
683,आएर,,come
684,लाशमा,,dead body
685,नपाएको,,without
686,भैगयौ,,bhaigayau
687,रोइ,दुखी,roi
688,आशमा,,whither
689,सम्झन्छु,,remember
690,तिमीले,,you
691,छोएको,,touching
692,कमल,,lotus
693,हातले,,hand
694,संगाली,,sangali
695,नहान,,bath
696,लातले,,goads
697,दिनेछ,,will
698,गुहाई,,guhai
699,जुनेली,,vasishta
700,रातले,,shut
701,गयौ,,you go
702,देह,,body
703,आत्मा,,spirit
704,मर्दैन,,die
705,पिरती,,cleanliness
706,चोखो,,clean
707,लाएको,,locked
708,भए,,would
709,बन्धन,,fastening
710,पर्दैन,,no
711,प्रकृति,,nature
712,ओइली,दुखी,dry
713,झर्छ,दुखी,fall
714,दिलको,,cute
715,झर्दैन,,apart from
716,झर्यो,दुखी,dropped
717,फुट्यो,दुखी,freed
718,छल्केर,,chalkera
719,बल्यो,,fragile
720,झर्,,jhar
721,हाँसेको,,yuck
722,मिठो,प्रेम,sweet
723,सपनीमा,,sapanima
724,नाचेको,,dancing
725,झुटो,दुखी,false
726,गहराको,,deep
727,दहमा,,dive
728,डुब्यो,दुखी,balaklava
729,पिरले,दुखी,shock
730,भरेको,,full
731,विरहीले,दुखी,birahi
732,रुवाएको,दुखी,shed
733,प्यारो,,dear
734,दुख्यो,दुखी,sigh
735,यती,,pause
736,दीइ,,dii
737,दुख,दुखी,misery
738,वर,,bridesmaid
739,पर,,on
740,फुल्ने,,flowering
741,पलास,,pallas
742,सिरमा,,sirama
743,नलाउ,,nalau
744,भाज्ञ्यमा,,bhajnyama
745,कोरिएका,,drawn
746,सुख,,happiness
747,स्विकार्छन,,svikarchana
748,तिता,दुखी,hostility
749,पल,,moment
750,केहि,,some
751,मिठा,,sweet
752,ई,,e
753,हातहरु,,hands
754,प्रसस्त,,enough
755,सान्त्वना,,comfort
756,बाटोमा,,way
757,कती,,forgive
758,काँडा,,thorns
759,फुल,,full
760,हिँडे,,abundantly
761,पराई,दुखी,strangers
762,आफ्ना,,his
763,देखे,,viewed
764,भेटे,,found
765,मोडमा,,mode
766,साहरा,,sahra
767,अल्झेछ,,aljhecha
768,पछ्यौरी,,outer
769,चियाको,,tea
770,बुटामा,,twined
771,बल्झेछ,,baljhecha
772,सिमलको,,tall
773,कलिलो,,young
774,खुट्टामा,,feet
775,आउँथ्यो,,knew
776,चेली,,chelae
777,भनेर,,that
778,दोबाटो,,paths
779,धाई,,nurse
780,तीजमा,,dhwoju
781,पनि,,also
782,बिर्सिछ,,birsicha
783,गरिब,दुखी,the poor
784,माईती,,maiti
785,सल्ला,,salla
786,रहिन्,,rosa
787,एक्लै,,alone
788,कोठामा,,room
789,छोरीलाई,,daughter
790,आषिस,,asisa
791,थाप्न,,the bait
792,पाईन,,pine
793,अन्तिम,,final
794,कालैमा,,not everything
795,भन्थेनी,,would say
796,बाबाले,,father
797,आँशु,दुखी,tears
798,झारी,दुखी,bread
799,टिकाको,,.gud
800,थालीमा,,begging
801,टिका,,hinges
802,पठाईदिऊँ,,pathaidium
803,सालको,,year
804,दाईले,,the scene
805,भाईटिकामा,,bhaitikama
806,बहिनी,,sister
807,फर्केला,,ate the
808,क्षितिजमा,,horizon
809,निधारमा,,forehead
810,इन्द्रेणी,,rainbow
811,लर्केला,,larkela
812,दिनभरी,,a day
813,काग,,cork
814,कराई,,provided
815,रह्यो,,remained
816,बेलको,,bell
817,ठुटामा,,the rootstock
818,छोपी,,herself
819,नरोउ,,smile because
820,भन्नुपर्‍याछ,,bhannuparyacha
821,मुटुमाथि,,mutumathi
822,ढुंगा,दुखी,stone
823,राखि,,the guard
824,हाँस्नुपर्‍याछ,,hamsnuparyacha
825,उठी,,raised
826,जाने,,let
827,थाहा,,know
828,फर्कि,,back
829,होईन,,not
830,वाचा,,covenant
831,छिटै,,soon
832,आउछु,,cutesy
833,गर्नुपर्‍याछ,,garnuparyacha
834,छातीभरि,,rightful
835,गाँउ,,village
836,बेशी,,surplus
837,पखेरीको,,pakheriko
838,आखाँभरि,दुखी,akhambhari
839,मेलापात,,brawl
840,मायालुको,,loving
841,कतै,,nowhere
842,जानुपर्‍याछ,,januparyacha
843,भन्ने,,the
844,कुरा,,what
845,भित्रै,,within
846,परेलीका,,rolled
847,ओठबाट,,lips
848,झरी,दुखी,rain
849,कुलचिएर,,kulaciera
850,हिड्नुपर्‍याछ,,hidnuparyacha
851,चाहेको,,wanted
852,थिएँ,,i
853,कसैले,,no
854,टिपेछ,,tipecha
855,सौन्द्रय,प्रेम,saundraya
856,बनि,,bene
857,सधै,,always
858,लुकेछ,,lukecha
859,त्यै,,and insist
860,देखि,,from
861,भएर,,by
862,गैदियो,दुखी,gaidiyo
863,बिरानो,दुखी,strangers
864,प्रत्येक,,each
865,म्य्टु,प्रेम,mytu
866,धड्किन्छ,,beats
867,बितेका,,past
868,पुराना,,old
869,कुरक्,,kurak
870,सम्झाई,,samjhai
871,तड्पिन्छ,दुखी,tadpincha
872,बाँचि,,live with
873,चाहि,,rulers
874,चोट,दुखी,injury
875,पारी,,innings
876,स्नेहको,,affection
877,हितकारी,,benefit
878,चर्केको,,cleft
879,जोडिदिने,,jodidine
880,फेरि,,again
881,बस्तु,,item
882,मनमा,,heart
883,रहे,,are
884,बिरह,दुखी,birha
885,भन्नु,,said
886,लालिगुराँस,,nblyc
887,भएछु,,volta
888,बनै,,blasts
889,भरि,,throughout
890,फूली,,varicose
891,दिन्छु,,give
892,मनै,,deeply
893,फाँटहरुले,,phamtaharule
894,कस्लाई,,who would
895,भिरमा,,cliff
896,पनि﻿,,also
897,पिरमा,दुखी,pirama
898,लालि,,redness
899,गुराँस,,rhododendrons
900,हेरी,,harry
901,भैदिए,,dalit
902,लाइ,,lai
903,सिउदो,,siudo
904,पुण्य,,saintly
905,मनपराएँ,,liked
906,या,,or
907,पाप,दुखी,sin
908,होस्,,whether
909,दुइटा,,two
910,सँगै,,together
911,रमाउन,,enjoy
912,सक्छ,,can
913,दागको,,squiggles
914,रंगमा,,color
915,समाउन,,to hold
916,नसोध,दुखी,pentagon
917,बरदान,,gifts
918,श्राप,दुखी,curse
919,पराएँ,,i chose
920,तिमीसँग,,you have
921,लिनुपनि,,linupani
922,दिनुपनि,,dinupani
923,हिसाब,,calculation
924,किताबमा,,the book
925,सच्याउनु,,straight
926,भुलेर,दुखी,absentmindedly
927,बेहिसाब,,incalculable
928,माफ,,sorry
929,गरिदेउ,,kurama
930,लोभी,,greedy
931,कहीं,,somewhere
932,कसैमा,,commit
933,डुबेछ,,dubecha
934,भने,,if
935,खोजीरहेछु,,khojirahechu
936,हरेक,,everyone
937,चेहेरामा,,their faces;
938,सपनाकि,,sapanaki
939,प्रियसी,प्रेम,valentine
940,उ,,a
941,आँउछे,,amuche
942,निदाएको,,asleep
943,बेला,,time
944,अनि,,and
945,बस्छे,,sits
946,साट्छे,,satche
947,पिरहरुसित,दुखी,piraharusita
948,उसका,,his
949,भावना,,sense
950,प्रेमको,,love
951,कही,,somewhere
952,कसैलाई,,anyone
953,बिझेछ,दुखी,aback
954,उसको,,her
955,ओठ,,lips
956,रोदीघर,,rodighara
957,बर्षा,,rain
958,सुस्केरा,,sigh
959,शिशीर,,sisira
960,मधुमास,,spring
961,मृगतृष्णा,,mirage
962,देखेछु,,dekhechu
963,सपनाकी,,sapanaki
964,मेरै,,my
965,प्रतिविम्व,,reflection
966,हैन,,not
967,टूटी,,broken
968,अमर,,immortal
969,दुइ,,two
970,दिनको,,day
971,पाहुना,,guest
972,गुनगुनाउछु,,gunagunauchu
973,पाउँछु,,by virtue of
974,बाँड्न,,share
975,सुनाउछु,,sunauchu
976,ल्याउछु,,lyauchu
977,सागरबाट,,sea
978,अन्जुलिमा,,anjulima
979,बुन्दले,,bundale
980,प्यास,,thirst
981,मेट्न,,delete
982,खोज्छु,,i try to
983,रिझाउने,,appeasement
984,रीत,,reet
985,नसुन्दैमा,,nasundaima
986,मर्ने,दुखी,die
987,चोरि,,one stolen
988,ल्याएँ,,egypt
989,निलो,,blue
990,गहिराइबाट,,the depths
991,सुनी,,heard
992,हेरे,,looked
993,सबमा,,the same
994,गीतको,,song
995,मुहान,,source
996,जिउंदोलाई,,aboriginal
997,सास,,mother
998,फेर्न,,change
999,जहितहि,,jahitahi
1000,हावा,,wind
1001,अधिकार,,right
1002,हुं,,hi
1003,प्रियसीका,,valentine
1004,यादहरु,,yadaharu
1005,कोरिएको,,scratchy
1006,एकान्तमा,,privately
1007,फुकाएर,,loose
1008,पिरतीका,,romance
1009,घातहरु,,keystrokes
1010,भरिएको,,full
1011,रसिएका,,rasieka
1012,आँखालाई,,the eye
1013,सुकाएर,,dried
1014,जताततै,,everywhere
1015,अंगालेको,,considers
1016,चारैतिर,,round
1017,भंगालेको,,bhangaleko
1018,व्यथा,,soreness
1019,पाइला,,step
1020,संगालेको,,bundled
1021,जेथा,,asset
1022,सम्झनाका,,the memorial
1023,छाँयाहरु,,chamyaharu
1024,धुंवा,,smoke
1025,तिर्खाएको,,thirsty
1026,नमेटिने,,imprinted
1027,कुंवा,,bachelor
1028,वास,,habitat
1029,खोज्दै,,searching
1030,उडी,,flying
1031,हिड्ने,,walking
1032,भुवा,,fur
1033,सधैँ,,always
1034,हाँसे,,howl
1035,रुवाई,,ruvai
1036,खुसी,,happy
1037,तयार,,ready
1038,छु,,i
1039,पिरहरू,,piraharu
1040,ती,,the
1041,मेटिएला,,perish
1042,जुनीभरको,,junibharako
1043,लागि,,for
1044,लिन,,take
1045,पाउने,,will
1046,तर,,"however,"
1047,बाँचुन्जेल,,as long as
1048,घात,,ambush
1049,गर्ने,,the
1050,हाँसिदेऊ,,hamsideu
1051,आँट,,courage
1052,छोड्ने,,leave
1053,हक,,right
1054,टिठ्याउने,,captors
1055,मृत्युसम्म,,death
1056,गलहत्त्याउने,,galahattyaune
1057,बाँचिदेउ,,bamcideu
1058,अरु,,more
1059,धेर,,definitely
1060,चाहिँदैन,,not need
1061,यति,,so
1062,दिउला,,diula
1063,तिमीलाइ,,you navigate
1064,बिर्सने,,forgetful
1065,छ्न,,locked in
1066,साराले,,sarah
1067,प्रेमका,,love
1068,सबॆ,,sabe
1069,क्षनहरु,,ksanaharu
1070,खुशि,,birmingham
1071,आखा,,akha
1072,बस्नु,,stay
1073,निदाउनु,,slumber
1074,सुस्तरी,,gentle
1075,चिहाउनु,,cihaunu
1076,सधॆ,,sadhe
1077,आउनु,,come
1078,गाउँछ,,sings
1079,ज्योतिको,,light
1080,पंख,,feather
1081,उचाली,,lifted
1082,जय,देश्भक्ती,victory
1083,नेपाल,देश्भक्ती,nepal
1084,शान्त,देश्भक्ती,quiet
1085,गण्डकी,देश्भक्ती,gandaki
1086,कोसी,देश्भक्ती,kosi
1087,कर्णाली,देश्भक्ती,karnali
1088,मेची,देश्भक्ती,mechi
1089,महाकाली,देश्भक्ती,mahakali
1090,लेक,देश्भक्ती,lake
1091,बिउझाउँछन,,biujhaumchana
1092,लहर,,wave
1093,लाखौँ,,millions
1094,हिमालचुली,देश्भक्ती,himalchuli
1095,बोलाउँछ,,calls
1096,झुल्का,,jhulka
1097,निकाली,,removed
1098,सगरमाथा,देश्भक्ती,everest
1099,शिखरमा,,height
1100,पुग्दछ,,reaches
1101,पहिले,,first
1102,सीताले,देश्भक्ती,sita
1103,भिजाइन,,bhijaina
1104,दक्षिण,देश्भक्ती,south
1105,लंका,देश्भक्ती,ceylon
1106,भारत,देश्भक्ती,india
1107,भृकुटी,देश्भक्ती,eyebrow
1108,तारा,,star
1109,उदाइन,,mccomb
1110,उत्तर,,north
1111,चीन,,china
1112,तिब्बत,,tibet
1113,बुद्धले,देश्भक्ती,buddha
1114,यहीँ,,here
1115,पाएथे,,paethe
1116,ज्ञानको,,wisdom
1117,शिवले,,shiva
1118,ल्याएथे,,lyaethe
1119,सृस्टीको,,srstiko
1120,बिहान,,in the morning
1121,पश्चिम,देश्भक्ती,west
1122,किल्ला,देश्भक्ती,fortress
1123,काँगडा,देश्भक्ती,kangra
1124,पूर्वमा,देश्भक्ती,east
1125,टिस्टा,देश्भक्ती,tista
1126,पुगेथ्यौँ,,pugethyaum
1127,कुन,,what
1128,शक्तिको,,power
1129,सामुमा,,"meantime,"
1130,झुकेथ्यौँ,,jhukethyaum
1131,हामीले,,we have
1132,उठायौँ,,haibung
1133,एसियाको,देश्भक्ती,asia
1134,माझमा,,among
1135,सभ्यता,देश्भक्ती,civilization
1136,बसेथ्यो,,basethyo
1137,साँझमा,,evening
1138,यही,,this
1139,माटोमा,देश्भक्ती,soil
1140,रोपेर,,plant
1141,पहाडी,देश्भक्ती,mountain
1142,शिलामा,,stone mentions
1143,प्रीतको,,preet
1144,खोपेर,,graven
1145,बाँचौला,,may live
1146,नेपालमा,देश्भक्ती,nepal
1147,ध्वोजा,देश्भक्ती,dhvoja
1148,नाँचौला,,namcaula
1149,हिमालमा,देश्भक्ती,mountains
1150,वैंश,,vainsa
1151,छदा,,distraught
1152,सङ,,seung
1153,लाईन्छ,,laincha
1154,खाईन्छ,,khaincha
1155,दिल,,heart
1156,तोडिन्छ,,erodes
1157,अंत,,end
1158,लगन,,devotion
1159,जोडिन्छ,,is charged
1160,प्रीती,,preethi
1161,लाउने,,dressing
1162,रिती,,rituals
1163,लाउनु,,wear
1164,सस्तो,,cheap
1165,यता,,"meanwhile,"
1166,मिलन,,union
1167,उता,,"meanwhile,"
1168,बिछोड,,separation
1169,हाँस्छ,,laughs
1170,रुन्छ,,weep
1171,जुडछ,,judacha
1172,मिली,,found
1173,बाडछ,,badacha
1174,जिवनसाथी,,jivanasathi
1175,रोज्न,,choose
1176,साह्रो,,hard
1177,गाह्रो,,difficult
1178,लेखमा,,article
1179,गुराँसै,,guramsai
1180,फुल्यो,,blossom
1181,नी,,nee
1182,उस्तै,,similar
1183,रोग,,disease
1184,लाग्यो,,was
1185,रुदा,,ruda
1186,लाई,,to
1187,फुलेछ,,phulecha
1188,हरु,,s
1189,उनेर,,adorned with
1190,साथी,,friend
1191,सङी,,sani
1192,आई,,i
1193,जिस्काउन,,teasing
1194,छाडीदेउ,,chadideu
1195,गहराई,,depth
1196,अडेको,,the application of
1197,रहन्छ,,stays
1198,झझल्को,,clause
1199,नौलाखे,,naulakhe
1200,उज्यालो,,light
1201,छरीदेउ,,charideu
1202,भये,,bhaye
1203,राखिदेउ,,rakhideu
1204,बरु,,"rather,"
1205,पोखाउछु,,pokhauchu
1206,बीच,,beach
1207,दुरी,,distance
1208,मायाले,,love
1209,घटाउछु,,ghatauchu
1210,भुल्न,,misery
1211,याद,,remember
1212,आईरहन्छ,,airahancha
1213,पहाड,देश्भक्ती,mountain
1214,भन्ज्याङ्गले,देश्भक्ती,bhanjyangale
1215,बोलाइरहन्छ,,bolairahancha
1216,डाँडाकाँडा,देश्भक्ती,mountains
1217,आँगनै,,amganai
1218,भिर,,gird
1219,चाँप,,pinch
1220,चमेली,,jasmine
1221,फुल्छ,,grow
1222,थरीथरी,,wide variety
1223,झरनाको,,brook
1224,सुसेली,,whistling
1225,झलझली,,vividly
1226,शिर,,head
1227,बनी,,bunny
1228,उभिएको,,standing
1229,करौडौँ,देश्भक्ती,millions
1230,मुटुमाझ,देश्भक्ती,mutumajha
1231,सजिएको,,blossoming
1232,विर,,senior
1233,माहात्मा,देश्भक्ती,mahatma
1234,बुद्ध,देश्भक्ती,buddha
1235,जन्मिएको,,birth
1236,स्वदेश,देश्भक्ती,home
1237,प्यारा,देश्भक्ती,lovely
1238,टीका,देश्भक्ती,vaccine
1239,कुरि,,cor
1240,बसिदेउ,,basideu
1241,छली,,insidious
1242,लुकेर,,secretly
1243,भयेका,,bhayeka
1244,सुनाउनु,,news
1245,लाज,,shame
1246,ले,,take
1247,जवानी,,youth
1248,फर्किएला,,pharkiela
1249,मात्रै,,only
1250,हेरि,,seal
1251,बुझाउने,,submit
1252,ठाउ,,accommodation
1253,हुन्न्न,,hunnna
1254,गरे,,the
1255,गाठो,,tie
1256,राखिदिये,,rakhidiye
1257,भाखै,,bhakhai
1258,बुझन,,understanding
1259,चाडै,,sale
1260,पोखाउ,,pokhau
1261,घटाउ,,minus
1262,चौबन्दी,देश्भक्ती,caubandi
1263,चोली,देश्भक्ती,brassiere
1264,लाईदेउ,,laideu
1265,कुरी,,kury
1266,सपनी,,sapani
1267,देखेको,,seen
1268,गाउ,,country
1269,साक्षी,,witness
1270,केश,,hair
1271,लाली,,redness
1272,गुरासँ,देश्भक्ती,gurasam
1273,लाजले,,shame
1274,गोर्खाली,देश्भक्ती,gurkha
1275,गोर्खे,देश्भक्ती,telly
1276,अैलग्ने,,aailagne
1277,सत्रु,,an enemy
1278,गर्छु,,i
1279,काम,,work
1280,तमाम,,all
1281,ईतिहास,देश्भक्ती,history
1282,पल्ताइ,,paltai
1283,हेर,,look
1284,पुर्खा,देश्भक्ती,father
1285,सोद,,soda
1286,जितेकै,देश्भक्ती,jitekai
1287,संसार,देश्भक्ती,world
1288,जस्ताइ,,jastai
1289,दुख्ख,,hardship
1290,निर्दयी,,cruel
1291,हैनउ,,hainau
1292,वीर,देश्भक्ती,heroic
1293,खोले,,opened
1294,सिस्नो,,cisco
1295,माम,,ma'am
1296,अङाल्छु,,analchu
1297,जातिलाई,देश्भक्ती,nations
1298,संगीत,,music
1299,सस्कर,,saskara
1300,गर्ब,देश्भक्ती,gharb
1301,पन,,hydro
1302,गौछु,,gauchu
1303,पहाडै,देश्भक्ती,bts
1304,देउसी,देश्भक्ती,deusi
1305,भाईलो,देश्भक्ती,bhailo
1306,माटो,देश्भक्ती,soil
1307,छदै,,ahead with
1308,गोर्खाल,देश्भक्ती,gorkhala
1309,येशूको,देश्भक्ती,jesus'
1310,ढुकढुकिने,,dhukadhukine
1311,आँखैमा,,adapted
1312,बसिरहने,,stay
1313,प्राणभन्दा,,mankind
1314,रगतले,,blood
1315,किनेको,,bought
1316,साइनो,,surely
1317,क्रूसको,,cross
1318,मण्डली,,congregation
1319,हौँ,,who are
1320,ख्रीष्ट,,christ
1321,प्रभुको,,the lord
1322,सम्बन्ध,,relationship
1323,गहिरिएको,,deeper
1324,खिलिएको,,khilieko
1325,प्रेमले,,love
1326,उनको,,his
1327,नटुटने,,natutane
1328,ल,,l
1329,भयौं,,we are
1330,भेला,,together
1331,फेरी,,ferry
1332,येशू,,jesus
1333,गायौं,,mourned
1334,राजा,,king
1335,शरीर,,body
1336,हौं,,are
1337,हुनुहुन्छ,,is
1338,वहाँ,,there
1339,गाँसिएको,,linked to
1340,जीवनले,,life
1341,प्रभावले,,the influence
1342,यसको,,the
1343,संसारै,,the world
1344,ढाकिने,,covered
1345,लाइदिउला,,laidiula
1346,पियार,,piyara
1347,,,#VALUE!
1348,परान,,paran
1349,घुमाउन,,rotate
1350,ठमेल,,thamel
1351,बजार,,markets
1352,ट्याउसि,,tyausi
1353,चढाउदै,,cadhaudai
1354,,,#VALUE!
1355,लैजाउला,,laijaula
1356,काठमाडौं,,kathmandu
1357,सहर,,city
1358,रहर,,desire
1359,तेइ,,tei
1360,लाउला,,cheek
1361,सारै,,sarai
1362,कुवाको,,contaminated
1363,खोइ,,where
1364,केले,,bananas
1365,उखाउनी,,ukhauni
1366,तिर्खामा,,thirst
1367,पसिना,,sweat
1368,छुट्याे,,chutyae
1369,तन,,tan
1370,बुझाउनि,,bujhauni
1371,ल्याइदिउला,,lyaidiula
1372,मिनरलको,,.good
1373,हजुर,,yes
1374,हौ,,are
1375,रानी,,queen
1376,बेलैमा,,an early
1377,पाक्यो,,ripe
1378,रसिलो,,succulent
1379,दाना,,grain
1380,भिरैमा,,bhiraima
1381,क्यार्नु,,kyarnu
1382,मुखै,,mouth
1383,रसायो,,with tears
1384,खाउ,,soul
1385,मर्नु,,death
1386,ल्याउला,,feared
1387,टिपेर,,picked up
1388,तिम्लाइ,,timlai
1389,भिरको,,bhirako
1390,अङ्गुर,,grape
1391,,,#VALUE!
1392,बरै,,fuckass
1393,दशि,,dasi
1394,धारा,,current
1395,नरोए,,naroe
1396,अामा,,aama
1397,बाँचे,,survived
1398,पठाउम्ला,,pathaumla
1399,तस्बिरै,,tasbirai
1400,खिचेर,,convincingly
1401,लेख्योनि,,lekhyoni
1402,भाबीले,,bhabile
1403,कर्मलिला,,karmalila
1404,ठैमलाउ,,thaimalau
1405,सोध्लानी,,will say
1406,छोरा,,son
1407,भन्नलान्,,bhannalan
1408,रन,,run
1409,जित्दैछन,,jitdaichana
1410,भन्दिए,,.but
1411,अामाले,,aamale
1412,सोध्लिननी,,sodhlinani
1413,भन्लिन्,,may say
1414,रजहै,,rajahai
1415,खुल्यो,,opened
1416,दाजैले,,dajaile
1417,सोध्लान,,sodhlana
1418,भार्इ,,bhari
1419,भन्लान्,,say
1420,अंशै,,ansai
1421,बढ्यो,,increased
1422,भाउजुले,,bhaujule
1423,देवर,,brother
1424,खसी,,ibex
1425,काट,,bite
1426,भाइले,,brother
1427,सोध्लाननी,,sodhlanani
1428,दाजै,,dajai
1429,घेरमा,,doubting
1430,परे,,beyond
1431,दिदीले,,dora
1432,माइति,,maiti
1433,घटे,,reduced
1434,बैनीले,,the iceberg
1435,घट्यो,,decreased
1436,छोराले,,the son
1437,बाबा,,grandfather
1438,टोपि,,hood
1439,झिक,,the ram
1440,छोरी,,daughter
1441,भन्लिन,,bhanlina
1442,सुन,,hear
1443,चुराको,,steal
1444,दान,,donation
1445,दिए,,the
1446,प्रियाले,,priya
1447,स्वामी,,lord
1448,फूक्यो,,blew a
1449,साथीले,,friend
1450,लाहुरे,,gurkha
1451,भन्लान,,say
1452,मार,,kill
1453,बटाैलीको,,bataailiko
1454,बजारमा,,market
1455,चार,,four
1456,पैसाको,,money
1457,लाहा,,lac
1458,शिरको,,head
1459,स्वर्गे,,to heaven
1460,हुँदा,,when
1461,घरबस्नीलार्इ,,gharabasnilari
1462,शिसैकाट्योनी,,sisaikatyoni
1463,गोलीले,,bullets
1464,रणामा,,ranama
1465,परी,,fairy
1466,मरेछन,,marechana
1467,लाहुरै,,lahurai
1468,रून्छन,,runchana
1469,लाै,,laai
1470,बर्षदिन,,barsadina
1471,जुगै,,jugai
1472,भरिलाै,,bharilaai
1473,हुदैन,,no
1474,नमरेको,,the barbarians
1475,प्रहर,,daytime
1476,भागेर,,flee
1477,जाऊँ,,go
1478,ठाऊँ,,byword
1479,मान्छे,,people
1480,नमर्ने,,dies
1481,चल्दैन,,run
1482,,,#VALUE!
1483,बत्तिमा,,light
1484,दियोमा,,lamps
1485,बल्दैन,,ends
1486,खटन,patriotic,khatana
1487,नियतीको,,bound
1488,निभ्छ,,goes out
1489,ठहर,,stop
1490,छ्यौ,,harder
1491,छयौ,,zot
1492,देखाउन,,show
1493,गार्‍हो,,difficult
1494,जिन्दगीमा,,lifetime
1495,मजा,,fun
1496,सासले,,defend the
1497,दिन्छ,,allows
1498,धोका,,deceive
1499,दिन्नौ,,outlets
1500,थाह,,know
1501,कोहि,,anyone
1502,हुन्,,are
1503,नहुन्,,therein
1504,,,#VALUE!
1505,यस्मा,,aloof
1506,शंका,,doubt
1507,नहोस्,,not
1508,आशांका,,asanka
1509,रम्दछु,,ramdachu
1510,मायैले,,mayaile
1511,मेट्छु,,acknowledge
1512,टाढै,,avoid
1513,बतास,,wind
1514,भेट्छु,,tent
1515,संगै,,together
1516,भयौ,,thee
1517,सजिलो,,easy
1518,दुखी,,sad
1519,रुन्छु,,cry
1520,साटो,,instead of
1521,साइली,,cowshed
1522,परदेशबाट,,doorkeeper
1523,चालीस,,forty
1524,कटेसी,,katesi
1525,रमाउँला,,ramaumla
1526,तेलै,,telai
1527,हुरुरु,,airy
1528,सम्झी,,notice
1529,नरुनु,,weep
1530,नाम्लो,,namlo
1531,बरियो,,bariyo
1532,भावीको,,future
1533,खेलमा,,games
1534,परियो,,indulge
1535,कुलोमा,,coloma
1536,कलल,,morula
1537,गाउँघरको,,homes
1538,झलल,,jhalala
1539,पिढीमा,,generation of
1540,जाँतो,,millstone
1541,घरर,,gharara
1542,झर्दो,,jhardo
1543,आँसु,,tears
1544,बरर,,barara
1545,सोध्दै,,asking
1546,आयो,,came
1547,आएन,,did not
1548,सोधे,,asked
1549,घरले,,house
1550,भन्नैसकेन,,bhannaisakena
1551,कुनै,,no
1552,हुन्थ्यो,,would
1553,चिठ्ठी,,letter
1554,आइ,,i
1555,दैलो,,the doors
1556,मुनिबाट,,fountains
1557,पस्यो,,entered into
1558,पसेन,,fairness
1559,बाडौ,,badau
1560,साचेको,,sache
1561,घरबाहिर,,outdoors
1562,नाउँ,,the name
1563,लेखी,,writing
1564,टाँसेको,,bumper
1565,डुल्ने,,hike
1566,आखाँ,,eyes
1567,परेन,,found
1568,जित्ने,,to win
1569,तिमि,,you are
1570,भबिष्य,,future
1571,गाउने,,singing
1572,रच्दै,,forming
1573,सुरमा,,antimony
1574,ताल,,beat
1575,मिलाईदेउ,,milaideu
1576,येही,,totality
1577,अर्थ,,meaning
1578,रच्नुको,,he designed
1579,रहोस,,rhos
1580,हिड्दा,,jungles
1581,हिड्दै,,walking
1582,थाक्छु,,thakchu
1583,त्येतिबेला,,tyetibela
1584,आड,,support
1585,बनिदेउ,,banideu
1586,मोड,,mode
1587,सोच्न,,think
1588,सकिन,,could
1589,विचार,,idea
1590,येहि,,yehi
1591,भन्नुको,,mean
1592,ठुलो,,great
1593,बिलम्ब,,delay
1594,गर्न,,to
1595,नपरोस,,christmas
1596,सुनौलो,,golden
1597,भविष्य,,future
1598,साकार,,realizing
1599,भरोशा,,the boldness
1600,हरपल,,seek to
1601,रक्षा,,defense
1602,आत्मबल,,initiative
1603,मिलैदेउ,,milaideu
1604,आओ,,come on
1605,कोल्टे,,tilt
1606,फर्ेर्दै,,pharerdai
1607,सुकेको,,dried
1608,दिलमा,,heart
1609,आगो,,fire
1610,लाएर,,straight
1611,जाओ,,go
,,,#VALUE!
1613,निरास,,frustrated
1614,हाल्छु,,yea
1615,दुःख,,suffer
1616,दुःखैमा,,exceedingly
1617,गाल्छु,,galchu
1618,आँशुहरु,,amsuharu
1619,चिम्लेको,,condoned
1620,हर्ेर्दैछु,,harerdaichu
1621,सागर,,sea
1622,गहभित्र,,gahabhitra
1623,चाहे,,whether
1624,रोईदिन्छु,,roidinchu
1625,छातीभित्र,,bowels
1626,खोजे,,search
1627,बल्भिईदिन्छु,,balbhiidinchu
1628,आशा,,hope
1629,होइन,,not
1630,बोकी,,carry
1631,हिँडेको,,walking
1632,सुम्पेको,,given
1633,आफू,,he was
1634,भएको,,the
1635,अधरको,,adharako
1636,निचोरी,,nicori
1637,दिईसकेछु,,diisakechu
1638,बल्भिइदिन्छु,,balbhiidinchu
1639,हेर्राईमा,,herraima
1640,तिमरो,,timaro
1641,नपुगे,,commodity
1642,दिएर,,by
1643,दिईन,,sorely
1644,पसेर,,into
1645,बल,,strength
1646,गरेर,,by
1647,भन्दिन,,neither
1648,गर्र्छौ,,quietly
1649,छोड,,leave
1650,अन्तै,,somewhere
1651,मिल्छ,,matches
1652,मैसँग,,is false
1653,जोड,,emphasis
1654,मत,,not
1655,गर्छर्ुुतिमीलाई,,garcharuutimilai
1656,गर्छर्ुुतमीलाई,,garcharuutamilai
1657,होर,,hor
1658,तिम्लाई,,lay
1659,तिम्ले,,her-
1660,आफन्तलाई,,relatives
1661,सोध्नु,,ask
1662,पर्ने,,the
1663,रितै,,him away empty
1664,जन्मघर,,porters
1665,जन्मघरसँगको,,birth place
1666,तोड,,break
1667,पर्राईको,,parraiko
1668,ओड,,odd
1669,पर्राई,,parrai
1670,एउटालाई,,one
1671,यात्रा,,travel
1672,भिन्न,,different
1673,कहिलेकाहीँ,,sometimes
1674,साँचो,,true
1675,चिन्न,,know
1676,त्रि्रो,,"stand,"
1677,टुक्रा,,pieces
1678,फोड,,tore
1679,फल,,fruit
1680,नदिने,,allowing
1681,बृक्षलाई,,tree
1682,गोड,,god
1683,साधनाको,,sadhana
1684,यिनै,,these
1685,सात,,seven
1686,सूर,,tire
1687,मीत,,friend
1688,आरोह,,ascending
1689,अवरोह,,descent
1690,गति,,motion
1691,जीवनको﻿,,life
1692,जीवनको,,life
1693,मर्ुछनामा,,maruchanama
1694,सब,,all
1695,लुकेको,,hidden
1696,अलंकार,,decking
1697,सरगमका,,gamut
1698,ग,,c
1699,प,,sol
1700,सा,,what
1701,ध,,th
1702,रे,,ray
1703,अचल,,immovable
1704,षडज,,sadaja
1705,पञ्चम,,pancama
1706,सौभाग्य,,good luck
1707,भाव,,price
1708,नर्तन,,"dancing,"
1709,गुञ्जन,,hark
1710,केटा,,guy
1711,ओइ,,oi
1712,होइ,,hoi
1713,हाई,,high
1714,केटी,,girl
1715,नचिन्ने,,do not know
1716,चोटी,,top
1717,आयौ,,but what
1718,भन्देउ,,gonna
1719,गाउँमा,,village
1720,लोभिएर,,hoped that
1721,नहेर,,look
1722,गम्केर,,swag
1723,अल्लारे,,shallow
1724,उमेरैले,,umeraile
1725,निकै,,very
1726,रैछौ,,raichau
1727,बाट,,from
1728,आइछौ,,aichau
1729,कहाँबाट,,where
1730,चन्चले,,playful
1731,देखेर,,seeing
1732,भन्छु,,tell
1733,भरिएका,,full
1734,रसिला,,juicy
1735,सुटुक्कै,,privately
1736,सुन्दिन,,audibly
1737,सुनाऊ,,nourished
1738,नहुनु,,no
1739,भुतुक्कै,,foolish
1740,बुझ,,extinguished
1741,ढुकढुकी,,heartbeat
1742,जिन्दगानी,,jindagani
1743,बन्छ,,becomes
1744,बेर,,plum
1745,जाती,,are
1746,जुनीजुनी,,junijuni
1747,बाच्छु,,bacchu
1748,भनी,,that
1749,लाउँछन्,,wrecks
1750,बैंसलाई,,bains
1751,रुपैकी,,rupaiki
1752,खानी,,mines
1753,नसालु,,athar
1754,डुब्न,,sink
1755,नम्बरको,,number
1756,पाखे,,weird
1757,ट्रक,,truck
1758,ड्राइभर,,driver
1759,अचेलका,,play at
1760,ठिटाको,,flipping
1761,लाग्दैन,,think
1762,भित्रभित्रै,,wrestle
1763,लोभिन्छौ,,lobhinchau
1764,बाहिर,,out
1765,आँखैले,,eyewitnesses
1766,तर्छौ,,overflow
1767,बसन्ती,,basanti
1768,ढलि,,dhali
1769,जोबन,,jobana
1770,गर्छौ,,do
1771,हुन्न,,not
1772,डर,,fear
1773,मनलाई,,heart
1774,खबर,,news
1775,बग्दै,,dip
1776,जुनलाई,,something
1777,दिनले,,day
1778,घामलाई,,the sun
1779,पाए,,found
1780,अजम्बरी,,ajambari
1781,लाउँला,,abode
1782,लुकामारी,,seek
1783,खेल्छ,,plays
1784,किन,,why
1785,खान्छ,,eats
1786,कुटु,,kutu
1787,कैले,,kalle
1788,तितो,,bitter
1789,रैछ,,ect
1790,मुटुको,,heart
1791,घामपानीले,,ghamapanile
1792,मायालाई,,maya
1793,छुन्छ,,touches
1794,रंग,,color
1795,मधुरो,,dim
1796,किनाराले,,borders
1797,नदीलाई,,river
1798,डोर्याए,,guided
1799,नदीले,,river
1800,दाजु,,brother
1801,नसमाऊ,,nasamau
1802,नाडीमा,,wrists
1803,जान्न,,know
1804,डिजेलको,,diesel
1805,गाडीमा,,car
1806,हिलो,,hilo
1807,लाग्ला,,sound
1808,नाइलनको,,nylon
1809,साडीमा,,saree
1810,समाऊ,,hold
1811,घुम्न,,turn
1812,जाऊ,,go
1813,बाइस,,twenty-two
1814,वर्ष,,year
1815,लागिसक्या,,lagisakya
1816,फिलै,,philai
1817,नहुने,,not
1818,मैंयाहरु,,mainyaharu
1819,दिलै,,grins
1820,ट्यालेन्ट,,talent
1821,स्यालेन्ट,,syalenta
1822,नचाहिने,,spam
1823,सलमान,,salman
1824,खानको,,food
1825,केटाहरुलाई,,boys
1826,झुलाएर,,jhulaera
1827,ड्रिम,,dream
1828,समवनको,,someone
1829,भिनाजुको,,her husband
1830,सिंगल,,single
1831,सालो,,years
1832,गोरो,,goro
1833,खोज्छौ,,seek
1834,ह्यान्डसम,,hyandasama
1835,नपट्टीएसम्म,,napattiesamma
1836,गफ,,gough
1837,मिसन,,mission
1838,पुरा,,full
1839,भएपछि,,when
1840,मोबाइल,,mobile
1841,अफ,,of
1842,घरमा,,house
1843,राम,,ram
1844,कृष्ण,,krishna
1845,फकाउनलाई,,seduce
1846,भन्छौ,,say
1847,कत्ति,,how
1848,ड्याड,,dad
1849,ममको,,mamako
1850,पाउनलाई,,must
1851,गार्है,,have gone
1852,पर्ला,,perla
1853,गोरी,,white
1854,गोदावरी,,godavari
1855,बनैमा,,banaima
1856,मनैमा,,think-
1857,आउन,,to come
1858,बसौं,,and lodge
1859,चोभारैको,,cobharaiko
1860,डाँडइमा,,damdaima
1861,काखैमा,,shore
1862,लौ,,flame
1863,प्रिती,,preeti
1864,साटौं,,change location
1865,कान्छी,,younger
1866,एकोहोरो,,routine
1867,नलाएकै,,nalaekai
1868,बेस,,base
1869,हुनेछ,,will
1870,छुट्टै,,separate
1871,चल्नेछ,,the moon
1872,नखाएकै,,nakhaekai
1873,काँडामाथि,,kamdamathi
1874,हिड्छु,,walk alone
1875,भनें,,said
1876,उठे,,up
1877,बार,,bar
1878,लड्छु,,ladchu
1879,जानी,,should
1880,व्यर्थै,,without
1881,नजलाएकै,,najalaekai
1882,अधुरो,,incomplete
1883,बन्ला,,the impasse
1884,प्रेम,,love
1885,संग,,with
1886,लायौ,,the rebellious
1887,डाँडई,,damdai
1888,काटी,,cut
1889,जानु,,go
1890,पर्दा,,when
1891,पछि,,later
1892,धायौ,,dhayau
1893,बैस,,bass
1894,नफालेको,,dumped
1895,बोलेको,,speaking
1896,बोली,,bid
1897,मीठ्ठो,,miththo
1898,सूरिलो,,surilo
1899,आवाजको,,voice
1900,जादू,,magic
1901,जोवनले,,jovanale
1902,पीरतिको,,piratiko
1903,लेख्ने,,write
1904,गहिराइमा,,depth
1905,भाकेर,,bhakera
1906,ओ,,o
1907,ल्याइदिउंला,,lyaidiunla
1908,तिलहरी,,sexist
1909,बुलकी,,bulaki
1910,इ,,e
1911,आगौको,,agauko
1912,सालैमा,,annually
1913,धपक्कै,,dhapakkai
1914,पियारी,,honey
1915,सिरानी,,pillow
1916,राइफलको,,firearms
1917,मारुनी,,maru
1918,नाच्छ,,naccha
1919,छम्,,cham
1920,थपनि,,thapani
1921,मुटुमै,,seas
1922,आउछ,,comes
1923,झनझन,,ding
1924,झन्,,more
1925,जहिले,,always
1926,दोधारे,,unstable
1927,तीर,,arrow
1928,ल्याउंला,,lyaunla
1929,लाइरने,,lairane
1930,गाइरने,,gairane
1931,विरह,,separation
1932,मुटुले,,beating
1933,पल्,,pal
1934,बिहानी,,morning
1935,साँझै,,samjhai
1936,आइरनी,,irony
1937,झलझल,,jhalajhala
1938,झल्,,jhal
1939,गाउँघर,,homes
1940,तहिले,,caring
1941,चंगा,,healed
1942,भेट,,meet
1943,गाउँछु,,thanks
1944,गाउछु,,gauchu
1945,बनोस्,,flourish
1946,हर,,everyone
1947,जोडीले,,couple
1948,भनोस्,,hearing
1949,बनोस,,regime
1950,राम्रा,,good
1951,त्यहाँ,,there
1952,विपना,,bipana
1953,जहाँहाँहाँ,,jahamhamham
1954,नियालेर,,look
1955,पाउँछौ,,profit
1956,चित्र,,picture
1957,सजाई,,decorated
1958,सक्या,,female has
1959,भन्दा,,most
1960,लाग्दो,,i think
1961,वसमा,,janoah
1962,हुँदो,,would
1963,हुदो,,excruciating
1964,डुल्छ,,dulcha
1965,वरिपरी,,around
1966,भुल्छ,,godless
1967,सम्झीएर,,samjhiera
1968,घरी,,weary
1969,घरीरीरीरी,,ghariririri
1970,फेर्नुपर्ने,,the mantle of
1971,घटी,,decreased
1972,बढी,,more
1973,एकनास,,count on
1974,तिमीसंग,,thee
1975,हुने,,the
1976,दूर,,away
1977,गर्ला,,divorced
1978,दुनियाले,,duniyale
1979,गरोस्,,let the
1980,जान्छ,,goes
1981,बुट्टा,,embroidery
1982,भर्ला,,bharla
1983,भरोस,,although they
1984,हुम्मम,,hummama
1985,हेर्दै,,looking
1986,जाँदा,,when
1987,दुनियाँ,,world
1988,बदलेला,,changed
1989,जरुर,,definitely
1990,तिमीविना,,timivina
1991,सत्य,,truth
1992,हुन्छु,,am
1993,सादा,,simple
1994,गर्दा,,when
1995,पाएको,,received
1996,खुसि,,happy to
1997,भरपुर,,full of
1998,टक्क,,stopped
1999,टाकन,,tacana
2000,टुकुन,,tukun
2001,रुरुरुरुरुरुरु,,rururururururu
2002,तिन,,three
2003,पाथी,,measures
2004,मकै,,maize
2005,कोदो,,kodo
2006,घट्टैमा,,ghattaima
2007,पिनेर,,pinera
2008,आईपुगें,,aipugem
2009,हजुरलाई,,lions
2010,भेट्न,,visit
2011,धन्दा,,worry
2012,छिनेर,,chinera
2013,हातमा,,hand
2014,रुमाल,,napkins
2015,हल्लाऊदै,,hallaudai
2016,सिरैमा,,allegations
2017,सिरफुल,,siraphula
2018,टिकी,,tiki
2019,क्या,,what
2020,भाकी,,sveci
2021,छेउ,,side
2022,भाकीछेऊ,,bhakicheu
2023,सित,,with
2024,पिरिम,,pirima
2025,परेर,,down
2026,आकी,,spouses
2027,छेऊ,,ends
2028,मोरी,प्रेम,mori
2029,राती,,night
2030,दौडिदै,,running
2031,हजुरको,,your search
2032,सत्कारमा,,hospitality
2033,लाटी,,lahti
2034,गाजल,,eyeliners
2035,लाउनै,,to disclose the
2036,भुलेछु,,guidance and
2037,हतारमा,,hasty
2038,लत्पतिएको,,surely
2039,ओठको,,lips
2040,तै,,tae
2041,सुहाको,,sweet
2042,आजै,,today
2043,पैले,,palais
2044,पिरतीले,,piratile
2045,नुहाको,,nuhako
2046,मनका,,bead
2047,सुन्छ्यौ,,rupa
2048,जुनी,,junie
2049,हुन्छ्यौ,,mamu
2050,हम्,,ham
2051,सुन्छौ,,hear
2052,हुन्छौ,,undone
2053,रुनुपर्यो,,runuparyo
2054,परेली,,rolled
2055,छुन्छ्यौ,,chunchyau
2056,छुन्छौ,,chunchau
2057,साथमा,,with
2058,हाँस्न,,laugh
2059,सम्झिएर,,more delicate
2060,तिमीबाहेक,,wake
2061,अधूरा,,incomplete
2062,सुम्पिदिन्छु,,sumpidinchu
2063,female,,female
2064,voice,,voice
2065,in,,in
2066,background,,background
2067,falling,,falling
2068,प्रेम,,love
2069,shining,,shining
2070,for,,for
2071,you,,you
2072,is,,is
2073,forever,,forever
2074,चाहना,,want
2075,यस्तै,,"similarly,"
2076,बहाना,,excuse
2077,मनले,,heart
2078,मनसंग,,manasanga
2079,गाँस्ने,,forming
2080,मनभित्र,,heart
2081,देवी,,goddess
2082,देउता,,god
2083,feamle,,feamle
2084,हाँस्यो,,disdained
2085,जन्ती,,wedding
2086,हजूर,,sir
2087,मंसिर,,december
2088,15,,15
2089,male,,male
2090,कुटुमा,,kutu
2091,सुपारी,,betel nut
2092,हेर्दामा,,seemingly
2093,जीउ,,flesh
2094,ज्यान,,lives
2095,खाइलाग्दो,,a handsome
2096,जागिरे,,employed
2097,मर्द,,man
2098,इमान्दारी,,uprightness
2099,केटोलाई,,boy
2100,खैनी,,snuff
2101,चुरोट,,cigarette
2102,खान्छौ,,eat
2103,दांतै,,dantai
2104,ओठै,,othai
2105,दिदिको,,grudgingly
2106,मगनी,,engaged
2107,यसपाली,,"this time,"
2108,हिउंदो,,hiundo
2109,महिनामा,,months
2110,बिहे,,married
2111,नगरी,,without
2112,भा’छैन,,bhachaina
2113,कन्याको,,virgin
2114,ठेगाना,,address
2115,टूङ्गो,,tungo
2116,ला’छैन,,lachaina
2117,कोरीबाटी,,grooming
2118,चट्ट,,dressed
2119,कपाल,,skull
2120,ओठैमा,,othaima
2121,झ्याप्पै,,jhyappai
2122,कदम,,step
2123,रोकियो,,stopped
2124,फुलको,,flower
2125,बोटैमा,,botany
2126,बिर्कोमा,,lid
2127,ला’को,,zarathustra
2128,चिनीमा,,sugar
2129,कसरी,,how
2130,कमिलो,,ant
2131,डाँडाबारीको,,damdabariko
2132,सुन्तला,,orange
2133,गुलियो,,sweet
2134,आमिलो,,amilo
2135,राजाको,,the king
2136,हात्ती,,elephant
2137,सौ,,hundred
2138,तोला,,tola
2139,ल्हासाको,,lhasa
2140,पढाई,,reading
2141,लेखाईमा,,"cover,"
2142,अब्बल,,the patient
2143,वैज्ञानिक,,scientist
2144,बन्छु,,the verge of
2145,नासाको,,nasa
2146,बघिनिको,,baghiniko
2147,कुखुराको,,poultry
2148,भालेले,,the male
2149,ठुल्ठुला,,huge
2150,पट्याउन,,patyauna
2151,आँट्यो,,hailstorms
2152,कालेले,,kalele
2153,छिमेकी,,neighbors
2154,हुँ,,am
2155,बाघैको,,baghaiko
2156,सन्तान,,children
2157,काली,,kali
2158,नागैको,,nagaiko
2159,रैछ्यौ,,raichyau
2160,मितिनी,,date
2161,कोइली,,coile
2162,कागैको,,kagaiko
2163,मिले,,found
2164,मेला,,fair
2165,नमिले,,choosy
2166,झमेला,,mess
2167,गरौँ,,let's
2168,भोलि,,tomorrow
2169,फ्यान्टास्स्टिक,,phyantasstika
2170,वओउन्डरफुल,,vaoundaraphula
2171,हुनेथियो,,would
2172,लाइफ,,life
2173,तालैमा,,talaima
2174,हाने,,haney
2175,डाइभ,,dive
2176,एक्लो,,single
2177,जिबनको,,jibon
2178,परब्लम,,parablama
2179,नाचौ,,nacau
2180,पातली,,thin
2181,झमझमी,,jhamajhami
2182,रुझेर,,rujhera
2183,असिना,,hail
2184,दाईको,,dai
2185,भाउजुलाई,,the woman
2186,मनपर्यो,,like
2187,इलास्टिक,,elastic
2188,तन्किने,,stretched
2189,राखौला,,rakhaula
2190,फेसबुकमा,,facebook
2191,सेल्फी,,selfie
2192,हेप्पी,,happy
2193,निर,,at
2194,जैले,,neither
2195,रिसाउनी,,risauni
2196,मिसाउनी,,misauni
2197,फकाउनी,,phakauni
2198,आखुम,,akhuma
2199,रिसाउदा,,risauda
2200,पीरम,,pirama
2201,कल्ले,,calle
2202,बचाउनी,,survival
2203,सेती,,seti
2204,बगर,,beach
2205,परेको,,had
2206,नमार,,do not kill
2207,भारी,,heavy
2208,हुदा,,when the
2209,हु,,hu
2210,बिसाउनी,,bissau
2211,रिसाऊदा,,risauda
2212,चखेवाको,,bidari
2213,जोडी,,added
2214,घरिघरि,,rising
2215,टोलाउंछु,,tolaunchu
2216,झसंगै,,jolted
2217,चिज,,cheese
2218,अचम्मै,,surprise
2219,नयाँ,,new
2220,सल्बलाउने,,salbalaune
2221,चाल,,move
2222,मुस्कुराने,,smile
2223,सजाउंछु,,sajaunchu
2224,दंगै,,dangai
2225,छोयौ,,theirs
2226,मुटुलाई,,hearts
2227,राख्छु,,sion
2228,मुहारलाई,,the face
2229,थाम्छु,,thamchu
2230,हात,,hand
2231,हातलाई,,hand
2232,डुबिरहेछु,,dubirahechu
2233,अध्याँरो,,dark
2234,बिच,,beach
2235,शुन्य,,zero
2236,उड्दै,,wind
2237,बादलमा,,the clouds
2238,डुबिरहे,,gitmo
2239,ख्यालमा,,into account
2240,तीन,,three
2241,शब्द,,word
2242,भनन,,disclosures
2243,i,,i
2244,डुबी,,packed
2245,गरु,,cumbrous
2246,बिनाको,,without
2247,चाहन्न,,not want to
2248,किनकि,,because
2249,संयोग,,combination
2250,परिस्थिति,,situation
2251,सुरुवात,,started
2252,सम्बन्धमा,,relationship
2253,सँधै,,always
2254,बन्न,,to be
2255,बनाउन,,make
2256,संकै,,sankai
2257,गहिरो,,deep
2258,टाढिनै,,tadhinai
2259,लेख्या,,arjuna
2260,समय,,time
2261,बिबस्ता,,bibasta
2262,सम्हाल्नु,,handling
2263,आँफैलाई,,keilstr
2264,लामो,,long
2265,उज्ज्वल,,bright
2266,प्रार्थना,,prayer
2267,इज्जत,,honor
2268,रहनेछु,,remain
2269,सुन्दरी,,belle
2270,ठन्डी,,breeze
2271,महिना,,month
2272,जाडो,,winter
2273,गाला,,gala
2274,च्याउरी,,mushroom
2275,परेछ,,of trouble
2276,ठन्डि,,thandi
2277,सोल्टिनिको,,soltiniko
2278,गालैमा,,galaima
2279,हातैमा,,"hand,"
2280,औँठि,,aumthi
2281,लगाइदिउँला,,lagaidiumla
2282,मखमलि,,makhamali
2283,चोलि,,coli
2284,सिरबन्दि,,sirabandi
2285,सजाईदिउँला,,sajaidiumla
2286,आको,,ako
2287,पक्कै,,"of course,"
2288,आँटे,,tackle
2289,बस्छौ,,live
2290,गाउँवैमा,,gaumvaima
2291,ल्याउँछु,,bring
2292,जन्ति,,shouting
2293,दैलैमा,,dailaima
2294,डोलिमा,,dolina
2295,चढाइ,,climbing
2296,पछ्यौरिको,,pachyauriko
2297,घुम्टो,,veil
2298,ओढाइदिउँला,,odhaidiumla
2299,नौमति,,naumati
2300,बाजा,,orchestra
2301,बजाइ,,applause
2302,पाखा,,sidelined
2303,बेसि,,under-
2304,घन्काइदिउला,,ghankaidiula
2305,ज्यानलाई,,soul
2306,खाँचो,,need
2307,अरुण,,arun
2308,थापा,,thapa
2309,रोए,,cry
2310,हाँसिदिनु,,hamsidinu
2311,पन्छिदिनु,,panchidinu
2312,कहिलेकाही,,sometimes
2313,मिलनका,,inseparably
2314,त्यसलाई,,it
2315,विसर्िदिनु,,visaridinu
2316,यसै,,this
2317,मुल्यवान,,valuable
2318,बनिदिनु,,shine
2319,बेहोसीएका,,behosieka
2320,पलहरु,,etched
2321,बल्झिन्छ,,regress
2322,खेल,,sports
2323,हाँसेर,,with a smile
2324,टारिदिनु,,taridinu
2325,सन्जोग,,accident
2326,विझाउने,,vijhaune
2327,भुल,,mistakes
2328,त्यसमा,,and
2329,गहिरिदिनु,,gahiridinu
2330,पिडा,,pain
2331,बिछोडको,,"hence,"
2332,यसरी,,the
2333,जिउन,,to live
2334,गुनगुनाएर,,undertone
2335,हिड्न,,walking
2336,टाढियौ,,tadhiyau
2337,सुन्यतामा,,void
2338,मदेखी,,madekhi
2339,थाकी,,thaki
2340,गोडा,,knee
2341,काँपी,,kampi
2342,छाउछौ,,chauchau
2343,बल्झाइदिई,,baljhaidii
2344,यादलाई,,yadalai
2345,बिलाउछु,,bilauchu
2346,बादलसंगै,,badalasangai
2347,लगाइदिने,,banding
2348,सताइ,,satai
2349,पीडा,,pain
2350,सम्झना,,remember
2351,केवल,,only
2352,तीता,,hot
2353,मीठा,,sweet
2354,हराउँछु,,rested
2355,बिचमा,,between
2356,काँपिसके,,kampisake
2357,चिसो,,cold
2358,हावामा,,air
2359,त्येसै,,tyesai
2360,बरालिन्छ,,badly
2361,आँधि,,storm
2362,खोज्दछ,,seeks
2363,उकालीको,,twists
2364,तिम्रैतिर,,timraitira
2365,लम्कन्छ,,surmount
2366,झ्यालबाट,,window
2367,हेरेको,,watch
2368,आँउदछ,,branded
2369,लुकीचोरी,,lukicori
2370,खोलेको,,opened
2371,पाखामा,,boats
2372,डाँडामा,,mountain
2373,कुरेको,,waited
2374,बाहेक,,except
2375,अरुलाई,,others
2376,छुने,,touching
2377,हराउछु,,harauchu
2378,पराउछु,,robbery
2379,फेरिएला,,pheriela
2380,फेरिनेछैन,,pherinechaina
2381,देखाउलान,,dekhaulana
2382,कतिले,,some
2383,लोभहरु,,lobhaharu
2384,डरहरु,,fears
2385,हेरिने,,watched
2386,सॅगै,,segai
2387,नभए,,although
2388,बाॅचेको,,baeceko
2389,आउनेछैन,,thither
2390,पाउनेठैन,,paunethaina
2391,ठाउॅ,,thaue
2392,खुसीहरु,,khusiharu
2393,साॅचेको,,saeceko
2394,सहिदिन्छु,,sahidinchu
2395,बादल,,cloud
2396,गइदिन्छु,,gaidinchu
2397,चाह्यौ,,plead
2398,दिएकै,,uprightly
2399,खुशीलाई,,teens
2400,जिएँ,,live it
2401,भइगो,,.that
2402,बिदा,,farewell
2403,भइदिन्छु,,bhaidinchu
2404,छाइदियौ,,chaidiyau
2405,खुशीको,,good
2406,बहार,,springtime
2407,आइदियौ,,woe
2408,सृष्टिको,,creation
2409,उपहार,,gift
2410,नदेखें,,nadekhem
2411,एकै,,one
2412,छिन,,qin
2413,खसे,,fell
2414,नबोले,,cries
2415,भास्से,,bhasse
2416,नहिड्नु,,nahidnu
2417,नदेखे,,invisible
2418,भरीलाई,,bharilai
2419,त्यसै,,the same
2420,गोडमेलै,,godamelai
2421,दिलैको,,grins
2422,चौतारी,,chautari
2423,कुन्नी,,some reason
2424,आभास,,inkling
2425,छुन,,touch
2426,भनौं,,in fact
2427,बिझिदेला,,bijhidela
2428,बसिदेला,,basidela
2429,रुप,,as
2430,हेर्यो,,looked
2431,लोभ्याइ,,lobhyai
2432,हेरिरहें,,beholding
2433,होसै,,carelessly
2434,उडाइ,,flight
2435,लाने,,to bring
2436,चांदी,,silver
2437,सानी,,young
2438,छोएर,,touching
2439,बगेको,दुखी,shed
2440,खाइदिऊला,,khaidiula
2441,मरी,दुखी,dead
2442,जाउँला,,abram
2443,खाइदिउंला,,khaidiunla
2444,लैजाउँला,,laijaumla
2445,संगसंगै,,embed
2446,साइनोले,प्रेम,kinship
2447,बाँधिदिउंला,,bamdhidiunla
2448,वचन,,word
2449,गरि,,by
2450,बोलि,,province
2451,देऊ,,give
2452,नलुकाई,,honestly
2453,खोलिदेउन,,kholideuna
2454,चाहा,,snipe
2455,ना,,right
2456,सिउँदो,,verge
2457,भर्रौंला,,bharraunla
2458,बाँधे,,bound
2459,ज्यानै,,lives
2460,दि,,the
2461,दिउंला,,diunla
2462,बहेको,,whirlwinds
2463,सहि,,right
2464,सरि,,similes
2465,सयौँ,,hundreds of
2466,तरिदिउंला,प्रेम,taridiunla
2467,पठाउनेलाई,,sent
2468,आइदिउंला,,aidiunla
2469,गर्दिन,,do not
2470,बैमानी,प्रेम,unfaithfulness
2471,भैदिउंला,,bhaidiunla
2472,खाईदिउंला,,khaidiunla
2473,शनिबार,,saturday
2474,बिहानै,,in the morning
2475,हिडे,,resting
2476,फिलिम,,film
2477,हेर्नलाई,,see
2478,बसेहै,,basehai
2479,बाल्कुनिको,,balkuniko
2480,कुनामा,,corner
2481,फिल्म,,film
2482,हेर्ने,,view
2483,धुनमा,,duck
2484,अँध्यारोमा,प्रेम,dark
2485,छाम्मछुम्म,,chammachumma
2486,सुन्दरीजल,,sundarijal
2487,खोलामा,,the river
2488,बुक,,book
2489,राखी,,rakhi
2490,झोलामा,,bag
2491,पढ्नी,,padhni
2492,चन्द्रगिरि,,candragiri
2493,डाँडईमा,,damdaima
2494,डेटिंग,प्रेम,dating
2495,गाको,,nga
2496,लब्ली,प्रेम,labli
,लब्ली,हर्श,labli
2497,हानौं,,the sword
2498,बसौ,,the way of
2499,ड्दैमा,,bunch
2500,काखेमा,,infant
2501,चुल्ठी,,culthi
2502,बाट्नेलाई,,plaited
2503,पटुकी,,patuki
2504,कस्नेलाई,,tightening
2505,लैजाउं,,laijaum
2506,ढाका,,dhaka
2507,टोपी,,hat
2508,लाउनेलाई,,fancy
2509,सन्काउनेलाई,,sankaunelai
2510,रोजूं,,rojum
2511,साटौंला,,sataunla
2512,गांसौंला,,gansaunla
2513,डांडई,,dandai
2514,काटौंला,,atmosphere .i
2515,डांड्यै,,dandyai
2516,सिम,,sim
2517,खेतलाई,,field
2518,सिमकै,,simakai
2519,टारी,,taree
2520,कुलो,,fountain
2521,कलकल,,the river
2522,बग्ने,,flow
2523,मूलको,,origin
2524,अन्जुलीले,,anjulile
2525,पिउंला,,piunla
2526,दिन्छौ,,give
2527,सुम्पीदिउँला,,sumpidiumla
2528,वरपिपललाई,,varapipalalai
2529,खान्छु,,eat
2530,राजीखुशी,,voluntarily
2531,यहि,,this
2532,मंसिरमा,,november
2533,वारी,,warri
2534,व्यर्थ्यै,,vyarthyai
2535,धाउनु,,attending
2536,रोज्यो,,er
2537,घरमै,,home
2538,माग्न,,ask
2539,चाहिदैन,,no thanks
2540,चाँदी,,silver
2541,कुना,,kuna
2542,सहन,,bear
2543,नजानी,,erred
2544,कल्पी,,kalpi
2545,सम्हालू,,samhalu
2546,विना,,without
2547,जूनी,,juni
2548,सजिलै,,easily
2549,काटिन्छ,,harvested
2550,थामी,,thami
2551,जुनका,,junaka
2552,किरणहरुले,,kiranaharule
2553,प्रेमपत्र,,love letter
2554,लेख्दैछु,,write
2555,फुलका,,scone
2556,कलीला,,kalila
2557,खोजिदिनु,,khojidinu
2558,यसलाई,,it
2559,सबेर,,sooner
2560,खोलिदिनु,,open
2561,मिलेन,,invalid
2562,उशा,,arrears
2563,खुलेन,,reopen
2564,रिसायौ,,reacted
2565,कसो,,why
2566,खुलेको,,opened
2567,पठाउछु,,gap
2568,भन्थ्यौ,,have said
2569,पठाइनौ,,pathainau
2570,सपनामा,,dream
2571,आईनौ,,ainau
2572,नपाए,,thyself
2573,बोल्ने,,speaking
2574,नआए,,the issue of
2575,want,,want
2576,to,,to
2577,say,,say
2578,my,,my
2579,darling,,darling
2580,are,,are
2581,baby,,baby
2582,सति,,sati
2583,सावित्री,,savitri
2584,बन्नेलाई,,becoming
2585,जाँडरक्सी,,alcohol
2586,भन्नेलाई,,ananta
2587,टोलै,,.iaddend.plate
2588,थर्काई,,shake
2589,कुट्ने,,beat
2590,पोइ,,poi
2591,रक्सी,,alcohol
2592,छोडी,,go
2593,केटीलाई,,girl
2594,जाँड,,brewery
2595,खाएर,,eat
2596,ओछ्यानभरि,,ochyanabhari
2597,मुत्ने,,mutne
2598,नक्कली,,duplicate
2599,नखानु,,eat
2600,रेशमी,,silk
2601,लुछ्ने,,luchne
2602,रिसाउने,,anger
2603,मोरीलाई,,mori
2604,ट्वाक,,tin
2605,तानेर,,drag
2606,वाक्,,speech
2607,र्पोइ,,rpoi
2608,हिरो,,hero
2609,नक्कले,,nakkale
2610,छाड्दिन,,give up
2611,रिसाई,,goeth
2612,कुच्चो,,kucco
2613,हान्ने,,shooting
2614,जोइ,,joy
2615,नखाऊ,,eat
2616,गाली,,abuse
2617,केटालाई,,boy
2618,जाँडले,,jamdale
2619,झ्याप,,jhyapa
2620,टुप्पी,,tuppi
2621,तान्ने,,pulling
2622,कान्छो,,younger
2623,ओई,,oe
2624,साइँली,,saimli
2625,साइँला,,saila
2626,आकाशसैको,,akasasaiko
2627,आजभोलि,,today
2628,लाग्या,,"myself,"
2629,हुन,,to
2630,भुरूरुरुरु,,bhururururu
2631,नजिक,,close
2632,नआउ,,munni
2633,घरीघरी,,often
2634,भुन्दिमला,,bhundimala
2635,हिरा,,diamond
2636,मोती,,pearl
2637,दिम्ला,,dimla
2638,स्वार्थी,,selfish
2639,लाईदैन,,laidaina
2640,घामपानी,,exposure
2641,किनिदिउंला,,kinidiunla
2642,दहि,,butter
2643,मुथेर,,muthera
2644,मोहि,,mohi
2645,मुथे,,muthe
2646,ढोका,,door
2647,उघारीदेउ,,ugharideu
2648,त्यहीं,,there
2649,सिरसिरे,,valley in
2650,बतासैले,,batasaile
2651,धुलो,,dust
2652,ड्राइभरले,,the driver
2653,गुडायो,,gudayo
2654,बेग्लै,,different
2655,सान,,grindstone
2656,स्टाइल,,style
2657,परेमा,,if necessary
2658,झारिदिन्छु,,to fall
2659,गनीगनी,,ganigani
2660,मुसुरीको,,musuriko
2661,दालै,,dalai
2662,तरकारीमा,,vegetable
2663,काउली,,cowley
2664,झोला,,bag
2665,भटभटेमा,,bhatabhatema
2666,जाउली,,jauli
2667,गड्यांगगुडुंग,,gadyangagudunga
2668,पर्याछ,,paryacha
2669,गफै,,gaphai
2670,पिरो,,pyro
2671,चनाचटपटे,,canacatapate
2672,काठमाडौँ,,kathmandu
2673,जाउला,,midnight
2674,चडी,,cadi
2675,भटभटे,,bhatabhate
2676,फ़ेर्योउ,,feryou
2677,अरे,,hey
2678,अर्कैलाइ,,arkailai
2679,हेर्योउ,,heryou
2680,हल्ला,,rumors
2681,विश्वास,,trust
2682,सेर्योउ,,seryou
2683,बिछोड्लाई,,bichodlai
2684,सकेनोउ,,sakenou
2685,मायाँ,,ana
2686,रहन,,stay
2687,समयको,,time
2688,हरे,,green
2689,भएँथे,,bhaemthe
2690,दुर,,distance
2691,चल्न,,act
2692,थाल्यो,,began to
2693,सुर,,tone
2694,मार्योउ,,maryou
2695,सार्योउ,,saryou
2696,तिमिले,,do you see
2697,रोज्योउ,,rojyou
2698,गल्ति,,accidentally
2699,प्रीति,,love
2700,जिबन,,jibon
2701,घाटको,,to appear before
2702,मिल्दा,,matching
2703,दिल्,,dil
2704,पहिरो,,landslides
2705,गयो,,on
2706,तोड्यौ,,walked in
2707,फाल्यौ,,phalyau
2708,आऊ,,come
2709,रहुँला,,stay with
2710,कहिलेकाहिं,,sometimes
2711,दृष्टि,,sight
2712,मुवाई,,muvai
2713,छायाँ,,shadow
2714,छेक्दिन,,chekdina
2715,देख्नै,,shattering
2716,बसन्तमा,,at
2717,फुल्नै,,phulnai
2718,पर्छ,,must
2719,सबले,,turned
2720,बाजी,,bets
2721,जित्नै,,to overcome
2722,चित्त,,mind
2723,खोस्दिन,,khosdina
2724,npsongs.com,,npsongs.com
2725,हातै,,the difference between
2726,3,,3
2727,शुभकामना,,greeting
2728,श्वासमा,,to saturate
2729,दिर्घायुको,,bounty
2730,कामना,,desire
2731,सकुँ,,tongue
2732,पलमा,,palma
2733,सुवाश,,suvasa
2734,छर्न,,sow
2735,आँखाका,,eyes
2736,घडा,,pitcher
2737,प्रीतले,,pritale
2738,अभिसेस,,abhisesa
2739,देयोस,,deyosa
2740,श्रद्धा,,reverence
2741,भक्ती,,devotion
2742,उनेको,,holiness
2743,हरशब्द,,harasabda
2744,मंगल,,auspicious
2745,उशामा,,usama
2746,बिहानीहरु,,bihaniharu
2747,रंगाउन,,painted
2748,बलिरहने,,everlasting
2749,अखन्ड,,akhanda
2750,बत्ती,,light
2751,पथप्रदर्शक,,guide
2752,सदुवाको,,saduvako
2753,सिउँदोमा,,verge
2754,झल्किरहने,,jhalkirahane
2755,सिन्दुर,,cork
2756,शुभ,,good
2757,संध्यामा,,evening
2758,साँझहरु,,samjhaharu
2759,सजाइदिन,,sajaidina
2760,पाछु,,pachu
2761,भार,,weight
2762,भाथ्यो,,sitting
2763,फराकिलो,,wide
2764,स्वाभिमानी,,proud
2765,जति,,more
2766,उति,,and fro
2767,आनिबानी,,anibani
2768,सर्वोअंग,,sarvoanga
2769,सिक्ने,,learning
2770,मौका,,opportunity
2771,पाचु,,pachuca
2772,मिल्दै,,merging
2773,थाकेको,,tired
2774,जिन्दगीले,,the life
2775,बल्ल,,"finally,"
2776,मुक्ति,,salvation
2777,पायो,,found
2778,भरोसाको,,trust
2779,खम्बा,,pillars
2780,जूनि,,jr.
2781,लुक्न,,shelter
2782,नसम्झिदा,,nasamjhida
2783,बेग्लाई,,beglai
2784,रहेछ,,was
2785,भीड,,the crowd
2786,एक्लाई,,eklai
2787,खस्ने,,fall
2788,पोको,,poco
2789,पार्थे,,the living
2790,चोटि,,time
2791,मार्थे,,marthe
2792,नभेटिने,,rarely
2793,चाहर्थे,,caharthe
2794,हुर्किन्न,,hurkinna
2795,लाग्ने,,pursue
2796,सार्थे,,sarthe
2797,मान्छेहरुको,,of people
2798,भीडमा,,the crowd
2799,उसैको,,poured out
2800,सोर्‍ह,,sorha
2801,शृंगार,,make-up
2802,तनमा,,tanama
2803,माछेहरुको,,macheharuko
2804,नाचुँ,,nacum
2805,तालमा,,lake
2806,झुमु,,jhumu
2807,बशमा,,to govern
2808,भाकाहरुले,,bhakaharule
2809,सकेछन,,sakechana
2810,आँखाहरुले,,eyes
2811,रोईसकेछन,,roisakechana
2812,तेसैतेसै,,tesaitesai
2813,बसेको,,the meeting
2814,धुँदा,,washing
2815,जाँदै,,going
2816,नजाने,,not going
2817,रुँदा,,that matter
2818,सोधौं,,ourselves
2819,पर्नु,,fall
2820,त्यति,,more
2821,बिपनीमा,,bipanima
2822,गर्यो,,run
2823,बसें,,buses
2824,उनीलाई,,jha
2825,सोची,,sochi
2826,सम्झे,,recalled
2827,मक्ख,,thrill
2828,परिरहेको,,having
2829,उसलाई,,him
2830,लौन,,launa
2831,भाको,,long have you
2832,साथीभाईको,,friends to
2833,कुराकानी,,communication
2834,आफन्तको,,relatives
2835,चर्चा,,discussions
2836,चलिरहेको,,running
2837,बिस्तारै,,gradually
2838,डुब्दै,,fleeting
2839,सागरमा,,sea
2840,बिर्सेर,,forgetting
2841,चाँहन्छु,,rapture
2842,अंगालोमा,,arms
2843,खुला,,open
2844,फिँजाई,,phimjai
2845,उडेको,,sparks
2846,मुक्त,,free
2847,चाँहनछु,,camhanachu
2848,अन्धकारको,,dark
2849,उज्याली,,bright
2850,रातको,,night
2851,गाउँदै,,singing
2852,नामको,,name
2853,नसम्झ,,think
2854,भुलि,,beseech
2855,दिनेलार्इ,,dinelari
2856,भर्इजानेलाई,,bharijanelai
2857,नबोलाउ,,kinsmen
2858,ह्रदय,प्रेम,heart
2859,तोड्नेलाई,दुखी,breakers
2860,नबल्झाउ,,nabaljhau
2861,घाउलाई,,wounds
2862,धेरौ,,number came
2863,गाहो्,,gaho
2864,बिर्सन,,forget
2865,भर्इजानेलार्इ,,bharijanelari
2866,धेरौले,,dheraule
2867,हसाउछ,,hasaucha
2868,रुवाउछ,,ruvaucha
2869,नसक्ने,,not
2870,चोटहरु,,injuries
2871,आफ्नौ,,twice
2872,भाग्यलाई,,fate
2873,दोष्याउने,,dosyaune
2874,गर्छ,,the
2875,बोकेर,,carry
2876,हुदौन,,hudauna
2877,हरदिन,,every day
2878,मारेर,,killing
2879,जीवनभर,,lifetime
2880,अाइरहन्छ,,aairahancha
2881,बाच्नु,,live
2882,यहा,,here
2883,आखामा,,"eye,"
2884,आशु,,speedy
2885,हासेर,,hazer
2886,ॐ,,
2887,माने,,meaning
2888,पेमे,,twirling
2889,होम,,home
2890,8,,8
2891,साडे,,sade
2892,सत्र,,session
2893,काटेँ,,stay watching
2894,गरुँ,,unsettling
2895,छायो,,ninth
2896,एक्लोपनले,,loneliness
2897,आथेँ,,athem
2898,फेला,,find
2899,भुमो,,bhumo
2900,आगमनले,,coming
2901,झुम्यो,,capacity crowd
2902,धर्तीले,,earth
2903,गगन,,sky
2904,चुम्यो,,kissing
2905,कथ्याङ्ग्रीदो,,kathyangrido
2906,हिँउको,,general assembly
2907,नुन,,salt
2908,चड्न,,cadna
2909,लाको,,la
2910,पन्छाई,,gripping
2911,छिचोल्दै,,obstacles
2912,कुहिरो,,fog
2913,अलि,,slight
2914,बड्यो,,the gate
2915,भाइ,,brother
2916,फर्कौ,,return
2917,तिमलाई,,timalai
2918,पाउँदा,,when
2919,रुपमा,,as
2920,भगवान,,god
2921,एई,,ae
2922,लह,,lah
2923,बाला,,girl
2924,झुल्यो,,jhulyo
2925,झर्दा,,descending
2926,अर्द्ध,,semi
2927,निशा,,nisha
2928,सुसन्देश,,merciful
2929,दीन,,poor
2930,आयौँ,,grips
2931,द्वारमा,,the gate
2932,verse,,verse
2933,1,,1
2934,दुर्दशा,,plight
2935,देखी,,viewed
2936,संसारको,,world
2937,पापको,,sin
2938,भारले,,loaded
2939,मानव,,human
2940,मिचेको,,transgressors
2941,हाल,,hall
2942,सुधार्न,,improve
2943,ईश्‍वर,,god
2944,पुत्र,,son
2945,जगमा,,foundation
2946,संकोच,,hesitation
2947,नमानी,,without
2948,मानावबीचको,,manavabicako
2949,पापी,,sinful
2950,मानवको,,human
2951,पापले,,sin
2952,तोड़ी,,breaks
2953,मानवलाई,,human
2954,लान,,lawn
2955,ईश्‍वरकहाँ,,isvarakaham
2956,आउनुभयो,,came
2957,महान्,,great
2958,दुष्ट,,evil
2959,शहर,,city
2960,येरुशलेम,,jerusalem
2961,गावैँ,,gavaim
2962,बेथलेहेम,,bethlehem
2963,जन्मे,,born
2964,गोठैमा,,gothaima
2965,बालक,,child
2966,नरम,,soft
2967,जीवनधार,,jivanadhara
2968,तारणहार,,bein
2969,बिश्‍वास,,believe
2970,ल्याई,,bringing
2971,हुन्छन्,,are
2972,मृत्युपार,,mrtyupara
2973,पोखिएर,,sustaining
2974,घाँमको,,ghammako
2975,खोंलु,,khonlu
2976,सयपत्री,,mum
2977,फूलसितै,,phulasitai
2978,फक्री,,phakri
2979,आँगनमा,,court
2980,बतासको,,wind
2981,भाका,,foz
2982,बोलू,,i say
2983,आँखाहरु,,eyes
2984,छेक्न,,block
2985,आउछन्,,come
2986,धाउछन्,,dhauchan
2987,मानिसका,,man
2988,रोजू,,roju
2989,उडू,,udu
2990,प्वाँख,,feathers
2991,पलायो,,implant
2992,शान्ती,,peace
2993,तलाउको,,drown
2994,कसले,,who
2995,चलायो,,canon
2996,तेसैले,,retype
2997,सोधू,,sodhu
2998,उड्यो,,nowe
2999,थाम्दैन,,afterwards
3000,मान्दैन,,transgressors
3001,जूनको,love,in june
3002,किरण,love,ray
3003,स्पर्स,sad,spurs
3004,संगीतको,love,music
,,patriotic,#VALUE!
3005,सरगम,love,gamut
3006,राग,sad,passion
,,love,#VALUE!
,,,#VALUE!
3008,सजाऊ,sad,sajau
3009,मौसम,love,weather
3010,रिमझिम,हर्श,drizzling
3011,वर्षा,दुखी,rain
3012,भई,happy,well
3013,बसन्त,हर्श,spring
3014,हृतु,happy,hrtu
,,,#VALUE!
3016,कल,sad,tomorrow
3017,अप्रित,love,aprita
,,sad,#VALUE!
3018,बाहार,love,bahar
3019,प्रित,love,a blind
,,happy,#VALUE!
3020,यौवन,love,youth
3021,अफाप,,aphapa
3022,आउंछ,happy,apart
3023,झल्झली,हर्श,the oddest
3024,शंकै,sad,era
,,,#VALUE!
,,,#VALUE!
3027,पाना,love,get
,,patritic,#VALUE!
3028,लेखेथे,,lekhethe
3029,जीवभरी,,jivabhari
3030,रोजेथे,,rojethe
3031,जाँउ,,a hole
3032,पंछी,,bird
3033,लै,,lai
3034,खासमको,,khasamako
3035,मोहनी,प्रेम,charm
3036,लागेर,,silence
3037,होस,,caution
3038,याँहा,,are thinking
3039,फुलै,,phulai
3040,फुल्दैन,,haughtiness
3041,लाखौ,,millions
3042,त्येहा,,tyeha
3043,बिरहको,,birha
3044,निभाउन,,quenched
3045,निभ्दैन,,quenched
3046,सिन्दुरी,,sinduri
3047,तिर्खा,,thirst
3048,मेटाउनु,,delete
3049,पिरतीको,,romance
3050,सियो,,seo
3051,फाटे,,rent
3052,सिउ,,siu
3053,खासम,,khasama
3054,सुन्छ,,hears
3055,सुन्दैन,,heard
3056,बन्दकी,,bandaki
3057,उकास्न,,improve
3058,आउदैन,,forfeited
3059,सदर,,chief
3060,बदर,,badr
3061,जाली,,fake
3062,कदर,,treasure
3063,झुठो,,false
3064,लग्यो,,took
3065,जुठो,,wash
3066,देवता,,god
3067,कमजोरी,,weakness
3068,पीर,,pir
3069,बेदना,,pain
3070,येंहा,,yenha
3071,रोएछौ,दुखी,roechau
3072,निस्ठुरी,love,nisthuri
3073,वाधा,,forbidding
3074,आ,,coming
,,,#VALUE!
,,,#VALUE!
,,,#VALUE!
,,,#VALUE!
3079,सुकिली,,sukili
3080,सुकुमारी,love,delicate
,,,#VALUE!
,,,#VALUE!
3083,निसानी,,trail
,,,#VALUE!
3085,रोपी,,thrust
3086,मुस्कानले,love,smiling
3087,गोडेर,,neat
3088,स्वर्गमै,love,heaven
3089,पछ्याउन,,follow
3090,छोडेर,,leaving
3091,सर्दै,,moving on
3092,टासिन,,tasina
3093,बन्दै,,becoming
3094,अंधेरी,,dark
3095,खेलेर,,playing
3096,नखोज,,glory
3097,भाड्न,,lila
3098,निर्लज्ज,,shameless
3099,चलेर,,guide
3100,श्वास,,breathing
3101,उनकै,,his own
3102,फेर्छु,,breath
3103,बिउँझदा,,waking up
3104,निदाउदा,,nidauda
3105,हत्या,,killing
3106,फकाउदा,,phakauda
3107,सरापले,,blast
3108,नासिन,,nasina
3109,हं,,huh
3110,मानिसै,,wedding
3111,चल्छ,,runs
3112,रुन,,cry
3113,हास्न,,laugh
3114,सुन्दाखेरी,,sundakheri
3115,शहाराझै,,saharajhai
3116,बढाउदा,,warn a
3117,थामिदिन,,thamidina
3118,हासो,,hasso
3119,ठानिसके,,already considered
3120,जीवनभरको,,lifetime
3121,मानिसके,,man's
3122,झुक्दा,,ou
3123,बाधिदिन,,badhidina
3124,बदला,,revenge
3125,जल्छ,,hell
3126,लीई,,lii
3127,नशाले,,intoxicated
3128,छुन्न,,chunna
3129,अध्यारो,,dark
3130,उनी,,she
3131,आउलिन,,aulina
,,,#VALUE!
3133,प्रतिक्ष,प्रेम,pratikchya
3134,शिता,,sita
3135,उनैको,,wrote the
3136,गुन्जिने,,gunjine
3137,सुन्यता,,rambling
3138,सिङै,,sinai
3139,रित्तो,,empty
3140,गल्ती,,wrong
3141,थ्यो,,the emergency
3142,मुटुभित्र,,goeth
3143,मरे,,dead
3144,सुकिसक्यो,,dried
3145,नाउमात्रै,,naumatrai
3146,किनारानै,,kinaranai
3147,डुबिसक्यो,,dubisakyo
3148,बिछोडमै,,bichodamai
3149,रमाइदियो,हर्श,ramaidiyo
3150,कांडा,दुखी,kanda
,,प्रेम,#VALUE!
3151,नअाईगयो,,naaaigayo
3152,देखिन,,appearances
3153,छाडेकी,,quaffing
3154,गरेका,,the
3155,कुर,,curr
3156,होकी,,hockey
3157,ढाटेकी,,dhateki
3158,देख्छु,,see
3159,सधैंभरी,,forever
3160,भनीगयौ,,bhanigayau
3161,गरीगरी,,garigari
3162,निद,happy,cash
3163,बितिसके,sad,passed away
3164,कुहिरो,sad,fog
3165,सरम,sad,shame
3166,च्याईनौ,,cyainau
,,,#VALUE!
3168,खेल्ने,,playing
3169,प्यार,,love
3170,जती,,the more
3171,शितलाई,,sitalai
3172,सुस्ताएझै,,sustaejhai
3173,छातीमाथी,,chatimathi
3174,सम्झेको,,remember
3175,बिर्सु,,birsu
3176,सिम्सिमे,,simsime
3177,पानीले,,water
3178,रुझेको,,unclaimed
3179,मोतिजस्तो,,motijasto
3180,पानीको,,water
3181,थोपा,,drops
3182,केसमा,,cache
3183,तर्केको,,fail to
3184,सुनसान,,secluded
3185,सुनबुट्टे,,sunabutte
3186,हिड्दहिड्दै,,hiddahiddai
3187,छोइएथे,,choiethe
3188,धड्कन,love,rate
3189,झन्झनाइ,,jhanjhanai
3190,बजे,,at
3191,चिर्बिरे,,cirbire
3192,हिंड्ने,,walking
3193,दुइजना,,two
3194,छाता,,umbrella
3195,जुलाफी,,julaphi
3196,देखिएथे,,dekhiethe
3197,राता,,red
3198,आधा,,half
3199,जिउ,,jiu
3200,पुछेको,,pacheco
3201,थिए,,was
3202,पसिनाका,,sweat
3203,कपालको,,hair
3204,प्रिथ्बीमा,,prithbima
3205,छर्के,,the altar
3206,भागेकी,,awaited
3207,थियौ,,wast
3208,अलिकती,,a little
3209,तर्की,,whoring
3210,पाउ,,pow
3211,रोकिएथे,,rokiethe
3212,अचानक,,suddenly
3213,छेकिएथे,,chekiethe
3214,सिरिरि,,groaned
3215,एकान्त,,solitary
3216,दुनियामा,,the world of
3217,उडाई,,wind
3218,रहेको,,the
3219,अनन्त,,infinite
3220,बगाइ,,turneth
3221,कता,,where
3222,तिर,,to
3223,बगेछु,,bagechu
3224,था,,was
3225,अहिलेकोलागि,,we have today
3226,बाँचिरहे,,to live
3227,सपनीलाई,,sapanilai
3228,खोज्दा,,when
3229,आफुलाई,,yourself
3230,आहो.आहै,,ahoahai
3231,आहाहा,,ahaha
3232,आहाहा.हा.है,,ahahahahai
3233,सिरिरिरि,,siririri
3234,जिरिरि,,jiriri
3235,जिरिरिरिरिरि,,jiririririri
3236,हेय,,disdainful
3237,गाऊढली,,gaudhali
3238,भगेछ,,bhagecha
3239,हम्म्म,,hmm
3240,वोरी,,vori
3241,हरयाली,,green peace
3242,हेरा,,hera
3243,माझेस,,majhesa
3244,सलल,,salal
3245,बगी,,buggy
3246,खेली,,played
3247,तीस्त,,tista
3248,दाहिना,,right
3249,आयू,,ayew
3250,दिन्ने,,dinne
3251,पौनु,,'ll get
3252,तह,,fold
3253,लौनु,,launu
3254,पौने,,quarter
3255,पिरौने,,piraune
3256,लिन्ने,,linne
3257,थोरै,,slight
3258,पुग्ने,,reaching
3259,कहिनै,,kahinai
3260,थुपार्ने,,treasures
3261,सीतल,,rations
3262,औने,,distress
3263,दिन्न,,i stared at
3264,कस्ता,,what
3265,अस्तित्व,,existence
3266,आजा,,aja
3267,सम,,even
3268,पाई,,pie
3269,रयो,,ryo
3270,मो,,mo
3271,भनुँ,,hide
3272,साँझेको,,samjheko
3273,सोडउम,,sodauma
3274,चारै,,around
3275,चललल,,calalala
3276,कंगचेन्जुंगा,,kangacenjunga
3277,हिमालले,,himal
3278,ढकयो,,dhakayo
3279,पहरामा,,strikes
3280,जौ,,barley
3281,हैनकि,,hainaki
3282,तल,,bottom
3283,फर्की,,return
3284,नआउने,,shen
3285,आ.है,,ahai
3286,नपाउने,,concealed
3287,ऋतुहरु,,seasons
3288,बदलिएछ,,badaliecha
3289,बदलिनु,,conformed to
3290,छातीको,,chest
3291,पिरलाई,,piralai
3292,छोडिदेउ,,chodideu
3293,ढोकालाई,,roll
3294,खोलिदेउ,,"free him,"
3295,खुशीले,,leap
3296,जन्मका,,birth
3297,तारो,,taro
3298,युगहरु,,"epochs,"
3299,ढलेछ,,survived?
3300,ढल्दैन,,the interim
3301,आजसम्म,,ever
3302,आउदछ,,audacha
3303,तिम्रैनै,,timrainai
3304,यौवनको,,youth
3305,बगेछ,,bagecha
3306,रगतहरु,,ragataharu
3307,बितिसकेछ,,already over
3308,जिउने,,living
3309,खोलेर,,open
3310,मरेपछि,,death
3311,लानु,,bring
3312,समझना,,understanding
,,,#VALUE!
3314,कल्पना,,fantasy
3315,एती,,yeti
3316,खेर,,kher
3317,सक्यो,,foundations
3318,नूउने,,nuune
3319,ढाली,,ities
3320,आजो,,ajo
3321,पर्खौने,,parkhaune
3322,लाहाइन,,lahaina
3323,जालमा,,trap
3324,फ्शहयो,,phsahayo
3325,योवान,,yovana
3326,ढली,,pri
3327,आहाहाअ,,ahahaa
3328,हाआ,,haa
3329,लैजौना,,laijauna
3330,सँगैइनै,,samgaiinai
3331,सहरमा,,city
3332,मोटर,,motor
3333,छरेर,,sowed
3334,अहहहाहहा,,ahahahahaha
3335,अहहहाआअ,,ahahahaaa
3336,आकास,,skies
3337,नौंलाखे,,naunlakhe
3338,बलिरहे,,burning
3339,गाँउमा,,village
3340,बिजुली,,power
3341,बत्ति,,lights
3342,जलेछ,,jalecha
3343,झ,,i
3344,चल्यो,,lasted
3345,सरर,,sarar
3346,हल्लाईदियो,,hallaidiyo
3347,रुख,,attitudes
3348,रातकी,,rataki
3349,उलेछ,,ulecha
3350,मगमगे,,magamage
3351,बासना,,tarry
3352,छरिएछ,,chariecha
3353,बित्ने,,shivering
3354,सिन्डिकेट्को,,sindiketko
3355,उभिएछु,,ubhiechu
3356,बगल,,next
3357,बिजि,,biji
3358,हेरेछु,,herechu
3359,खीलेको,,requite
3360,योवन,,salad
3361,पर्वाहा,,parvaha
3362,रहेछौ,,and weep
3363,आँखाले,,eye
3364,भनिरहेछौ,,say about
3365,बोलुं,,bolum
3366,सोचेर,,thinking
3367,सिलिगुरि,love,siliguri
,,sad,#VALUE!
,,,#VALUE!
3369,भुले,,bread
3370,भन्नत,,bhannata
3371,बीस,,twenty
3372,मिनेट,,minute
3373,पाएर,,with
3374,चिनेर,,to know
3375,नचिने,,roughly
3376,जानू,sad,janu
3377,छर,happy,sow
,,,#VALUE!
3379,हेर्छु,,the rocks
,,,#VALUE!
,,,#VALUE!
3382,रमाउद,happy,ramauda
,,,#VALUE!
,,,#VALUE!
3385,चुर,sad,steam
,,,#VALUE!
,,,#VALUE!
3388,पर्खिरहे,,waited
3389,भिजेछु,,bhijechu
3390,चढ्न,,climb
3391,कमाण्डर,,commander
3392,हर्न,,hearn
3393,कलिम्पोङ,,kalimpona
3394,टु,,to
3395,चडेर,,riding
3396,राख्यौ,,mane
3397,यतै,,bam
3398,काहिँ,,sometimes
3399,तरै,,"nevertheless,"
3400,हिंड्नै,,to walk
3401,परछ,,the younger
3402,एउटै,,one
3403,हिंडनै,,they spread
3404,म्म्म्म.ह्म्म्म्म.ह्म्म्म्म.ह्म्म्म्म.आहा,,mmmmahmmmmahmmmmahmmmmaaha
3405,म्म्म्म.ह्म्म्म्म.ह्म्म्म्म.ह्म्म्म्म.आहाहा,,mmmmahmmmmahmmmmahmmmmaahaha
3406,नाचुँम्ला,,nacummla
3407,भन्थे,,would say
3408,जिवनको,,lives
3409,बाटोले,,the highway
3410,ल्यायो,,brought
3411,निलौ,,nilau
3412,याहाँ,,level imagery
3413,ओहो.ओहोहोहोहो,,ohoohohohoho
3414,बसुम्ला,,basumla
3415,छेउमा,,by
3416,रितले,,just as
3417,पार्यो,,arnon
3418,तुरमा,,turama
3419,यसैले,,therefore
3420,आहाहाहाहाहाहा,,ahahahahahaha
3421,आकाशैमा,,towering
3422,बसि,,foreigners
3423,जुनकिरी,,junakiri
3424,आशै,,unexpected
3425,हिडिरहेछु,,hidirahechu
3426,पाउन,,find
3427,रित,,defining
3428,छाडि,,the pursuers
3429,व्यर्थको,,futile
3430,कुरामा,,things
3431,अल्झी,,aljhi
3432,बिताउने,,live
3433,आजको,,today
3434,रहरले,,pursuit
3435,बिउँझायो,,biumjhayo
3436,कल्पनाहरु,,fantasies
3437,आँखाभरी,,blinding
3438,बसिदे,,baside
3439,अघि,,before
3440,अाकाशलाई,,sky
3441,संसारलाई,,world
3442,ढाक्ने,,cover
3443,विशाल,,great
3444,डाल,,put
3445,बादलले,,cloud
3446,छोपेको,,covered
3447,हजारौँ,,thousands
3448,मननै,,mananai
3449,हेरेपनि,,herepani
3450,राखेछौ,,rakhechau
3451,अँगालोमा,,arms
3452,साथमै,,in front
3453,जुनि,,.love
3454,home,,home
3455,calling,,calling
3456,जानुछ,,go further
3457,मोह,,enchantment
3458,अल्जेछ,,aljecha
3459,चाहिने,,need
3460,हामिलाई,,us
3461,मिलि,,m
3462,जुल्न,,julna
3463,नबुझ्नेले,,nabujhnele
3464,नबुझेपछि,,mum
3465,भन्दै,,saying
3466,बर्बाद,,waste
3467,अाउँछ,,bottom line
3468,अाउँदैछ,,aaumdaicha
3469,मानी,,considered
3470,पाद्मे,,padme
3471,हुम,,we recommend
3472,डढेलो,,fires
3473,साँझतिर,,evening
3474,बतासमा,,wind
3475,फैलियो,,spread
3476,सररर,,sararara
3477,यादहरू,,memories
3478,फर्केर,,return
3479,झललल,,jhalalala
3480,बुझाईदेऊ,,bujhaideu
3481,जलीराने,,jalirane
3482,पक्डिदेउ,,pakdideu
3483,उडीराने,,udirane
3484,सपनाहरु,,dreams
3485,बुझाऊँ,,bujhaum
3486,नबुझ्ने,,do not understand
3487,रहरहरु,,raharaharu
3488,रातझैँ,,ratajhaim
3489,नमिल्ने,,sheep
3490,छाना,,haunt
3491,बज्यो,,rang
3492,गरर,,grrr
3493,उठ्यो,,up
3494,आनन्दको,,happiness
3495,हिजोको,,yesterday
3496,भएछ,,rehoboth
3497,चाँडै,,"soon,"
3498,बितेको,,past
3499,भिज्यो,,drenched
3500,कालेबुङ,,kalimpong
3501,चढि,,cadhi
3502,असार,,july
3503,बरी,,bury
3504,कुरो,,thing
3505,निला,,blue
3506,वरिपरि,,around
3507,लागेको,,about
3508,हरायो,,lost
3509,हिँडिरहेछु,,himdirahechu
3510,साहारामै,,saharamai
3511,बाँचिरहेछु,,kgs
3512,पर्याे,,paryae
3513,छाेडा,,chaeda
3514,बग्याे,,bagyae
3515,अाए,,that came
3516,अाज,,tonight
3517,बितेकाे,,bitekae
3518,याे,,did it
3519,भिज्याे,,bhijyae
3520,कालाे,,kalae
3521,चडि,,cadi
3522,अायाे,,aayae
3523,बरि,,lifetime
3524,अाे,,aae
3525,देउराली,,the monuments
3526,डाँडाको,,sermon
3527,शीतल,,cool
3528,जंगलनै,,jangalanai
3529,नाच्यो,,lit
3530,जीन्दगानी,,jindagani
3531,काटुँ,,katum
3532,रेलमा,,train
3533,चढी,,heights
3534,जानेछु,,go
3535,अाउने,,upcoming
3536,अाशा,,hope
3537,बढेछु,,badhechu
3538,जीउन,,to live
3539,अा,,ages
3540,पुग्न,,to reach
3541,ढलिसक्यो,,dhalisakyo
3542,कल्पनाको,,imagery
3543,समुन्द्रमा,,throwing
3544,डुबिरहने,,dubirahane
3545,इच्छा,,desire
3546,पाउनेछु,,shall be
3547,गरेको,,the
3548,प्रतिक्षा,,wait
3549,दुनियाको,,the world of
3550,नअल्झाउ,,naaljhau
3551,जसरी,,as the
3552,गम,,gum
3553,खाए,,eat
3554,किनारैमा,,coasting
3555,ढलपल,,waver
3556,गर्छन,,do
3557,माथी,,on
3558,बादलकी,,badalaki
3559,नबिर्सने,,forgetting
3560,भिज्ने,,drenching
3561,खोजमा,,search
3562,शहरमा,,city
3563,कीनारैमा,,kinaraima
3564,दार्जिलिङको,,darjeeling
3565,रेल,,rail
3566,छुक,,desirous
3567,बूढापाखा,,budhapakha
3568,समेटी,,retractable
3569,हिँडी,,break of
3570,बितीसके,,have passed
3571,बढेछौ,,badhechau
3572,रूक्ने,,rukne
3573,आएँ,,come
3574,बतासे,,strange
3575,इंजिन,,engine
3576,धुँवा,,smoke
3577,कु,,ku
3578,सिटी,,city
3579,बजाई,,insemination
3580,भीड़मा,,crowd
3581,भागेछु,,bhagechu
3582,पुरानो,,old
3583,अझ,,more
3584,लैजाऊ,,take
3585,गार्हो,,difficult
3586,मर्नेछौं,,die
3587,जिउनेछु,,will live
3588,नमारी,,you catch
3589,मनभरी,,selah
3590,समझन्छु,,samajhanchu
3591,जित्नु,,winning
3592,केहिँ,,kehim
3593,नरैछन्,,naraichan
3594,भएदेखि,,since the
3595,थामेदेखि,,thamedekhi
3596,जीतीदिन्छु,,jitidinchu
3597,चुमिदिन्छु,,cumidinchu
3598,जतातिर,,the grain
3599,चीयाबारी,,ciyabari
3600,उकाली,,twists
3601,ओराली,,weakness
3602,कहिल्ये,,nor
3603,काहीँ,,sometimes
3604,बेस्सरी,,violently
3605,हिँडेछु,,himdechu
3606,चढेर,,riding
3607,श्रीमान्,,husband
3608,गम्भीर,,serious
3609,प्रचण्ड,,prachanda
3610,प्रतापी,,august
3611,भूपति,,bhupathi
3612,5,,5
3613,सरकार,,government
3614,महाराजाधिराजको,,your highness
3615,सदा,,ever
3616,उन्नति,,progress
3617,राखुन्,,frame
3618,चिरायु,happy,ageless
3619,ईशले,,oechsle
3620,प्रजा,,people
3621,फैलियोस्,,spread
3622,पुकारौ,,pukarau
3623,सयौं,,hundreds of
3624,थुँगा,देश्भक्ती,leaps
3625,फूलका,,flower
3626,सार्वभौम,देश्भक्ती,sovereign
3627,फैलिएका,,spread
3628,प्रकृतिका,हर्श,nature
3629,कोटी,,coatee
3630,सम्पदाको,देश्भक्ती,heritage
3631,आंचल,देश्भक्ती,border
3632,वीरहरूका,देश्भक्ती,the mighty
3633,स्वतन्त्र,देश्भक्ती,free
3634,ज्ञानभूमि,देश्भक्ती,jnanabhumi
3635,शान्तिभूमि,देश्भक्ती,santibhumi
3636,तराई,देश्भक्ती,lowland
3637,अखण्ड,देश्भक्ती,integrated
3638,मातृभूमि,देश्भक्ती,motherland
,,,#VALUE!
3640,जाति,देश्भक्ती,race
3641,भाषा,,language
3642,धर्म,देश्भक्ती,religion
3643,संस्कृति,देश्भक्ती,culture
3644,अग्रगामी,देश्भक्ती,pioneer
3645,राष्ट्र,देश्भक्ती,nation
3646,बिहानीको,,morning
3647,मिर्मिरेसङ्गै,,mirmiresangai
3648,अाँखा,,blink
3649,घामको,,the sun
3650,स्व्यम्भुमा,,svyambhuma
3651,चाल्दा,,taking
3652,चाल्दै,,acting
3653,पुगे,,came to
3654,पशुपति,,pashupati
3655,मनिसको,,behind them
3656,विश्वासको,,faith
3657,अनुभुति,,enjoy the
3658,स्वर्ग,हर्श,heaven
3659,पवित्र,,holy
3660,ठाँउ,,place
3661,मानिसमा,,man
3662,हर्शनै,,harsanai
3663,अडिएको,,held
3664,अाअा,,aaaa
3665,धरहरा,,steeple
3666,वसन्तपुर,,basantapur
3667,रानीपाेखरी,,ranipaekhari
3668,प्रकृतिले,,nature
3669,छरिएको,,scattered
3670,मठ,,monastery
3671,कलाहरु,,arts
3672,अचार,,pickles
3673,भन्दछन,,others call
3674,चरीहरुको,,cariharuko
3675,चिर्बिरसङ्गै,,cirbirasangai
3676,बागमती,,bagmati
3677,बग्दछिन,,bagdachina
3678,टोल,,toll
3679,बोलाउछ्न,,bolauchna
3680,नवीन,,new
3681,अाँखामा,,blink
3682,पाउछु,,fortitude
3683,निन्द्रै,,"sleep,"
3684,जलाई,,fire
3685,लिइ,,lei
3686,राख्नेछु,,put
3687,टुक्र्याइ,,tukryai
3688,जोड्न,,add
3689,मुहारमा,,faces
3690,हाशो,,haso
3691,साझ,,evening
3692,प्रकृतिमा,,nature
3693,आन्धी,,wind
3694,जिबनमा,,jibon
3695,तृष्णा,,thirst
3696,प्राप्ति,,receipt
3697,जन्म,,birth
3698,मृत्युुको,,mrtyuuko
3699,चाहेर,,usually
3700,सायद,,perhaps
3701,बिवसता,,bivasata
3702,हेरेर,,looking
3703,कैयौं,,many
3704,चिसा,,the cold
3705,बिताए,,spent
3706,ऋतु,,season
3707,भाग्यमा,,granted
3708,गोधुँलीको,,godhumliko
3709,सङ्ग,,"context,"
3710,सङ्गै,,sangai
3711,भएन,,not
3712,मनमै,,the matter
3713,काट्ने,,the harvest
3714,सम्झ,,remember
3715,अाफै,,can auto
3716,रोज,,daily
3717,सोच,,thinking
3718,भावनालाई,,feelings
3719,ईर्स्यालु,,irsyalu
3720,हुन्छ्न,,vernaculars
3721,बन्छ्न,,banchna
3722,सम्झनाले,,remembering
3723,आस,,nearby
3724,जागी,,woke up
3725,उत्साह,,enthusiasm
3726,उमंग,,exaltation
3727,सिर्जिदिन्छ,,sirjidincha
3728,हावाले,,wind
3729,छोइदिदा,,choidida
3730,वर्षातले,,during monsoon
3731,चुमिदिदा,,cumidida
3732,बोलाउछ,,bolaucha
3733,डोर्याउछ,,doryaucha
3734,बस्दा,,while
3735,बतासले,,wind
3736,जिस्काउछ,,jiskaucha
3737,आफैं,,himself
3738,डुबिदिदा,,dubidida
3739,नदिनाला,,lumbini
3740,सुसाइदिन्छ,,susaidincha
3741,जिस्काइमा,,jiskaima
3742,नदिनालाको,,lumbini
3743,सुसाइमा,,susaima
3744,अतीतको,,past
3745,यादले,,homesickness
3746,झस्काइरहन्छ,,tickled
3747,प्रयास,,try
3748,आउँछ,,arrival
3749,झन,,more
3750,फर्केन,,farkena
3751,बढायो,,temples
3752,दुरि,,distance
3753,नराम्रो,दुखी,bad
3754,गरेकी,,she
3755,नमिठाे,,namithae
3756,बाेलेकि,,baeleki
3757,पीडाहरु,दुखी,pidaharu
3758,लुकाइ,,hiding
3759,सम्झिरहन्छु,,mentioning
3760,बर्सन्छ्न,,barsanchna
3761,आखाबाट,,akhabata
3762,अासुकाे,दुखी,aasukae
,अासुकाे,हर्श,aasukae
3763,भेल,,bhel
3764,कठिन,दुखी,difficult
3765,हुनेभाे,,hunebhae
3766,मेल,,mail
3767,टाढिन,,drifting
,,,#VALUE!
3769,माछीले,,machile
3770,पिरीम,,pirima
3771,हुर्रर्रर्रर्रर्रर्र,,hurrarrarrarrarrarra
3772,अइया,,ariary
3773,हाँगो,,branch
3774,नाच्ने,,dancing
3775,वन,,forest
3776,आकाशैको,,towering
3777,जुगौं,,eternity
3778,औंठी,,thumbs
3779,सिलामुन्द्री,,silamundri
3780,आम्ला,,amla
3781,बात्,,bat
3782,लागे,,him
3783,जाम्ला,,jamla
3784,रृण,,rrna
3785,तिरम्ला,,tiramla
3786,ऽऽ,,
3787,ऽऽऽऽऽऽऽऽऽऽ,,
3788,स्बास्स,,sbassa
3789,हुर्रर्रर्रर्र,,hurrarrarrarra
3790,जुगको,,jugako
3791,ढुंगे,,dark
3792,चकमक,,flint
3793,कलीजुगको,,kalijugako
3794,सलाई,,probe
3795,निंद,,'s sleep
3796,सुर्ता,,sorrow
3797,साध्य,,feasible
3798,फूलपाती,,senior
3799,देउरालीलाई,,deuralee
3800,भाकल,,vow
3801,ज्यानको,,soul
3802,खाएँ,,eat
3803,ऽऽऽऽ,,
3804,ऽऽऽऽऽऽऽऽऽ,,
3805,स्याबास्स,,syabassa
3806,ऽऽऽऽऽऽऽऽऽऽऽ,,
3807,डूब्यो,दुखी,loosing
3808,छुट्टिने,दुखी,separate
3809,बित्यो,दुखी,passed
3810,काट्ला,,catla
3811,नकाट्ला,,nakatla
3812,नआउला,,best serves
3813,नहोला,,it may not
3814,छोटो,,short
3815,नभेटेसम्मलाई,,someday
3816,यदि,,if
3817,भेटै,,bhetai
3818,राख्नु,,have
3819,सम्झनलाई,,painful
3820,गाँउले,,fences
3821,घरको,,house
3822,भित्रकै,,from within the
3823,हाम्रै,,our
3824,हिमालको,,mountain
3825,मर्यादाको,,dignity
3826,मियो,,mio
3827,सल्केर,,took place
3828,दनदनी,,aflame
3829,मृत्युको,दुखी,death
3830,फैलिए,,spread
3831,झेल्ली,,jhelli
3832,खेलैले,,khelaile
3833,ठाँउमा,,place
3834,कोशीस,,pinnacle
3835,दिदै,,giving
3836,अईया,,aiya
3837,लछारिनु,,lacharinu
3838,पछारिनु,,pacharinu
3839,बिनाकारण,,without
3840,खानु,,eat
3841,नखाको,,nakhako
3842,बिख,,bikha
3843,लागी,,for
3844,मरिरहनु,,dying
3845,दैबको,,daibako
3846,स्राप,,srapa
3847,लाज्ञो,,lajno
3848,घरैमा,,home
3849,उम्र्यो,,sprouted
3850,सिमानामा,,border
3851,अडेर,,thanks to
3852,पैतला,,paitala
3853,हत्केला,,palm
3854,निधारको,,grecia
3855,छाला,,skin
3856,फुटुन्जेलसम्म,,phutunjelasamma
3857,चर्केर,,antagonisms
3858,उर्लियो,,rushed
3859,जंघार,,janghara
3860,तर्निमा,,tarnima
3861,भक्कनो,,leaven
3862,रुदै,,lama
3863,मुंग्लान,,munglana
3864,पसे,,into
3865,पुर्वै,,purvai
3866,रेलै,,relai
3867,बचनमा,,rooted
3868,बैर,,hostility
3869,साँच्चै,,really
3870,त्यागेर,,abandoning
3871,सोचे,,thought
3872,पाउँछ,,finds
3873,बिधी,,in the form
3874,गुन,,formula
3875,बेरे,,bere
3876,बैरी,दुखी,barry
3877,यसयमयसलिरिक्स,,yasayamayasaliriksa
3878,डट,,dot
3879,कम,,low
3880,पुर्याउ,,puryau
3881,रचेर,,underfoot
3882,पुर्खैको,,purkhaiko
3883,आशिस,,asisa
3884,सम्साँझैमा,,samsamjhaima
3885,कराईरह्यो,,karairahyo
3886,केको,,what
3887,ल्याउने,,to bring
3888,मुर्छना,,murchana
3889,मरेको,दुखी,dead
3890,गित,,progress
3891,सुन्दा,,listening
3892,सन्दै,,send message
3893,थाकि,,replying
3894,सकेँ,,i could
3895,क्रुर,,violent
3896,परेजस्तो,,smothered
3897,दुनैको,,dunai
3898,रोल्पाको,,rolpa
3899,घाउ,दुखी,wound
3900,सिरानीमा,,pillow
3901,सिउरी,,er
3902,निदाउन,,sleep
3903,आदर्शको,,ideals
3904,बुझ्दिन,,do not understand
3905,छातछुल्ल,,chatachulla
3906,अंगाल्दै,,sindhupalchok
3907,बसेर,,down
3908,एकअर्कालाई,,another
3909,बुझौ,,wherein
3910,छिचोल्ने,,chicolne
3911,मघुर,,maghura
3912,गाउँ,,village
3913,नियतिका,,brings him
3914,खेलहरु,,games
3915,माथि,,up
3916,झरेजस्तो,,jharejasto
3917,फगतमा,,phagatama
3918,सुसेलेर,,suselera
3919,सुस्ताउन,,to slow down
3920,पाउदिन,,paudina
3921,संघर्षका,,conflict
3922,भेउ,,carbon monoxide
3923,जताजतै,,jatajatai
3924,अल्झिएका,,grappling
3925,संगाल्दै,,sangaldai
3926,बुनौ,,bunau
3927,विराम,,pause
3928,छोडौँ,,chodaum
3929,पि्रत,,pirata
3930,लाउँ,,laum
3931,सह्रै,,rigor
3932,असजिलो,,uncomfortable
3933,उचाईमा,,height
3934,पुगेर,,reached
3935,मैदान,,ground
3936,भईदिनु,,bhaidinu
3937,मैदानमा,,ground
3938,उकालो,,uphill
3939,सन्तान,love,children
,,patriotic,#VALUE!
,,,#VALUE!
3941,स्वच्छन्द,love,promiscuous
3942,आमाहरु,patriotic,mothers
3943,छेउको,patriotic,side
3944,अभिशप्त,sad,baneful
3945,अफ्ठ्यारो,दुखी,difficulties
3946,गह्रो,दुखी,"hard,"
,,,#VALUE!
,,,#VALUE!
3949,उच्च,happy,superior
,,,#VALUE!
3951,समुन्द्र,देश्भक्ती,sea
,समुन्द्र,प्रेम,sea
,,,#VALUE!
,,,#VALUE!
3954,साथि,हर्श,best friends
,साथि,प्रेम,best friends
,,,#VALUE!
,,,#VALUE!
,,,#VALUE!
3958,झिलिमिलि,हर्श,jhilimili
3959,इर्ष्या,प्रेम,jealousy
,,,#VALUE!
3961,धर्ति,देश्भक्ती,dharti
,,,#VALUE!
3963,विघ्न,sad,disruption
3964,प्रगति,हर्श,progress
3965,एकादेश,patriotic,-i
,,,#VALUE!
3967,देश,patriotic,country
3968,गुँरास,प्रेम,rhododendron
,गुँरास,देश्भक्ती,rhododendron
3969,रोधि,happy,rare
,,,#VALUE!
,,,#VALUE!
3972,घर,patriotic,house
3973,गरू,patriotic,zion
,,,#VALUE!
,,,#VALUE!
,,,#VALUE!
3977,आशिष,happy,blessing
3978,पठा'छन्,,pathachan
3979,प्रियसीले,प्रेम,priyasile
3980,पठा'छिन्,,pathachin
3981,जन्मभुमिले,देश्भक्ती ,janmabhumile
3982,दशा,दुखी,state
3983,बिग्रेको,,corrupted
3984,बिग्रेका,,corrupted
3985,लडेर,,fighting
3986,विरता,देश्भक्ती ,virata
3987,डढेको,दुखी,burnt
3988,पोखु,दुखी,pokhu
3989,सुन्दिने,,sundine
,,,#VALUE!
3991,सार्है,,greatly
3992,पाहाड,देश्भक्ती ,mountain
3993,उचाइमा,,height
3994,भैदिनु,,bhaidinu
3995,होओओओओ,,hooooo
3996,हे.ए,,hee
3997,पुग्छन,,pugchana
3998,स्वछन्द,,loose
3999,जराहरु,दुखी,jaraharu
4000,चौतारीहुन,,cautarihuna
4001,अभिसक्त,,abhisakta
4002,अप्ठ्यारो,दुखी,difficult
,,,#VALUE!
,,,#VALUE!
,,,#VALUE!
4006,तिमिलाइ,,yo
4007,सम्हाली,प्रेम,hold
,सम्हाली,दुखी,hold
4008,जोगाएर,प्रेम,preserved
4009,राख२,,ash 2
4010,गन्दै,,counting
4011,हासी,,ponting
4012,लजाउदै,प्रेम,lajaudai
4013,तेति,,although there
4014,पल्टाएथे,,paltaethe
4015,हजुरलाइ,,hajuralai
4016,बिउझेउ,,biujheu
4017,पागल,दुखी,crazy
,पागल,प्रेम,crazy
4018,प्रेमी,,lover
4019,बेहोसी,दुखी,careless
4020,सम्हाल,,care
4021,नत्र,,"otherwise,"
4022,बौलाउने,,baulaune
4023,अग्लिने,,agline
4024,गहिरिने,,gahirine
4025,जन्मै,,yours
4026,देखिको,,since
4027,लडाइँ,,fight
4028,सकिने,,can
4029,पर्वतहरु,,mountains
4030,फोरी,,fori
4031,दुखेको,,pain
4032,दुखै,,exceedingly
4033,हिम,,ice
4034,छलेको,दुखी,deceit
4035,छलै,,chalai
4036,छाँगो,,rolling
4037,छाँगै,,chamgai
4038,छल्क्यो,,chalkyo
4039,छुट्ने,,leave
4040,सेतै,,white
4041,निलै,,nilai
4042,बसेँ,,molly
4043,हाँसिरहेथ्यो,,hamsirahethyo
4044,लजाउँदै,,timidly
4045,पल्टाएथेँ,,paltaethem
4046,बिउँझ्यौ,,biumjhyau
4047,मरि,,summoning
4048,चेथेर,,cethera
4049,नफाल,,give
4050,सिरानमा,,panitanki
4051,फोटो,,photograph
4052,सेतो,,white
4053,कागतमा,,stationery
4054,रङ्गले,हर्श,purple
4055,फूलबुट्टा,हर्श,the hems
4056,पठाछु,,pathachu
4057,जतन,,save
4058,बाचेर,,bacera
4059,जवाफ,,answer
4060,पठाउनु,,sent
4061,आकाशै,,towering
4062,खुर्पी,,khurpi
4063,तुम्बाको,,gourd
4064,लोँदुली,,lomduli
4065,छेकनी,,chekani
4066,भेटघाट,हर्श,drink
4067,बुझाउनी,,understanding
4068,पल्ला,,skirt
4069,घरका,,house
4070,वोइका,,voika
4071,चाँदिका,,the lords
4072,कंगना,,kangna
4073,हिमले,,himale
4074,ल्याउँछ,,cause
4075,हिमको,,himako
4076,खात,,fossa
4077,बन,देश्भक्ती,became
4078,देख्छ,,sees
4079,शितैमा,,free and
4080,नओईलाउँदो,,naoilaumdo
4081,त्यही,,the
4082,बुढी,प्रेम,the woman
4083,बौसी,,bausi
4084,भन्छन,,proverb
4085,गरीब,दुखी,the poor
4086,चोर,,thief
4087,चलन,,currency
4088,खान,,khan
4089,सबैजना,,everyone
4090,आउँछन,,amid the
4091,अघी,,ago
4092,पछी,,later
4093,आखिरमा,,"finally,"
4094,काल,दुखी,time
4095,गती,,speed
4096,विगतबाट,,ahead
4097,हिँड्ने,,walking
4098,ठाउँ,,place
4099,शिखर,देश्भक्ती ,summit
4100,देखिँदैन,,does not seem to
4101,उहिलेको,,thing
4102,सकौँ,,sion
4103,तराईमा,देश्भक्ती ,terai
4104,सीमा,,limit
4105,गहिरिए,,dwell
4106,मेटीँदैन,,metimdaina
4107,माफी,दुखी,sorry
4108,सदभाव,प्रेम,harmony