no,word,English,sentiment
1,ॐ,,आशा
2,अखण्ड,integrated,देशभक्त
3,अँगारमात्र,amgaramatra,दुःखी 
4,अंगालेको,considers,प्रेम
5,अंगालेको,,दुःखी 
6,अंगालेको,,हर्ष
7,अंगालो,hug,हर्ष
8,अंगालो,hug,सकारात्मक
9,अंगालो,hug,विश्वास
10,अँगालोमा,arms,विश्वास
11,अंगालोमा,arms,प्रेम
12,अग्रगामी,pioneer,सकारात्मक
13,अग्रगामी,pioneer,देशभक्त
14,अङाल्छु,analchu,हर्ष
15,अङाल्छु,,दुःखी 
16,अङाल्छु,,प्रेम
17,अङ्गालेर,naught,प्रेम
18,अचम्मै,surprise,डर
19,अचम्मै,surprise,हर्ष
20,अचम्मै,surprise,सकारात्मक
21,अचम्मै,surprise,आश्चर्य
22,अचल,immovable,नकारात्मक
23,अचल,immovable,सकारात्मक
24,अचल,immovable,विश्वास
25,अचानक,suddenly,आश्चर्य
26,अजम्बरी,ajambari,सकारात्मक
27,अजम्बरी,,हर्ष
28,अटल,firm,देशभक्त
29,अड्चन,obstacle,रिस
30,अड्चन,obstacle,डर
31,अड्चन,obstacle,नकारात्मक
32,अड्चन,obstacle,दुःखी 
33,अंत,end,नकारात्मक
34,अधिकार,right,सकारात्मक
35,अधिकार,,देशभक्त
36,अधुरो,incomplete,दुःखी 
37,अधूरा,incomplete,दुःखी 
38,अधेँरी,adhemri,दुःखी 
39,अंधेरी,dark,दुःखी 
40,अध्यारो,dark,दुःखी 
41,अध्याँरो,dark,दुःखी 
42,अँध्यारो,dark,दुःखी 
43,अँध्यारोमा,dark,दुःखी 
44,अँध्यारोमा,dark,प्रेम
45,अँध्यारोमा,dark,नकारात्मक
46,अनन्त,infinite,सकारात्मक
47,अनुभुति,enjoy the,विश्वास
48,अनौठो,strange,प्रेम
49,अन्तै,somewhere,दुःखी 
50,अन्धकारको,dark,दुःखी 
51,अन्धकारको,dark,डर
52,अप्ठ्यारो,difficult,डर
53,अप्ठ्यारो,difficult,दुःखी 
54,अप्रित,aprita,प्रेम
55,अप्रित,aprita,दुःखी 
56,अफ्ठ्यारो,difficulties,नकारात्मक
57,अफ्ठ्यारो,difficulties,दुःखी 
58,अब्बल,the patient,सकारात्मक
59,अभाव,shortage,रिस
60,अभाव,shortage,डर
61,अभाव,shortage,नकारात्मक
62,अभाव,shortage,दुःखी 
63,अभावै,we tend to,दुःखी 
64,अभिशप्त,baneful,दुःखी 
65,अभिसक्त,abhisakta,दुःखी 
66,अमर,immortal,सकारात्मक
67,अर्कैलाइ,arkailai,नकारात्मक
68,अर्थ,meaning,सकारात्मक
69,अर्थ,,नकारात्मक
70,अलिकती,a little,आशा
71,अल्जेछ,aljecha,डर
72,अल्झाई,aljhai,प्रेम
73,अल्झाई,#VALUE!,दुःखी 
74,अल्झी,aljhi,डर
75,अल्लारे,shallow,नकारात्मक
76,अवरोह,descent,डर
77,अवरोह,descent,दुःखी 
78,असजिलो,uncomfortable,नकारात्मक
79,असिना,hail,नकारात्मक
80,असिना,hail,सकारात्मक
81,असिना,hail,विश्वास
82,अस्तित्व,existence,सकारात्मक
83,अाकाशलाई,sky,सकारात्मक
84,अामा,aama,प्रेम
85,अामाले,aamale,प्रेम
86,अाशा,Hope,आशा
87,अाशा,Hope,हर्ष
88,अाशा,Hope,सकारात्मक
89,अाशा,Hope,आश्चर्य
90,अाशा,Hope,विश्वास
91,अासुकाे,aasukae,दुःखी 
92,अासुकाे,aasukae,हर्ष
93,अैलग्ने,aailagne,नकारात्मक
94,आ,coming,आशा
95,आइदियौ,woe,घृणा
96,आइदियौ,woe,डर
97,आइदियौ,woe,नकारात्मक
98,आइदियौ,woe,दुःखी 
99,आइरनी,irony,सकारात्मक
100,आईनौ,ainau,दुःखी 
101,आईनौ,ainau,नकारात्मक
102,आउछ,comes,सकारात्मक
103,आउँछ,Arrival,आशा
104,आउंछ,apart,हर्ष
105,आउदैन,forfeited,नकारात्मक
106,आउनु,come,सकारात्मक
107,आउने,coming,आशा
108,आउँला,arrive,आशा
109,आकार,shape,सकारात्मक
110,आकाश,sky,सकारात्मक
111,आकाशै,towering,आशा
112,आकाशै,towering,डर
113,आकाशै,towering,सकारात्मक
114,आकाशैको,towering,आशा
115,आकाशैको,towering,डर
116,आकाशैको,towering,सकारात्मक
117,आकाशैमा,towering,आशा
118,आकाशैमा,towering,डर
119,आकाशैमा,towering,सकारात्मक
120,आखाँ,eyes,प्रेम
121,आखाँ,,हर्ष
122,आखाँ,,दुःखी 
123,आखाँ,,रिस
124,आखाँ,,डर
125,आँखा,eye,प्रेम
126,आँखा,eye,हर्ष
127,आँखा,eye,दुःखी 
128,आँखाका,eyes,प्रेम
129,आँखाका,eyes,हर्ष
130,आखाँभरि,akhambhari,दुःखी 
131,आखामा,"eye,",प्रेम
132,आँखामा,eyes,प्रेम
133,आँखालाई,the eye,प्रेम
134,आँखालाई,,आश्चर्य
135,आँखालाई,,हर्ष
136,आँखालाई,,दुःखी 
137,आँखालाई,,डर
138,आँखालाई,,रिस
139,आँखाहरुले,eyes,प्रेम
140,आँखाहरुले,eyes,हर्ष
141,आँखै,adapted,प्रेम
142,आँखै,adapted,हर्ष
143,आँगनमा,court,रिस
144,आँगनमा,court,आशा
145,आँगनमा,court,डर
146,आगनै,aganai,सकारात्मक
147,आगमनको,coming,हर्ष
148,आगमनले,coming,आशा
149,आगो,fire,डर
150,आंचल,border,देशभक्त
151,आँट,courage,सकारात्मक
152,आँटे,tackle,सकारात्मक
153,आँटे,tackle,हर्ष
154,आड,support,विश्वास
155,आत्मबल,initiative,सकारात्मक
156,आत्मबल,,विश्वास
157,आत्मा,spirit,सकारात्मक
158,आत्माको,spirit,सकारात्मक
159,आँधि,storm,रिस
160,आँधि,storm,नकारात्मक
161,आँधी,wind,दुःखी 
162,आनन्दको,happiness,आशा
163,आनन्दको,happiness,हर्ष
164,आनन्दको,happiness,सकारात्मक
165,आफन्तलाई,relatives,प्रेम
166,आफू,he was,विश्वास
167,आफ्नै,own,प्रेम
168,आफ्नौ,twice,प्रेम
169,आभास,inkling,आशा
170,आमा,mother,आशा
171,आमा,mother,हर्ष
172,आमा,mother,नकारात्मक
173,आमा,mother,सकारात्मक
174,आमा,mother,दुःखी 
175,आमा,mother,विश्वास
176,आमाको,mother,आशा
177,आमाको,mother,हर्ष
178,आमाको,mother,प्रेम
179,आमाको,mother,सकारात्मक
180,आमाको,mother,दुःखी 
181,आमाको,mother,विश्वास
182,आमाहरु,mothers,देशभक्त
183,आमिलो,amilo,नकारात्मक
184,आयू,Ayew,आशा
185,आयौ,but what,सकारात्मक
186,आरोह,ascending,सकारात्मक
187,आवाजको,voice,सकारात्मक
188,आवेगमा,flurry,दुःखी 
189,आशमा,whither,सकारात्मक
190,आशा,hope,आशा
191,आशा,hope,हर्ष
192,आशा,hope,सकारात्मक
193,आशा,hope,आश्चर्य
194,आशा,hope,विश्वास
195,आशा,,दुःखी 
196,आशांका,asanka,विश्वास
197,आशिष,blessing,आशा
198,आशिष,blessing,हर्ष
199,आशिष,blessing,सकारात्मक
200,आशिष,blessing,विश्वास
201,आशु,speedy,सकारात्मक
202,आँशु,tears,दुःखी 
203,आँशुमा,tears,दुःखी 
204,आँशुहरु,amsuharu,दुःखी 
205,आशै,unexpected,आशा
206,आशै,unexpected,डर
207,आशै,unexpected,हर्ष
208,आशै,unexpected,नकारात्मक
209,आशै,unexpected,सकारात्मक
210,आशै,unexpected,आश्चर्य
211,आषिस,asisa,सकारात्मक
212,आस,nearby,आशा
213,आँसु,tears,दुःखी 
214,आहाहा,ahaha,हर्ष
215,आहाहा.हा.है,ahahahahai,हर्ष
216,आहाहाअ,ahahaa,हर्ष
217,आहाहाहाहाहाहा,ahahahahahaha,हर्ष
218,आहो.आहै,ahoahai,हर्ष
219,इज्जत,honor,सकारात्मक
220,इज्जत,honor,विश्वास
221,इतिहासमा,history,देशभक्त
222,इमान्दारी,uprightness,सकारात्मक
223,इर्ष्या,jealousy,रिस
224,इर्ष्या,jealousy,घृणा
225,इर्ष्या,jealousy,डर
226,इर्ष्या,jealousy,नकारात्मक
227,इर्ष्या,jealousy,दुःखी 
228,इर्ष्या,jealousy,प्रेम
229,ईतिहास,history,देशभक्त
230,ईश्‍वर,god,आशा
231,ईश्‍वर,god,डर
232,ईश्‍वर,god,हर्ष
233,ईश्‍वर,god,सकारात्मक
234,ईश्‍वर,god,विश्वास
235,उकालो,uphill,आशा
236,उकालो,uphill,डर
237,उकालो,uphill,नकारात्मक
238,उकालो,uphill,सकारात्मक
239,उकास्न,improve,आशा
240,उकास्न,improve,हर्ष
241,उकास्न,improve,सकारात्मक
242,उकास्न,improve,विश्वास
243,उचाईमा,height,सकारात्मक
244,उचाली,lifted,सकारात्मक
245,उच्च,superior,सकारात्मक
246,उच्च,superior,हर्ष
247,उजाड,wilderness,आशा
248,उजाड,wilderness,डर
249,उजाड,wilderness,दुःखी 
250,उजेली,ujeli,प्रेम
251,उजेली,ujeli,हर्ष
252,उज्ज्वल,bright,सकारात्मक
253,उज्ज्वल,bright,आशा
254,उज्याली,bright,हर्ष
255,उज्याली,bright,सकारात्मक
256,उज्यालो,light,हर्ष
257,उज्यालो,,सकारात्मक
258,उडाइ,flight,प्रेम
259,उडायो,debauchery,घृणा
260,उडायो,debauchery,डर
261,उडायो,debauchery,नकारात्मक
262,उडी,flying,डर
263,उडी,flying,सकारात्मक
264,उडेको,sparks,हर्ष
265,उडेको,sparks,प्रेम
266,उड्न,fly,प्रेम
267,उड्न,fly,हर्ष
268,उत्तर,north,देशभक्त
269,उत्साह,enthusiasm,आशा
270,उत्साह,enthusiasm,हर्ष
271,उत्साह,enthusiasm,सकारात्मक
272,उत्साह,enthusiasm,आश्चर्य
273,उदाइन,mccomb,नकारात्मक
274,उदाइन,,दुःखी 
275,उदास,sad,दुःखी 
276,उनेको,holiness,आशा
277,उनेको,holiness,डर
278,उनेको,holiness,हर्ष
279,उनेको,holiness,सकारात्मक
280,उनेको,holiness,आश्चर्य
281,उनेको,holiness,विश्वास
282,उन्नति,progress,आशा
283,उन्नति,progress,हर्ष
284,उन्नति,progress,सकारात्मक
285,उपहार,gift,आशा
286,उपहार,gift,हर्ष
287,उपहार,gift,सकारात्मक
288,उपहार,gift,आश्चर्य
289,उभिएको,standing,सकारात्मक
290,उमंग,exaltation,हर्ष
291,उमंग,exaltation,सकारात्मक
292,उमंग,exaltation,विश्वास
293,उम्र्यो,sprouted,सकारात्मक
294,उराठ,the cruelest,दुःखी 
295,उशा,arrears,नकारात्मक
296,ऋतुहरु,Seasons,सकारात्मक
297,एउटालाई,one,दुःखी 
298,एकदिन,one day,दुःखी 
299,एकनास,count on,सकारात्मक
300,एकादेश,-I,देशभक्त
301,एकान्त,solitary,प्रेम
302,एकान्तमा,privately,दुःखी 
303,एकान्तमा,,प्रेम
304,एकान्तमा,,डर
305,एकोहोरो,routine,सकारात्मक
306,एकोहोरो,routine,विश्वास
307,एक्लाई,eklai,दुःखी 
308,एक्लै,alone,दुःखी 
309,एक्लो,single,नकारात्मक
310,एक्लो,single,दुःखी 
311,एक्लोपनले,loneliness,डर
312,एक्लोपनले,loneliness,नकारात्मक
313,एक्लोपनले,loneliness,दुःखी 
314,एसियाको,asia,देशभक्त
315,ओइलाउन,wither,नकारात्मक
316,ओइलाउन,wither,दुःखी 
317,ओठको,lips,प्रेम
318,ओठमा,lips,प्रेम
319,ओठैमा,othaima,प्रेम
320,ओराली,weakness,नकारात्मक
321,औँठि,aumthi,प्रेम
322,औने,Distress,रिस
323,औने,Distress,घृणा
324,औने,Distress,डर
325,औने,Distress,नकारात्मक
326,औने,Distress,दुःखी 
327,औने,Distress,आश्चर्य
328,कठिन,difficult,डर
329,कठिन,difficult,दुःखी 
330,कती,forgive,सकारात्मक
331,कदम,step,सकारात्मक
332,कदम,step,आशा
333,कदर,treasure,आशा
334,कदर,treasure,हर्ष
335,कदर,treasure,सकारात्मक
336,कदर,treasure,विश्वास
337,कन्याको,virgin,सकारात्मक
338,कन्याको,virgin,विश्वास
339,कपाल,skull,प्रेम
340,कमजोर,weak,दुःखी 
341,कमजोर,weak,प्रेम
342,कमजोरी,weakness,नकारात्मक
343,कमल,lotus,प्रेम
344,कमाण्डर,commander,देशभक्त
345,करौडौँ,millions,देशभक्त
346,कर्णाली,karnali,देशभक्त
347,कर्म,,देशभक्त
348,कर्म,deed,विश्वास
349,कर्ममा,horrible,सकारात्मक
350,कर्ममा,,देशभक्त
351,कर्मलिला,karmalila,नकारात्मक
352,कल,tomorrow,दुःखी 
353,कल,tomorrow,आशा
354,कल,tomorrow,दुःखी 
355,कलकल,the river,प्रेम
356,कलकल,the river,सकारात्मक
357,कलिलो,young,आशा
358,कलिलो,young,हर्ष
359,कलिलो,young,सकारात्मक
360,कलिलो,young,आश्चर्य
361,कलीला,kalila,सकारात्मक
362,कलीला,kalila,हर्ष
363,कलेजिमा,kalejima,प्रेम
364,कल्पना,fantasy,प्रेम
365,कल्पनामा,imagination,प्रेम
366,कल्पनाहरु,fantasies,प्रेम
367,कसम,,प्रेम
368,कसम,swear,सकारात्मक
369,कसम,swear,विश्वास
370,कस्तिमा,renounce,रिस
371,कस्तिमा,renounce,नकारात्मक
372,कहिलेकाहीँ,sometimes,नकारात्मक
373,काखेमा,infant,आशा
374,काखेमा,infant,डर
375,काखेमा,infant,हर्ष
376,काखेमा,infant,सकारात्मक
377,काखेमा,infant,आश्चर्य
378,काखैमा,shore,प्रेम
379,काँगडा,kangra,देशभक्त
380,कागैको,kagaiko,नकारात्मक
381,काट,bite,नकारात्मक
382,काटिन्छ,harvested,सकारात्मक
383,काटी,cut,नकारात्मक
384,काठमाडौं,kathmandu,देशभक्त
385,काँडा,thorns,नकारात्मक
386,कांडा,Kanda,दुःखी 
387,कांडा,Kanda,प्रेम
388,काँडामा,snag,नकारात्मक
389,काँडामा,snag,दुःखी 
390,काँडामाथि,kamdamathi,दुःखी 
391,काँडामाथि,,नकारात्मक
392,कान्छी,younger,सकारात्मक
393,कान्छो,younger,सकारात्मक
394,कामना,desire,प्रेम
395,कामना,desire,सकारात्मक
396,कामना,desire,आशा
397,काल,time,आशा
398,काल,time,दुःखी 
399,कालाे,kalae,दुःखी 
400,काली,kali,नकारात्मक
401,कालैमा,not everything,दुःखी 
402,कालो,black,नकारात्मक
403,कालो,black,दुःखी 
404,किरण,ray,प्रेम
405,किरणहरुले,kiranaharule,प्रेम
406,किल्ला,fortress,डर
407,किल्ला,fortress,सकारात्मक
408,किल्ला,fortress,दुःखी 
409,किल्ला,fortress,विश्वास
410,किल्ला,,देशभक्त
411,कुच्चो,kucco,रिस
412,कुट्ने,beat,डर
413,कुट्ने,beat,नकारात्मक
414,कुर,Curr,दुःखी 
415,कुराकानी,communication,विश्वास
416,कुरेको,waited,आशा
417,कुलोमा,coloma,विश्वास
418,कुंवा,bachelor,डर
419,कुवाको,contaminated,घृणा
420,कुवाको,contaminated,डर
421,कुवाको,contaminated,नकारात्मक
422,कुवाको,contaminated,दुःखी 
423,कुहिरो,fog,नकारात्मक
424,कुहिरो,Fog,दुःखी 
425,कृष्ण,krishna,आशा
426,केटालाई,boy,घृणा
427,केटालाई,boy,नकारात्मक
428,केटीलाई,girl,प्रेम
429,केटोलाई,boy,घृणा
430,केटोलाई,boy,नकारात्मक
431,केबल,cable,आश्चर्य
432,केसमा,cache,प्रेम
433,कोइली,coile,सकारात्मक
434,कोइली,coile,प्रेम
435,कोइली,coile,हर्ष
436,कोपिलाहरु,kopilaharu,प्रेम
437,कोरिएको,scratchy,दुःखी 
438,कोरिएको,,प्रेम
439,कोरीबाटी,grooming,सकारात्मक
440,कोशिस,try,सकारात्मक
441,कोशीस,pinnacle,सकारात्मक
442,कोसी,kosi,देशभक्त
443,क्रुर,violent,रिस
444,क्रुर,violent,घृणा
445,क्रुर,violent,डर
446,क्रुर,violent,नकारात्मक
447,क्रुर,violent,आश्चर्य
448,क्रूसको,cross,रिस
449,क्रूसको,cross,डर
450,क्रूसको,cross,नकारात्मक
451,क्रूसको,cross,दुःखी 
452,क्षनहरु,ksanaharu,हर्ष
453,क्षनहरु,,दुःखी 
454,क्षनहरु,,रिस
455,क्षनहरु,,घृणा
456,क्षनहरु,,प्रेम
457,क्षितिजमा,horizon,आशा
458,क्षितिजमा,horizon,सकारात्मक
459,खटन,khatana,देशभक्त
460,खसे,fell,नकारात्मक
461,खसे,fell,दुःखी 
462,खस्ने,fall,नकारात्मक
463,खस्ने,fall,दुःखी 
464,खाइलाग्दो,a handsome,सकारात्मक
465,खाए,eat,सकारात्मक
466,खाएँ,eat,सकारात्मक
467,खाँचो,need,नकारात्मक
468,खान,khan,डर
469,खान,khan,विश्वास
470,खानको,food,हर्ष
471,खानको,food,सकारात्मक
472,खानको,food,विश्वास
473,खानी,mines,सकारात्मक
474,खानु,eat,सकारात्मक
475,खान्छु,eat,सकारात्मक
476,खान्छौ,eat,सकारात्मक
477,खाली,empty,दुःखी 
478,खुलेन,reopen,नकारात्मक
479,खुल्यो,opened,सकारात्मक
480,खुशि,birmingham,हर्ष
481,खुशि,,प्रेम
482,खुशि,,सकारात्मक
483,खुशी,happiness,आशा
484,हर्ष,happiness,हर्ष
485,खुशी,happiness,सकारात्मक
486,खुशीको,good,आशा
487,हर्षको,good,हर्ष
488,खुशीको,good,सकारात्मक
489,खुशीको,good,आश्चर्य
490,खुशीको,good,विश्वास
491,हर्षलाई,teens,हर्ष
492,खुशीलाई,teens,सकारात्मक
493,खुसि,happy to,हर्ष
494,खुसी,happy,आशा
495,खुसी,happy,हर्ष
496,खुसी,happy,सकारात्मक
497,खुसी,happy,विश्वास
498,खुसीहरु,khusiharu,हर्ष
499,खेतलाई,field,सकारात्मक
500,खेल,sports,सकारात्मक
501,खेल,sports,नकारात्मक
502,खेल,sports,प्रेम
503,खेलमा,games,विश्वास
504,खेलेको,played,हर्ष
505,खेल्ने,playing,हर्ष
506,खैनी,snuff,नकारात्मक
507,खोज्छु,i try to,सकारात्मक
508,खोज्छौ,seek,आशा
509,खोज्दै,searching,विश्वास
510,खोपेर,graven,नकारात्मक
511,खोला,opened,देशभक्त
512,खोली,cover,विश्वास
513,खोस्दिन,khosdina,दुःखी 
514,खोस्दिन,khosdina,डर
515,ख्रीष्ट,christ,देशभक्त
516,गइदिन्छु,gaidinchu,दुःखी 
517,गगन,sky,सकारात्मक
518,गड्यांगगुडुंग,gadyangagudunga,डर
519,गड्यांगगुडुंग,gadyangagudunga,आश्चर्य
520,गड्यांगगुडुंग,gadyangagudunga,प्रेम
521,गड्यांगगुडुंग,gadyangagudunga,दुःखी 
522,गण्डकी,gandaki,देशभक्त
523,गण्डकीको,gandaki,देशभक्त
524,गति,motion,आशा
525,गती,speed,आशा
526,गती,speed,आशा
527,गन्न,count,सकारात्मक
528,गन्न,count,विश्वास
529,गफै,gaphai,नकारात्मक
530,गम्केर,swag,रिस
531,गम्भीर,serious,डर
532,गयो,on,दुःखी 
533,गयौ,,दुःखी 
534,गयौ,you go,आशा
535,गरिब,the poor,दुःखी 
536,गरीब,the poor,दुःखी 
537,गरु,cumbrous,सकारात्मक
538,गरू,Zion,देशभक्त
539,गर्ब,gharb,देशभक्त
540,गर्र्छौ,quietly,सकारात्मक
541,गर्व,glory,आशा
542,गर्व,glory,हर्ष
543,गर्व,glory,सकारात्मक
544,गर्व,glory,विश्वास
545,गलहत्त्याउने,galahattyaune,नकारात्मक
546,गलहत्त्याउने,,रिस
547,गल्ति,accidentally,आश्चर्य
548,गल्ती,wrong,नकारात्मक
549,गहभित्र,gahabhitra,दुःखी 
550,गहराई,depth,सकारात्मक
551,गहराई,depth,विश्वास
552,गहिराइमा,depth,सकारात्मक
553,गहिराइमा,depth,विश्वास
554,गहिरिएको,deeper,दुःखी 
555,गह्रो,"hard,",दुःखी 
556,गाइरने,gairane,हर्ष
557,गाई,cow,देशभक्त
558,गाउँघर,homes,हर्ष
559,गाउँघरको,homes,देशभक्त
560,गाउँछ,sings,सकारात्मक
561,गाउँछ,,हर्ष
562,गाउछु,gauchu,हर्ष
563,गाउँछु,thanks,हर्ष
564,गाउँदै,singing,हर्ष
565,गाउँदै,singing,प्रेम
566,गाउने,singing,सकारात्मक
567,गाजल,eyeliners,प्रेम
568,गाजलु,gajalu,प्रेम
569,गाठो,tie,प्रेम
570,गाढा,dark,दुःखी 
571,गार्‍हो,difficult,डर
572,गार्हो,difficult,डर
573,गाली,abuse,रिस
574,गाली,abuse,घृणा
575,गाली,abuse,डर
576,गाली,abuse,नकारात्मक
577,गाली,abuse,दुःखी 
578,गाँसिएको,linked to,प्रेम
579,गाँस्ने,forming,आशा
580,गाँस्ने,forming,प्रेम
581,गाह्रो,difficult,डर
582,गित,progress,आशा
583,गित,progress,हर्ष
584,गित,progress,सकारात्मक
585,गुञ्जन,hark,सकारात्मक
586,गुन,formula,सकारात्मक
587,गुन,formula,विश्वास
588,गुनगुनाएर,undertone,सकारात्मक
589,गुनगुनाएर,undertone,हर्ष
590,गुन्जिने,gunjine,प्रेम
591,गुम्न,loss,रिस
592,गुम्न,loss,डर
593,गुम्न,loss,नकारात्मक
594,गुम्न,loss,दुःखी 
595,गुरासँ,gurasam,देशभक्त
596,गुराँस,rhododendrons,प्रेम
597,गुँरास,Rhododendron,प्रेम
598,गुँरास,Rhododendron,देशभक्त
599,गुराँसै,guramsai,देशभक्त
600,गुलियो,sweet,आशा
601,गुलियो,sweet,हर्ष
602,गुलियो,sweet,सकारात्मक
603,गुलियो,sweet,आश्चर्य
604,गुलियो,sweet,विश्वास
605,गैदियो,gaidiyo,दुःखी 
606,गोड,god,आशा
607,गोडेर,neat,सकारात्मक
608,गोदावरी,godavari,सकारात्मक
609,गोरी,white,आशा
610,गोरी,white,हर्ष
611,गोरी,white,सकारात्मक
612,गोरी,white,विश्वास
613,गोरो,goro,सकारात्मक
614,गोर्खाल,gorkhala,देशभक्त
615,गोर्खाली,gurkha,देशभक्त
616,गोर्खे,telly,देशभक्त
617,गोलिले,golile,दुःखी 
618,गोलीले,bullets,नकारात्मक
619,घटाउ,minus,नकारात्मक
620,घटी,decreased,नकारात्मक
621,घटे,reduced,नकारात्मक
622,घट्यो,decreased,नकारात्मक
623,घन्काइदिउला,ghankaidiula,हर्ष
624,घर,house,देशभक्त
625,घर,house,देशभक्त
626,घरले,house,प्रेम
627,घरसंसार,my home,प्रेम
628,घरिघरि,rising,आशा
629,घरिघरि,rising,हर्ष
630,घरिघरि,rising,सकारात्मक
631,घरी,weary,नकारात्मक
632,घरी,weary,दुःखी 
633,घाउ,wound,रिस
634,घाउ,wound,डर
635,घाउ,wound,नकारात्मक
636,घाउ,wound,दुःखी 
637,घाउ,wound,रिस
638,घाउ,wound,डर
639,घाउ,wound,नकारात्मक
640,घाउ,wound,दुःखी 
641,घाउलाई,wounds,दुःखी 
642,घाउलाई,wounds,प्रेम
643,घाटको,to appear before,दुःखी 
644,घात,ambush,रिस
645,घात,ambush,डर
646,घात,ambush,नकारात्मक
647,घात,ambush,आश्चर्य
648,घातहरु,keystrokes,दुःखी 
649,घातहरु,,रिस
650,घातहरु,,नकारात्मक
651,घाम,heat,हर्ष
652,घाँमको,ghammako,हर्ष
653,घाँमको,ghammako,सकारात्मक
654,घामपानी,exposure,हर्ष
655,घामपानी,exposure,दुःखी 
656,घामपानीले,ghamapanile,सकारात्मक
657,घुमाउन,rotate,हर्ष
658,घुम्टो,veil,प्रेम
659,घुम्न,turn,सकारात्मक
660,घेरमा,doubting,नकारात्मक
661,चड्न,cadna,आशा
662,चढाइ,climbing,सकारात्मक
663,चढाइ,climbing,आशा
664,चन्चले,playful,रिस
665,चन्चले,playful,हर्ष
666,चन्चले,playful,सकारात्मक
667,चन्चले,playful,आश्चर्य
668,चन्द्रगिरि,candragiri,प्रेम
669,चन्द्रमा,moon,देशभक्त
670,चमेली,jasmine,हर्ष
671,चम्किलो,bright,हर्ष
672,चम्के,glory,हर्ष
673,चम्के,glory,सकारात्मक
674,चम्के,glory,विश्वास
675,चर्कन्छ,inability to,दुःखी 
676,चर्केको,cleft,नकारात्मक
677,चलेर,gUIDE,सकारात्मक
678,चलेर,gUIDE,विश्वास
679,चल्दैन,run,नकारात्मक
680,चाडै,sale,सकारात्मक
681,चाँडै,"soon,",आशा
682,चाँदनी,moonlight,हर्ष
683,चाँदनी,moonlight,प्रेम
684,चाँप,pinch,नकारात्मक
685,चारैतिर,round,सकारात्मक
686,चाल,move,सकारात्मक
687,चाल,move,आशा
688,चालीस,forty,प्रेम
689,चाँहनछु,camhanachu,प्रेम
690,चाहना,want,प्रेम
691,चाहना,want,आशा
692,चाहनालाई,desire,प्रेम
693,चाँहन्छु,rapture,आशा
694,चाँहन्छु,rapture,हर्ष
695,चाँहन्छु,rapture,सकारात्मक
696,चाहिँदैन,not need,सकारात्मक
697,चाह्यौ,plead,दुःखी 
698,चिट्ठी,,प्रेम
699,चिट्ठी,letter,आशा
700,चिठ्ठी,letter,आशा
701,चित्त,mind,प्रेम
702,चित्त,mind,दुःखी 
703,चित्र,picture,सकारात्मक
704,चिनीमा,sugar,सकारात्मक
705,चिन्न,know,सकारात्मक
706,चिरायु,ageless,हर्ष
707,चिर्बिरे,cirbire,दुःखी 
708,चिर्बिरे,,प्रेम
709,चिसो,cold,नकारात्मक
710,चीन,china,देशभक्त
711,चीयाबारी,ciyabari,प्रेम
712,चुम्यो,kissing,प्रेम
713,चुम्यो,kissing,सकारात्मक
714,चुर,STEAM,दुःखी 
715,चुरा,stealing,सकारात्मक
716,चुराको,steal,रिस
717,चुराको,steal,डर
718,चुराको,steal,नकारात्मक
719,चुराको,steal,दुःखी 
720,चुरोट,cigarette,नकारात्मक
721,चुल्बुले,culbule,हर्ष
722,चोखो,clean,हर्ष
723,चोखो,clean,सकारात्मक
724,चोखो,clean,विश्वास
725,चोट,injury,रिस
726,चोट,injury,डर
727,चोट,injury,नकारात्मक
728,चोट,injury,दुःखी 
729,चोटहरु,injuries,दुःखी 
730,चोटहरु,injuries,प्रेम
731,चोटि,time,आशा
732,चोटी,top,आशा
733,चोटी,top,सकारात्मक
734,चोटी,top,विश्वास
735,चोर,thief,रिस
736,चोर,thief,घृणा
737,चोर,thief,डर
738,चोर,thief,नकारात्मक
739,चोर,thief,दुःखी 
740,चोर,thief,आश्चर्य
741,चोली,brassiere,देशभक्त
742,चौतारी,chautari,सकारात्मक
743,चौबन्दी,caubandi,देशभक्त
744,छदा,distraught,नकारात्मक
745,छदा,distraught,दुःखी 
746,छमछम,chamachama,हर्ष
747,छर,sow,हर्ष
748,छली,insidious,रिस
749,छली,insidious,घृणा
750,छली,insidious,डर
751,छली,insidious,नकारात्मक
752,छलेको,deceit,रिस
753,छलेको,deceit,घृणा
754,छलेको,deceit,डर
755,छलेको,deceit,नकारात्मक
756,छलेको,deceit,दुःखी 
757,छलेको,deceit,आश्चर्य
758,छाइदियौ,chaidiyau,दुःखी 
759,छाडि,the pursuers,डर
760,छाडी,leave,नकारात्मक
761,छाडी,leave,दुःखी 
762,छाडी,leave,आश्चर्य
763,छाडीदेउ,chadideu,नकारात्मक
764,छाडीदेउ,,दुःखी 
765,छाड्दिन,give up,दुःखी 
766,छाड्दिन,give up,नकारात्मक
767,छाड्दिन,give up,प्रेम
768,छातीभरि,rightful,सकारात्मक
769,छातीभित्र,bowels,दुःखी 
770,छातीभित्र,,प्रेम
771,छातीमाथी,chatimathi,प्रेम
772,छाना,haunt,डर
773,छाना,haunt,नकारात्मक
774,छाया,shadow,दुःखी 
775,छाया,shadow,प्रेम
776,छायाँ,shadow,प्रेम
777,छायाँ,shadow,दुःखी 
778,छाँयाहरु,chamyaharu,दुःखी 
779,छिचोल्दै,obstacles,नकारात्मक
780,छिटै,soon,सकारात्मक
781,छिमेकी,neighbors,सकारात्मक
782,छिया,dirt,घृणा
783,छिया,dirt,नकारात्मक
784,छुक,desirous,सकारात्मक
785,छुट्टिने,separate,दुःखी 
786,छुट्टै,separate,दुःखी 
787,छुट्ने,leave,नकारात्मक
788,छुट्ने,leave,दुःखी 
789,छुट्ने,leave,आश्चर्य
790,छुट्याे,chutyae,नकारात्मक
791,छुन,touch,सकारात्मक
792,छुने,touching,आशा
793,छेउको,side,देशभक्त
794,छोड,leave,नकारात्मक
795,छोड,leave,दुःखी 
796,छोड,leave,आश्चर्य
797,छोडी,go,दुःखी 
798,छोड्ने,leave,नकारात्मक
799,छोड्ने,leave,दुःखी 
800,छोड्ने,leave,आश्चर्य
801,छोपेको,covered,नकारात्मक
802,छोरा,son,प्रेम
803,छोराले,the son,प्रेम
804,छोरी,daughter,हर्ष
805,छोरी,daughter,सकारात्मक
806,छोरीलाई,daughter,हर्ष
807,छोरीलाई,daughter,सकारात्मक
808,जगतमा,the universe,देशभक्त
809,जगमा,foundation,सकारात्मक
810,जङ्गी,igp,देशभक्त
811,जतन,Save,हर्ष
812,जतन,Save,सकारात्मक
813,जतन,Save,विश्वास
814,जताततै,everywhere,सकारात्मक
815,जन्ति,shouting,प्रेम
816,जन्ती,wedding,हर्ष
817,जन्ती,wedding,प्रेम
818,जन्म,birth,आशा
819,जन्म,birth,डर
820,जन्म,birth,हर्ष
821,जन्म,birth,सकारात्मक
822,जन्म,birth,विश्वास
823,जन्मका,birth,आशा
824,जन्मका,birth,डर
825,जन्मका,birth,हर्ष
826,जन्मका,birth,सकारात्मक
827,जन्मका,birth,विश्वास
828,जन्मघर,porters,प्रेम
829,जन्मघर,,हर्ष
830,जन्मदै,benoni,हर्ष
831,जन्मभुमिले,janmabhumile,देशभक्त
832,जन्मिएको,birth,आशा
833,जन्मिएको,birth,डर
834,जन्मिएको,birth,हर्ष
835,जन्मिएको,birth,सकारात्मक
836,जन्मिएको,,प्रेम
837,जन्मिएको,birth,विश्वास
838,जन्मेर,infant,आशा
839,जन्मेर,infant,डर
840,जन्मेर,infant,हर्ष
841,जन्मेर,infant,सकारात्मक
842,जन्मेर,infant,आश्चर्य
843,जय,victory,आशा
844,जय,victory,हर्ष
845,जय,victory,सकारात्मक
846,जय,victory,विश्वास
847,जय,,देशभक्त
848,जराहरु,jaraharu,विश्वास
849,जलाई,fire,डर
850,जलिरहेछ,jalirahecha,दुःखी 
851,जलेर,fire,दुःखी 
852,जल्छ,hell,रिस
853,जल्छ,hell,घृणा
854,जल्छ,hell,डर
855,जल्छ,hell,नकारात्मक
856,जल्छ,hell,दुःखी 
857,जल्छे,jalche,दुःखी 
858,जवानी,youth,रिस
859,जवानी,youth,आशा
860,जवानी,youth,डर
861,जवानी,youth,हर्ष
862,जवानी,youth,सकारात्मक
863,जवानी,youth,आश्चर्य
864,जाऊ,go,दुःखी 
865,जाऊँ,go,नकारात्मक
866,जागिरे,employed,सकारात्मक
867,जाँड,brewery,दुःखी 
868,जाँड,brewery,प्रेम
869,जाँडरक्सी,alcohol,दुःखी 
870,जाँडरक्सी,alcohol,प्रेम
871,जाँडले,jamdale,प्रेम
872,जाँडले,jamdale,रिस
873,जाँडले,jamdale,दुःखी 
874,जाति,race,देशभक्त
875,जातिलाई,nations,देशभक्त
876,जाँदा,when,नकारात्मक
877,जाँदा,,दुःखी 
878,जादू,magic,सकारात्मक
879,जानु,go,दुःखी 
880,जानू,janu,दुःखी 
881,जान्छ,goes,दुःखी 
882,जान्न,know,सकारात्मक
883,जालमा,trap,प्रेम
884,जाली,fake,नकारात्मक
885,जिउँदै,alive,आशा
886,जिउँदै,alive,हर्ष
887,जिउँदै,alive,सकारात्मक
888,जिउँदै,alive,विश्वास
889,जिउंदो,aboriginal,देशभक्त
890,जिउनेछु,will live,आशा
891,जिउनेछु,,हर्ष
892,जिउनेछु,,सकारात्मक
893,जिएँ,live it,सकारात्मक
894,जितेकै,jitekai,देशभक्त
895,जित्दैछन,jitdaichana,सकारात्मक
896,जित्नु,winning,आशा
897,जित्नु,winning,घृणा
898,जित्नु,winning,हर्ष
899,जित्नु,winning,सकारात्मक
900,जित्नु,winning,दुःखी 
901,जित्नु,winning,आश्चर्य
902,जित्नु,winning,विश्वास
903,जित्ने,to win,सकारात्मक
904,जित्ने,,हर्ष
905,जित्नै,to overcome,सकारात्मक
906,जित्नै,to overcome,हर्ष
907,जित्नै,to overcome,आशा
908,जिन्दगानी,jindagani,हर्ष
909,जिन्दगानी,,दुःखी 
910,जिन्दगीले,the life,सकारात्मक
911,जिबन,jibon,सकारात्मक
912,जिबन,jibon,प्रेम
913,जिरिरि,jiriri,हर्ष
914,जिवनको,lives,हर्ष
915,जिवनसाथी,jivanasathi,प्रेम
916,जिस्काउन,teasing,रिस
917,जिस्काउन,teasing,डर
918,जिस्काउन,teasing,नकारात्मक
919,जीवनको﻿,life,सकारात्मक
920,जीवनभर,lifetime,प्रेम
921,जीवनभरको,lifetime,देशभक्त
922,जीवनभरको,,प्रेम
923,जीवनले,life,हर्ष
924,जीवनले,,प्रेम
925,जीवनले,,दुःखी 
926,जीवभरी,jivabhari,प्रेम
927,जीवभरी,jivabhari,आशा
928,जुठो,wash,प्रेम
929,जुडछ,judacha,हर्ष
930,जुडछ,,सकारात्मक
931,जुन,the,हर्ष
932,जुनका,junaka,प्रेम
933,जुनका,junaka,हर्ष
934,जुनकिरी,junakiri,हर्ष
935,जुनलाई,something,सकारात्मक
936,जुनलाई,,हर्ष
937,जुनि,.Love,प्रेम
938,जुनी,junie,प्रेम
939,जुनीजुनी,junijuni,सकारात्मक
940,जुनीभरको,junibharako,विश्वास
941,जुनीभरको,,सकारात्मक
942,जुनेली,vasishta,प्रेम
943,जून,june,हर्ष
944,जूनको,in June,प्रेम
945,जूनि,jr.,प्रेम
946,जूनि,jr.,हर्ष
947,जोगाएर,preserved,प्रेम
948,जोड,emphasis,सकारात्मक
949,जोडिन्छ,is charged,सकारात्मक
950,जोडी,added,प्रेम
951,जोडीले,couple,प्रेम
952,जोबन,jobana,प्रेम
953,जोबन,,हर्ष
954,जोवन,jovan,प्रेम
955,जोवनले,jovanale,प्रेम
956,ज्ञानको,wisdom,सकारात्मक
957,ज्ञानको,wisdom,विश्वास
958,ज्ञानभूमि,jnanabhumi,देशभक्त
959,ज्यानको,soul,प्रेम
960,ज्योतिको,light,सकारात्मक
961,ज्योतिको,,प्रेम
962,झझल्को,clause,दुःखी 
963,झझल्को,,हर्ष
964,झन्झनाइ,jhanjhanai,दुःखी 
965,झमेला,mess,घृणा
966,झमेला,mess,नकारात्मक
967,झरनाको,brook,हर्ष
968,झरी,rain,दुःखी 
969,झरे,down,दुःखी 
970,झरेको,fallen,दुःखी 
971,झर्छ,fall,नकारात्मक
972,झर्छ,fall,दुःखी 
973,झर्दो,jhardo,दुःखी 
974,झर्यो,dropped,दुःखी 
975,झलझल,jhalajhala,दुःखी 
976,झलझली,vividly,दुःखी 
977,झलझली,,प्रेम
978,झलल,jhalala,दुःखी 
979,झललल,jhalalala,हर्ष
980,झल्किरहने,jhalkirahane,सकारात्मक
981,झल्झली,the oddest,हर्ष
982,झसंगै,jolted,आश्चर्य
983,झस्काउँला,jhaskaumla,दुःखी 
984,झारिदिन्छु,to fall,प्रेम
985,झारिदिन्छु,to fall,दुःखी 
986,झारी,bread,दुःखी 
987,झिलिमिलि,jhilimili,हर्ष
988,झुकेथ्यौँ,jhukethyaum,दुःखी 
989,झुकेथ्यौँ,,डर
990,झुकेन,meek,देशभक्त
991,झुकेन,,दुःखी 
992,झुक्दा,ou,देशभक्त
993,झुटो,FALSE,दुःखी 
994,झुठो,false,नकारात्मक
995,झुमु,jhumu,हर्ष
996,झुम्यो,capacity crowd,हर्ष
997,झुलाएर,jhulaera,रिस
998,झ्याप,jhyapa,प्रेम
999,झ्याप,jhyapa,रिस
1000,झ्याप,jhyapa,दुःखी 
1001,टाकन,tacana,हर्ष
1002,टाढा,from,प्रेम
1003,टाढा,from,दुःखी 
1004,टाढिनै,tadhinai,दुःखी 
1005,टाढियौ,tadhiyau,दुःखी 
1006,टाढै,avoid,डर
1007,टाढै,avoid,नकारात्मक
1008,टिका,hinges,सकारात्मक
1009,टिस्टा,tista,देशभक्त
1010,टीका,vaccine,सकारात्मक
1011,टीका,,देशभक्त
1012,टुकुन,tukun,हर्ष
1013,टुक्रा,pieces,दुःखी 
1014,टुटेफुटेका,mouldering,दुःखी 
1015,टूटी,broken,रिस
1016,टूटी,broken,डर
1017,टूटी,broken,नकारात्मक
1018,टूटी,broken,दुःखी 
1019,टोपि,hood,रिस
1020,टोपि,hood,घृणा
1021,टोपि,hood,डर
1022,टोपि,hood,नकारात्मक
1023,टोपी,hat,देशभक्त
1024,टोलाउंछु,tolaunchu,प्रेम
1025,ट्यालेन्ट,talent,सकारात्मक
1026,ठन्डि,thandi,नकारात्मक
1027,ठमेल,thamel,प्रेम
1028,ठहर,stop,नकारात्मक
1029,ठाउ,accommodation,सकारात्मक
1030,ठुलो,great,सकारात्मक
1031,डढेको,bURNT,घृणा
1032,डढेको,bURNT,दुःखी 
1033,डढेको,bURNT,नकारात्मक
1034,डढेलो,fires,दुःखी 
1035,डर,fear,रिस
1036,डर,fear,डर
1037,डर,fear,नकारात्मक
1038,डरहरु,fears,डर
1039,डाँडईमा,damdaima,प्रेम
1040,डाँडा,mountain,देशभक्त
1041,डाँडाकाँडा,mountains,देशभक्त
1042,डाँडाको,Sermon,सकारात्मक
1043,डाँडाको,Sermon,विश्वास
1044,डाँडामा,mountain,आशा
1045,डुंगामा,ferry,प्रेम
1046,डुबि,tarried,प्रेम
1047,डुबि,tarried,दुःखी 
1048,डुबिरहेछु,dubirahechu,दुःखी 
1049,डुबिसक्यो,dubisakyo,दुःखी 
1050,डुब्दै,fleeting,प्रेम
1051,डुब्दै,fleeting,हर्ष
1052,डुब्दै,fleeting,दुःखी 
1053,डुब्न,sink,दुःखी 
1054,डुब्न,,नकारात्मक
1055,डुब्यो,balaklava,दुःखी 
1056,डुल्ने,hike,सकारात्मक
1057,डूब्यो,loosing,दुःखी 
1058,डेटिंग,dating,प्रेम
1059,डोर्याए,guided,सकारात्मक
1060,डोर्याए,,विश्वास
1061,ड्याड,dad,सकारात्मक
1062,ड्याड,,प्रेम
1063,ड्रिम,dream,प्रेम
1064,ड्रिम,,हर्ष
1065,ड्रिम,,दुःखी 
1066,ढलपल,waver,डर
1067,ढलपल,waver,नकारात्मक
1068,ढलि,dhali,दुःखी 
1069,ढाका,dhaka,देशभक्त
1070,ढाकिने,covered,सकारात्मक
1071,ढाक्ने,cover,विश्वास
1072,ढुकढकी,dhukadhaki,प्रेम
1073,ढुकढुकिने,dhukadhukine,प्रेम
1074,ढुकढुकिने,,दुःखी 
1075,ढुकढुकी,heartbeat,प्रेम
1076,ढुंगा,stone,रिस
1077,ढुंगा,stone,नकारात्मक
1078,ढुंगे,Dark,दुःखी 
1079,तड्पिन्छ,tadpincha,दुःखी 
1080,तनमा,tanama,प्रेम
1081,तयार,ready,आशा
1082,तराई,lowland,देशभक्त
1083,तराईमा,Terai,देशभक्त
1084,तराईमा,Terai,देशभक्त
1085,तरिदिउंला,taridiunla,प्रेम
1086,तर्केको,fail to,दुःखी 
1087,तर्छौ,overflow,नकारात्मक
1088,तल,bottom,नकारात्मक
1089,तल,bottom,दुःखी 
1090,तलाउको,drown,डर
1091,तलाउको,drown,नकारात्मक
1092,तलाउको,drown,दुःखी 
1093,तस्बिर,image,प्रेम
1094,तस्बिरै,tasbirai,प्रेम
1095,तस्बिरै,,दुःखी 
1096,तह,fold,सकारात्मक
1097,तातो,hot,रिस
1098,तारा,star,आशा
1099,तारा,star,हर्ष
1100,तारा,star,सकारात्मक
1101,तारा,star,विश्वास
1102,ताल,beat,सकारात्मक
1103,तालमा,lake,सकारात्मक
1104,तालै,talai,प्रेम
1105,तिता,hostility,रिस
1106,तिता,hostility,घृणा
1107,तिता,,दुःखी 
1108,तिता,hostility,नकारात्मक
1109,तितो,bitter,नकारात्मक
1110,तिब्बत,tibet,देशभक्त
1111,तिमीबाहेक,wake,प्रेम
1112,तिमीबिना,without you,दुःखी 
1113,तिमीविना,timivina,दुःखी 
1114,तिम्रै,yours,प्रेम
1115,तिर्खा,thirst,आशा
1116,तिर्खा,thirst,दुःखी 
1117,तिर्खा,thirst,आश्चर्य
1118,तिर्खाएको,thirsty,नकारात्मक
1119,तिर्खाको,thirsty,नकारात्मक
1120,तिर्खामा,thirst,आशा
1121,तिर्खामा,thirst,दुःखी 
1122,तिर्खामा,thirst,आश्चर्य
1123,तिलहरी,sexist,सकारात्मक
1124,तीजमा,dhwoju,सकारात्मक
1125,तीता,hot,रिस
1126,तृष्णा,thirst,आशा
1127,तृष्णा,thirst,दुःखी 
1128,तृष्णा,thirst,आश्चर्य
1129,तै,tae,प्रेम
1130,तै,tae,रिस
1131,तोड,break,आश्चर्य
1132,तोडिन्छ,erodes,दुःखी 
1133,तोडिन्छ,,विश्वास
1134,तोडिन्छ,,नकारात्मक
1135,तोड़ी,breaks,दुःखी 
1136,तोडेर,breaking,दुःखी 
1137,तोड्नेलाई,breakers,दुःखी 
1138,तोड्यौ,walked in,दुःखी 
1139,तोड्यौ,walked in,डर
1140,त्यागेर,abandoning,दुःखी 
1141,थपनि,thapani,देशभक्त
1142,थर्काई,shake,डर
1143,थर्काई,shake,नकारात्मक
1144,थाकी,thaki,नकारात्मक
1145,थाकेको,tired,नकारात्मक
1146,थाक्छु,thakchu,नकारात्मक
1147,थामी,thami,आशा
1148,थालीमा,begging,नकारात्मक
1149,थुँगा,leaps,देशभक्त
1150,थोपा,drops,प्रेम
1151,दक्षिण,south,देशभक्त
1152,दंगै,dangai,हर्ष
1153,दनदनी,Aflame,सकारात्मक
1154,दशा,state,दुःखी 
1155,दहि,butter,सकारात्मक
1156,दहि,butter,आशा
1157,दहि,butter,हर्ष
1158,दाईको,dai,विश्वास
1159,दाजु,brother,सकारात्मक
1160,दाजु,brother,विश्वास
1161,दाजैले,dajaile,प्रेम
1162,दान,donation,सकारात्मक
1163,दिईन,sorely,नकारात्मक
1164,दिईन,sorely,दुःखी 
1165,दिईसकेछु,diisakechu,प्रेम
1166,दिउला,diula,सकारात्मक
1167,दिंछ,dincha,हर्ष
1168,दिदीले,dora,विश्वास
1169,दिदै,giving,सकारात्मक
1170,दिनले,day,सकारात्मक
1171,दिनले,,हर्ष
1172,दिनले,the sun,सकारात्मक
1173,दिनले,,हर्ष
1174,दिन्छ,allows,सकारात्मक
1175,दिन्छन,oppression,रिस
1176,दिन्छन,oppression,घृणा
1177,दिन्छन,oppression,डर
1178,दिन्छन,oppression,नकारात्मक
1179,दिन्छन,oppression,दुःखी 
1180,दिन्ने,dinne,सकारात्मक
1181,दिन्नौ,outlets,नकारात्मक
1182,दिप,deep,सकारात्मक
1183,दियोमा,lamps,सकारात्मक
1184,दिर्घायुको,bounty,आशा
1185,दिर्घायुको,bounty,हर्ष
1186,दिर्घायुको,bounty,सकारात्मक
1187,दिर्घायुको,bounty,विश्वास
1188,दिल,heart,प्रेम
1189,दिल,,हर्ष
1190,दिलको,,आशा
1191,दिलको,,प्रेम
1192,दिलको,cute,सकारात्मक
1193,दिलमा,heart,प्रेम
1194,दिलमा,,विश्वास
1195,दिलमा,,हर्ष
1196,दिलमा,,दुःखी 
1197,दिलैको,grins,प्रेम
1198,दिल्,dil,प्रेम
1199,दिल्,dil,हर्ष
1200,दिल्,dil,दुःखी 
1201,दीन,poor,दुःखी 
1202,दुख,misery,रिस
1203,दुख,misery,घृणा
1204,दुख,misery,डर
1205,दुख,misery,नकारात्मक
1206,दुख,misery,दुःखी 
1207,दुःख,suffer,नकारात्मक
1208,दुखेको,pain,डर
1209,दुखेको,pain,नकारात्मक
1210,दुखेको,pain,दुःखी 
1211,दुःखैमा,exceedingly,नकारात्मक
1212,दुख्ख,hardship,नकारात्मक
1213,दुख्ख,hardship,दुःखी 
1214,दुख्यो,sigh,दुःखी 
1215,दुनियाँ,world,देशभक्त
1216,दुनियाँ,,हर्ष
1217,दुनियाँ,,दुःखी 
1218,दुनियामा,the world of,देशभक्त
1219,दुनियाले,duniyale,प्रेम
1220,दुर,distance,दुःखी 
1221,दुर,distance,नकारात्मक
1222,दुरी,distance,दुःखी 
1223,दुर्दशा,plight,आशा
1224,दुर्दशा,plight,घृणा
1225,दुर्दशा,plight,डर
1226,दुर्दशा,plight,नकारात्मक
1227,दुर्दशा,plight,दुःखी 
1228,दुलही,,प्रेम
1229,दुलही,bride,आशा
1230,दुलही,bride,हर्ष
1231,दुलही,bride,सकारात्मक
1232,दुलही,bride,विश्वास
1233,दुष्ट,evil,रिस
1234,दुष्ट,evil,घृणा
1235,दुष्ट,evil,डर
1236,दुष्ट,evil,नकारात्मक
1237,दुष्ट,evil,दुःखी 
1238,दूर,away,दुःखी 
1239,दूर,,प्रेम
1240,देउ,let,प्रेम
1241,देउता,god,आशा
1242,देउता,god,डर
1243,देउता,god,हर्ष
1244,देउता,god,सकारात्मक
1245,देउता,god,विश्वास
1246,देउराली,The monuments,देशभक्त
1247,देउसी,deusi,देशभक्त
1248,देखाउन,show,विश्वास
1249,देखाऊ,show,विश्वास
1250,देखेर,seeing,हर्ष
1251,देखेर,,दुःखी 
1252,देवता,god,आशा
1253,देवता,god,डर
1254,देवता,god,हर्ष
1255,देवता,god,सकारात्मक
1256,देवता,god,विश्वास
1257,देवर,brother,सकारात्मक
1258,देवर,brother,विश्वास
1259,देवी,goddess,आशा
1260,देवी,goddess,डर
1261,देवी,goddess,हर्ष
1262,देवी,goddess,सकारात्मक
1263,देवी,goddess,विश्वास
1264,देश,country,देशभक्त
1265,देश,country,देशभक्त
1266,दैबको,daibako,सकारात्मक
1267,दैलो,the doors,सकारात्मक
1268,दोधारे,unstable,डर
1269,दोधारे,unstable,नकारात्मक
1270,दोधारे,unstable,आश्चर्य
1271,दौडिदै,running,हर्ष
1272,दौडिदै,running,सकारात्मक
1273,दौडिदै,running,आशा
1274,धड्कन,rate,प्रेम
1275,धड्कन,rate,प्रेम
1276,धन्दा,worry,आशा
1277,धन्दा,worry,डर
1278,धन्दा,worry,नकारात्मक
1279,धन्दा,worry,दुःखी 
1280,धर्ति,dharti,देशभक्त
1281,धर्तिमा,dhartima,देशभक्त
1282,धर्ती,earth,देशभक्त
1283,धर्तीले,earth,प्रेम
1284,धर्म,religion,विश्वास
1285,धर्म,religion,देशभक्त
1286,धाई,nurse,सकारात्मक
1287,धाई,nurse,विश्वास
1288,धुकधुकी,palpitations,प्रेम
1289,धुनमा,duck,प्रेम
1290,धुनमा,duck,हर्ष
1291,धुनमा,duck,सकारात्मक
1292,धुलो,dust,नकारात्मक
1293,धुलोमा,dust,नकारात्मक
1294,धोका,deceive,रिस
1295,धोका,deceive,घृणा
1296,धोका,deceive,नकारात्मक
1297,धोका,deceive,दुःखी 
1298,ध्वोजा,dhvoja,देशभक्त
1299,नक्कली,duplicate,दुःखी 
1300,नक्कली,duplicate,नकारात्मक
1301,नक्कले,nakkale,नकारात्मक
1302,नखाएकै,nakhaekai,दुःखी 
1303,नखोज,glory,आशा
1304,नखोज,glory,हर्ष
1305,नखोज,glory,सकारात्मक
1306,नखोज,glory,विश्वास
1307,नचिन्ने,do not know,नकारात्मक
1308,नजर,look,प्रेम
1309,नजाउ,vishnu,प्रेम
1310,नजाउ,vishnu,दुःखी 
1311,नजिक,close,प्रेम
1312,नटुटने,natutane,प्रेम
1313,नदिने,allowing,सकारात्मक
1314,नदीलाई,river,देशभक्त
1315,नपाउने,Concealed,आशा
1316,नपाउने,Concealed,डर
1317,नपाउने,Concealed,नकारात्मक
1318,नपाउने,Concealed,आश्चर्य
1319,नपाए,thyself,नकारात्मक
1320,नपाएको,without,नकारात्मक
1321,नफालेको,dumped,नकारात्मक
1322,नबुझेपछि,mum,डर
1323,नबुझेपछि,mum,नकारात्मक
1324,नभेटिने,rarely,दुःखी 
1325,नमरेको,the barbarians,नकारात्मक
1326,नमर्ने,dies,नकारात्मक
1327,नमार,do not kill,सकारात्मक
1328,नमिठाे,namithae,नकारात्मक
1329,नमुस्कुराउँदै,namuskuraumdai,दुःखी 
1330,नमेटिने,imprinted,सकारात्मक
1331,नरम,soft,हर्ष
1332,नराम्रो,bad,रिस
1333,नराम्रो,bad,घृणा
1334,नराम्रो,bad,डर
1335,नराम्रो,bad,नकारात्मक
1336,नराम्रो,bad,दुःखी 
1337,नरुनु,weep,नकारात्मक
1338,नरुनु,weep,दुःखी 
1339,नरोउ,smile because,सकारात्मक
1340,नरोए,naroe,दुःखी 
1341,नलाएकै,nalaekai,दुःखी 
1342,नलुकाई,honestly,सकारात्मक
1343,नशाले,intoxicated,घृणा
1344,नशाले,intoxicated,नकारात्मक
1345,नसालु,athar,नकारात्मक
1346,नसालु,,दुःखी 
1347,नसालु,,प्रेम
1348,नसोध,pentagon,दुःखी 
1349,नहान,bath,सकारात्मक
1350,नहुने,not,दुःखी 
1351,नहुन्,therein,दुःखी 
1352,नागैको,nagaiko,डर
1353,नाचुँ,nacum,हर्ष
1354,नाचुँम्ला,nacummla,हर्ष
1355,नाचुँम्ला,,प्रेम
1356,नाचौ,nacau,हर्ष
1357,नाचौँ,nacaum,हर्ष
1358,नाँचौला,namcaula,सकारात्मक
1359,नाँचौला,,हर्ष
1360,नाच्छ,naccha,हर्ष
1361,नानी,grandmother,सकारात्मक
1362,नाला,stream,देशभक्त
1363,नासो,naso,प्रेम
1364,निकाली,removed,नकारात्मक
1365,निद,cash,रिस
1366,निद,cash,आशा
1367,निद,cash,डर
1368,निद,cash,हर्ष
1369,निद,cash,सकारात्मक
1370,निद,cash,विश्वास
1371,निभाउन,quenched,नकारात्मक
1372,निभ्छ,goes out,दुःखी 
1373,निभ्दैन,quenched,सकारात्मक
1374,नियतीको,bound,नकारात्मक
1375,नियालेर,look,प्रेम
1376,निराशाको,despair,रिस
1377,निराशाको,despair,घृणा
1378,निराशाको,despair,डर
1379,निराशाको,despair,नकारात्मक
1380,निराशाको,despair,दुःखी 
1381,निरास,frustrated,रिस
1382,निरास,frustrated,नकारात्मक
1383,निरास,,दुःखी 
1384,निर्दयी,cruel,रिस
1385,निर्दयी,cruel,घृणा
1386,निर्दयी,cruel,डर
1387,निर्दयी,cruel,नकारात्मक
1388,निर्दयी,cruel,दुःखी 
1389,निर्लज्ज,shameless,घृणा
1390,निर्लज्ज,shameless,नकारात्मक
1391,निला,Blue,दुःखी 
1392,निलो,blue,दुःखी 
1393,निशान,mark,देशभक्त
1394,निस्ठुरी,nisthuri,प्रेम
1395,नुन,salt,दुःखी 
1396,नुहाको,nuhako,सकारात्मक
1397,नेपाल,nepal,देशभक्त
1398,नेपालमा,nepal,देशभक्त
1399,नेपाली,nepali,देशभक्त
1400,न्यानो,warm,प्रेम
1401,पक्कै,of course,आशा
1402,पक्डिदेउ,pakdideu,प्रेम
1403,पंख,feather,विश्वास
1404,पछ्यौरी,outer,सकारात्मक
1405,पटुकी,patuki,हर्ष
1406,पटुकी,patuki,प्रेम
1407,पट्याउन,patyauna,प्रेम
1408,पढाई,reading,सकारात्मक
1409,पढ्नी,padhni,सकारात्मक
1410,पत्थरमा,stone,रिस
1411,पत्थरमा,stone,नकारात्मक
1412,पथप्रदर्शक,guide,सकारात्मक
1413,पथप्रदर्शक,guide,विश्वास
1414,पन्छिदिनु,panchidinu,नकारात्मक
1415,पर,on,नकारात्मक
1416,परदेशबाट,doorkeeper,देशभक्त
1417,पराइ,foreigners,दुःखी 
1418,पराई,strangers,दुःखी 
1419,पराउछु,robbery,प्रेम
1420,परी,fairy,सकारात्मक
1421,परेन,found,हर्ष
1422,परेन,found,सकारात्मक
1423,परेन,found,विश्वास
1424,परेली,rolled,प्रेम
1425,परेलीमा,magazines and,प्रेम
1426,पर्ख,wait,आशा
1427,पर्ख,wait,नकारात्मक
1428,पर्खिरहे,waited,प्रेम
1429,पर्छ,must,आशा
1430,पर्दैन,no,नकारात्मक
1431,पर्नु,fall,नकारात्मक
1432,पर्नु,fall,दुःखी 
1433,पर्राई,parrai,दुःखी 
1434,पर्राईको,parraiko,दुःखी 
1435,पलपल,,प्रेम
1436,पलपल,constantly,विश्वास
1437,पलमा,palma,प्रेम
1438,पल्,pal,हर्ष
1439,पल्,,दुःखी 
1440,पवित्र,holy,सकारात्मक
1441,पश्चिम,west,देशभक्त
1442,पसिना,sweat,देशभक्त
1443,पसिना,sweat,डर
1444,पसिनाका,sweat,डर
1445,पहाड,mountain,आशा
1446,पहाड,,देशभक्त
1447,पहाडमा,mountain,देशभक्त
1448,पहाडी,mountain,आशा
1449,पहाडी,,देशभक्त
1450,पहाडै,bts,देशभक्त
1451,पहिराई,oven,प्रेम
1452,पहिरो,landslides,दुःखी 
1453,पहिरो,landslides,नकारात्मक
1454,पहिरो,landslides,डर
1455,पहिले,first,सकारात्मक
1456,पाइला,step,सकारात्मक
1457,पाईन,pine,नकारात्मक
1458,पाईन,pine,दुःखी 
1459,पाउछु,fortitude,हर्ष
1460,पाउछु,fortitude,सकारात्मक
1461,पाउछु,fortitude,विश्वास
1462,पाउन,find,आशा
1463,पाउने,will,सकारात्मक
1464,पाए,found,हर्ष
1465,पाए,found,सकारात्मक
1466,पाए,found,विश्वास
1467,पाएको,received,सकारात्मक
1468,पाएथे,paethe,सकारात्मक
1469,पाक्यो,ripe,सकारात्मक
1470,पाखे,weird,घृणा
1471,पाखे,weird,नकारात्मक
1472,पागल,crazy,रिस
1473,पागल,crazy,डर
1474,पागल,crazy,नकारात्मक
1475,पागल,crazy,दुःखी 
1476,पागल,crazy,रिस
1477,पागल,crazy,डर
1478,पागल,crazy,नकारात्मक
1479,पागल,crazy,प्रेम
1480,पाना,get,प्रेम
1481,पाप,sin,रिस
1482,पाप,sin,घृणा
1483,पाप,sin,डर
1484,पाप,sin,नकारात्मक
1485,पाप,sin,दुःखी 
1486,पापको,sin,रिस
1487,पापको,sin,घृणा
1488,पापको,sin,डर
1489,पापको,sin,नकारात्मक
1490,पापको,sin,दुःखी 
1491,पापले,sin,रिस
1492,पापले,sin,घृणा
1493,पापले,sin,डर
1494,पापले,sin,नकारात्मक
1495,पापले,sin,दुःखी 
1496,पापी,sinful,रिस
1497,पापी,sinful,घृणा
1498,पापी,sinful,डर
1499,पापी,sinful,नकारात्मक
1500,पापी,sinful,दुःखी 
1501,पायो,found,हर्ष
1502,पायो,found,सकारात्मक
1503,पायो,found,विश्वास
1504,पाहाड,mountain,आशा
1505,पाहाड,mountain,देशभक्त
1506,पिडा,pain,डर
1507,पिडा,pain,नकारात्मक
1508,पिडा,pain,दुःखी 
1509,पिपल,people,प्रेम
1510,पियार,piyara,प्रेम
1511,पियारी,honey,सकारात्मक
1512,पिर,tapping,दुःखी 
1513,पिरती,cleanliness,सकारात्मक
1514,पिरतीका,romance,आशा
1515,पिरतीका,romance,डर
1516,पिरतीका,romance,हर्ष
1517,पिरतीका,romance,सकारात्मक
1518,पिरतीका,romance,दुःखी 
1519,पिरतीका,romance,विश्वास
1520,पिरतीका,,प्रेम
1521,पिरतीको,romance,आशा
1522,पिरतीको,romance,डर
1523,पिरतीको,romance,हर्ष
1524,पिरतीको,romance,सकारात्मक
1525,पिरतीको,romance,दुःखी 
1526,पिरतीको,romance,आश्चर्य
1527,पिरतीको,romance,विश्वास
1528,पिरतीले,piratile,प्रेम
1529,पिरमा,,आशा
1530,पिरमा,pirama,दुःखी 
1531,पिरले,shock,रिस
1532,पिरले,shock,डर
1533,पिरले,,दुःखी 
1534,पिरले,shock,नकारात्मक
1535,पिरले,shock,आश्चर्य
1536,पिरहरुसित,,आशा
1537,पिरहरुसित,piraharusita,दुःखी 
1538,पिरहरू,piraharu,दुःखी 
1539,पिरो,pyro,आश्चर्य
1540,पीडा,pain,डर
1541,पीडा,pain,नकारात्मक
1542,पीडा,pain,दुःखी 
1543,पीडाहरु,pidaharu,दुःखी 
1544,पीर,Pir,दुःखी 
1545,पीरतिको,piratiko,प्रेम
1546,पीरतिको,,हर्ष
1547,पीरम,pirama,प्रेम
1548,पुगेथ्यौँ,pugethyaum,सकारात्मक
1549,पुगेर,reached,आशा
1550,पुण्य,saintly,आशा
1551,पुण्य,saintly,हर्ष
1552,पुण्य,saintly,सकारात्मक
1553,पुण्य,saintly,आश्चर्य
1554,पुण्य,saintly,विश्वास
1555,पुरा,full,सकारात्मक
1556,पुर्खा,father,विश्वास
1557,पुर्खा,,देशभक्त
1558,पुर्खाले,fathers,देशभक्त
1559,पूर्वमा,east,देशभक्त
1560,पैसाको,money,रिस
1561,पैसाको,money,आशा
1562,पैसाको,money,हर्ष
1563,पैसाको,money,सकारात्मक
1564,पैसाको,money,आश्चर्य
1565,पैसाको,money,विश्वास
1566,पोखाउ,pokhau,डर
1567,पोखाउछु,pokhauchu,दुःखी 
1568,पोखु,pokhu,दुःखी 
1569,पोल्ने,heat,दुःखी 
1570,प्यार,love,हर्ष
1571,प्यार,love,सकारात्मक
1572,प्यारा,प्रेमly,आशा
1573,प्यारा,प्रेमly,हर्ष
1574,प्यारा,प्रेमly,सकारात्मक
1575,प्यारा,प्रेमly,दुःखी 
1576,प्यारा,प्रेमly,आश्चर्य
1577,प्यारा,प्रेमly,विश्वास
1578,प्यारा,,प्रेम
1579,प्यारा,,देशभक्त
1580,प्यारो,dear,सकारात्मक
1581,प्यास,thirst,आशा
1582,प्यास,thirst,दुःखी 
1583,प्यास,thirst,आश्चर्य
1584,प्रकृति,nature,सकारात्मक
1585,प्रकृतिका,nature,हर्ष
1586,प्रगति,progress,आशा
1587,प्रगति,progress,हर्ष
1588,प्रगति,progress,सकारात्मक
1589,प्रचण्ड,Prachanda,देशभक्त
1590,प्रजा,people,देशभक्त
1591,प्रतापी,august,सकारात्मक
1592,प्रतिक्ष,Pratikchya,प्रेम
1593,प्रतिक्षा,wait,आशा
1594,प्रतिक्षा,wait,नकारात्मक
1595,प्रभावले,the influence,डर
1596,प्रभावले,,दुःखी 
1597,प्रभुको,the lord,देशभक्त
1598,प्रयास,try,सकारात्मक
1599,प्रवास,migration,दुःखी 
1600,प्रसस्त,enough,सकारात्मक
1601,प्रहार,strike,रिस
1602,प्रहार,strike,नकारात्मक
1603,प्रहार,#VALUE!,देशभक्त
1604,प्राणभन्दा,mankind,सकारात्मक
1605,प्राप्ति,receipt,सकारात्मक
1606,प्रार्थना,prayer,सकारात्मक
1607,प्रार्थना,prayer,आशा
1608,प्रित,a blind,प्रेम
1609,प्रित,a blind,हर्ष
1610,प्रिती,preeti,प्रेम
1611,प्रिती,,हर्ष
1612,प्रिथ्बीमा,prithbima,देशभक्त
1613,प्रियसी,valentine,प्रेम
1614,प्रियसी,valentine,प्रेम
1615,प्रियसीका,valentine,प्रेम
1616,प्रियाले,priya,प्रेम
1617,प्रीतको,preet,प्रेम
1618,प्रीतको,,हर्ष
1619,प्रीतले,pritale,प्रेम
1620,प्रीति,प्रेम,हर्ष
1621,प्रीति,प्रेम,प्रेम
1622,प्रीति,प्रेम,सकारात्मक
1623,प्रीती,preethi,प्रेम
1624,प्रीती,,हर्ष
1625,प्रेम,store,सकारात्मक
1626,प्रेम,प्रेम,हर्ष
1627,प्रेम,प्रेम,सकारात्मक
1628,प्रेम,प्रेम,हर्ष
1629,प्रेम,प्रेम,सकारात्मक
1630,प्रेमका,प्रेम,हर्ष
1631,प्रेमका,प्रेम,सकारात्मक
1632,प्रेमको,प्रेम,हर्ष
1633,प्रेमको,,प्रेम
1634,प्रेमको,प्रेम,सकारात्मक
1635,प्रेमपत्र,प्रेम letter,प्रेम
1636,प्रेमलाई,प्रेम,हर्ष
1637,प्रेमलाई,प्रेम,सकारात्मक
1638,प्रेमले,प्रेम,हर्ष
1639,प्रेमले,प्रेम,सकारात्मक
1640,प्रेमी,lover,आशा
1641,प्रेमी,lover,हर्ष
1642,प्रेमी,lover,सकारात्मक
1643,प्रेमी,lover,विश्वास
1644,फकाई,influence,नकारात्मक
1645,फकाई,,प्रेम
1646,फकाई,influence,सकारात्मक
1647,फकाउदा,phakauda,प्रेम
1648,फकाउनलाई,seduce,नकारात्मक
1649,फाटे,rent,नकारात्मक
1650,फाल्यौ,phalyau,दुःखी 
1651,फिल्म,film,आशा
1652,फुटेसरी,phutesari,दुःखी 
1653,फुट्यो,freed,दुःखी 
1654,फुल,full,सकारात्मक
1655,फुलका,scone,प्रेम
1656,फुलको,flower,हर्ष
1657,फुलेछ,phulecha,सकारात्मक
1658,फुल्छ,grow,आशा
1659,फुल्छ,grow,हर्ष
1660,फुल्छ,grow,सकारात्मक
1661,फुल्छ,grow,विश्वास
1662,फुल्दैन,haughtiness,दुःखी 
1663,फुल्दैन,haughtiness,नकारात्मक
1664,फुल्ने,flowering,सकारात्मक
1665,फुल्नै,phulnai,सकारात्मक
1666,फुल्यो,blossom,हर्ष
1667,फुल्यो,blossom,सकारात्मक
1668,फूल,flower,हर्ष
1669,फूल,flower,प्रेम
1670,फूलबुट्टा,the hems,हर्ष
1671,फूलसितै,phulasitai,प्रेम
1672,फूली,varicose,नकारात्मक
1673,फूले,bloated,सकारात्मक
1674,फूले,bloated,हर्ष
1675,फेर्न,change,डर
1676,फेवा,phewa,प्रेम
1677,फैलियोस्,spread,सकारात्मक
1678,फोटो,photograph,प्रेम
1679,फोड,tore,दुःखी 
1680,फ्यान्टास्स्टिक,phyantasstika,आशा
1681,फ्यान्टास्स्टिक,phyantasstika,सकारात्मक
1682,फ्शहयो,phsahayo,प्रेम
1683,बगल,next,प्रेम
1684,बगाइ,turneth,दुःखी 
1685,बगी,buggy,दुःखी 
1686,बगेको,shed,नकारात्मक
1687,बगेको,,दुःखी 
1688,बग्ने,flow,सकारात्मक
1689,बग्यो,shed,नकारात्मक
1690,बचनमा,rooted,सकारात्मक
1691,बचनमा,rooted,विश्वास
1692,बजाइ,applause,हर्ष
1693,बजाइ,applause,सकारात्मक
1694,बजाइ,applause,आश्चर्य
1695,बजाइ,applause,विश्वास
1696,बजार,markets,हर्ष
1697,बजारमा,market,हर्ष
1698,बटाैलीको,bataailiko,देशभक्त
1699,बढी,more,सकारात्मक
1700,बढ्यो,increased,सकारात्मक
1701,बतास,wind,दुःखी 
1702,बतास,,डर
1703,बतास,,हर्ष
1704,बतासको,wind,डर
1705,बतासमा,wind,आशा
1706,बतासैले,batasaile,दुःखी 
1707,बत्तिमा,light,विश्वास
1708,बत्ती,light,सकारात्मक
1709,बदला,revenge,रिस
1710,बदला,revenge,आशा
1711,बदला,revenge,डर
1712,बदला,revenge,नकारात्मक
1713,बदला,revenge,आश्चर्य
1714,बदलेला,changed,विश्वास
1715,बदलेला,,सकारात्मक
1716,बन,became,देशभक्त
1717,बनाउन,make,सकारात्मक
1718,बनिदिनु,shine,सकारात्मक
1719,बनैमा,banaima,सकारात्मक
1720,बनोस्,flourish,सकारात्मक
1721,बन्दकी,bandaki,नकारात्मक
1722,बन्धन,fastening,प्रेम
1723,बन्न,to be,सकारात्मक
1724,बन्नेलाई,becoming,आशा
1725,बन्ला,the impasse,विश्वास
1726,बरालिन्छ,badly,नकारात्मक
1727,बरालिन्छ,badly,दुःखी 
1728,बरियो,bariyo,दुःखी 
1729,बरी,Bury,दुःखी 
1730,बर्बाद,waste,घृणा
1731,बर्बाद,waste,नकारात्मक
1732,बर्षा,rain,प्रेम
1733,बर्षौ,skilled,सकारात्मक
1734,बल,strength,सकारात्मक
1735,बल,strength,विश्वास
1736,बलियो,strong,प्रेम
1737,बलिरहने,everlasting,सकारात्मक
1738,बल्झिन्छ,regress,नकारात्मक
1739,बल्दैन,ends,नकारात्मक
1740,बल्यो,fragile,डर
1741,बल्यो,fragile,नकारात्मक
1742,बल्यो,fragile,दुःखी 
1743,बल्ल,"finally,",आशा
1744,बशमा,to govern,प्रेम
1745,बसन्त,spring,हर्ष
1746,बसन्तमा,at,प्रेम
1747,बसन्तमा,at,हर्ष
1748,बसन्ती,basanti,प्रेम
1749,बसिरहने,stay,सकारात्मक
1750,बस्न,to live,सकारात्मक
1751,बस्नु,stay,सकारात्मक
1752,बहाना,excuse,नकारात्मक
1753,बहिनी,sister,सकारात्मक
1754,बाघैको,baghaiko,डर
1755,बाचामा,promise,हर्ष
1756,बाचामा,promise,सकारात्मक
1757,बाचामा,promise,विश्वास
1758,बाचिदिंछ,bacidincha,प्रेम
1759,बाचिदिंछ,bacidincha,देशभक्त
1760,बाँचिदेउ,bamcideu,सकारात्मक
1761,बाँचिरहे,to live,प्रेम
1762,बाँचिरहे,,सकारात्मक
1763,बाँचुन्जेल,as long as,सकारात्मक
1764,बाँचे,survived,सकारात्मक
1765,बाँचौला,may live,सकारात्मक
1766,बाँचौला,,हर्ष
1767,बाँच्छ,lives,सकारात्मक
1768,बाच्छु,bacchu,सकारात्मक
1769,बाच्छु,,हर्ष
1770,बाँच्न,live,प्रेम
1771,बाँच्न,live,दुःखी 
1772,बाँच्नु,to live,प्रेम
1773,बाजा,orchestra,रिस
1774,बाजा,orchestra,हर्ष
1775,बाजा,orchestra,सकारात्मक
1776,बाजा,orchestra,दुःखी 
1777,बाजा,orchestra,विश्वास
1778,बाटो,way,दुःखी 
1779,बाटो,way,प्रेम
1780,बाटो,way,देशभक्त
1781,बाडछ,badacha,हर्ष
1782,बाडछ,,सकारात्मक
1783,बाडौ,badau,सकारात्मक
1784,बाँड्न,share,आशा
1785,बाँड्न,share,हर्ष
1786,बाँड्न,share,सकारात्मक
1787,बाँड्न,share,विश्वास
1788,बादल,cloud,दुःखी 
1789,बादल,cloud,नकारात्मक
1790,बादलमा,the clouds,सकारात्मक
1791,बादलमा,the clouds,हर्ष
1792,बादलले,cloud,नकारात्मक
1793,बादलु,cloudy,दुःखी 
1794,बाधा,interruption,दुःखी 
1795,बाँधी,,नकारात्मक
1796,बाँधी,bound,प्रेम
1797,बाँधे,bound,नकारात्मक
1798,बाँधेर,bind,प्रेम
1799,बाँध्यतामा,bamdhyatama,दुःखी 
1800,बाँध्यतामा,bamdhyatama,प्रेम
1801,बाबा,grandfather,विश्वास
1802,बाबाले,father,विश्वास
1803,बारात,procession,हर्ष
1804,बारात,,प्रेम
1805,बारात,procession,सकारात्मक
1806,बारात,procession,दुःखी 
1807,बारात,procession,आश्चर्य
1808,बालक,child,आशा
1809,बालक,child,हर्ष
1810,बालक,child,सकारात्मक
1811,बास,bass,सकारात्मक
1812,बासना,tarry,नकारात्मक
1813,बाहार,Bahar,प्रेम
1814,बिउझाउँछन,biujhaumchana,नकारात्मक
1815,बिकी,sold,देशभक्त
1816,बिग्रेका,corrupted,दुःखी 
1817,बिग्रेको,corrupted,दुःखी 
1818,बिच,beach,हर्ष
1819,बिचार,thought,आशा
1820,बिछोड,separation,दुःखी 
1821,बिछोडको,"hence,",दुःखी 
1822,बिछोडमै,bichodamai,दुःखी 
1823,बिछोडमै,,प्रेम
1824,बिछोड्लाई,bichodlai,दुःखी 
1825,बिछोड्लाई,bichodlai,प्रेम
1826,बिझेछ,aback,दुःखी 
1827,बिताउने,live,आशा
1828,बिताए,spent,नकारात्मक
1829,बितिरहेछ,sighing,दुःखी 
1830,बितिसके,passed away,दुःखी 
1831,बितीसके,have passed,सकारात्मक
1832,बितेकाे,bitekae,आश्चर्य
1833,बितेको,past,डर
1834,बित्यो,passed,दुःखी 
1835,बिदा,farewell,दुःखी 
1836,बिदा,farewell,आशा
1837,बिना,without,नकारात्मक
1838,बिन्ति,petition,दुःखी 
1839,बिपनीमा,bipanima,सकारात्मक
1840,बिबस्ता,bibasta,आशा
1841,बिरह,birha,दुःखी 
1842,बिरानो,strangers,दुःखी 
1843,बिर्सन,forget,नकारात्मक
1844,बिर्सने,forgetful,दुःखी 
1845,बिर्सने,,नकारात्मक
1846,बिर्सने,,घृणा
1847,बिर्सु,birsu,दुःखी 
1848,बिर्सु,,प्रेम
1849,बिर्सेर,forgetting,दुःखी 
1850,बिलम्ब,delay,रिस
1851,बिलम्ब,delay,घृणा
1852,बिलम्ब,delay,डर
1853,बिलम्ब,delay,नकारात्मक
1854,बिलम्ब,delay,दुःखी 
1855,बिवसता,bivasata,प्रेम
1856,बिशाल,large,प्रेम
1857,बिशाल,large,देशभक्त
1858,बिश्वास,believe,प्रेम
1859,बिश्वास,believe,हर्ष
1860,बिश्वास,believe,देशभक्त
1861,बिश्‍वास,believe,विश्वास
1862,बिहान,in the morning,सकारात्मक
1863,बिहान,,हर्ष
1864,बिहानी,morning,सकारात्मक
1865,बिहानी,,हर्ष
1866,बिहानीको,morning,आशा
1867,बिहानीहरु,bihaniharu,सकारात्मक
1868,बिहे,married,हर्ष
1869,बीच,beach,हर्ष
1870,बुझन,understanding,सकारात्मक
1871,बुझन,understanding,विश्वास
1872,बुझाउनी,UNDERSTANDING,सकारात्मक
1873,बुझाउनी,UNDERSTANDING,विश्वास
1874,बुझाउने,submit,आशा
1875,बुट्टा,embroidery,सकारात्मक
1876,बुढी,The woman,प्रेम
1877,बुद्ध,buddha,देशभक्त
1878,बुद्धले,buddha,देशभक्त
1879,बुलकी,bulaki,सकारात्मक
1880,बूढापाखा,budhapakha,विश्वास
1881,बृक्षलाई,tree,रिस
1882,बृक्षलाई,tree,आशा
1883,बृक्षलाई,tree,घृणा
1884,बृक्षलाई,tree,हर्ष
1885,बृक्षलाई,tree,सकारात्मक
1886,बृक्षलाई,tree,आश्चर्य
1887,बृक्षलाई,tree,विश्वास
1888,बेग्लै,different,दुःखी 
1889,बेदना,pain,डर
1890,बेदना,pain,नकारात्मक
1891,बेदना,pain,दुःखी 
1892,बेर,plum,सकारात्मक
1893,बेला,time,आशा
1894,बेस,base,विश्वास
1895,बेस्सरी,Violently,रिस
1896,बेस्सरी,Violently,घृणा
1897,बेस्सरी,Violently,डर
1898,बेस्सरी,Violently,नकारात्मक
1899,बेस्सरी,Violently,दुःखी 
1900,बेहिसाब,incalculable,नकारात्मक
1901,बेहोसी,careless,दुःखी 
1902,बैनीले,the iceberg,प्रेम
1903,बैमानी,unfaithfulness,प्रेम
1904,बैर,hostility,रिस
1905,बैर,hostility,घृणा
1906,बैर,hostility,नकारात्मक
1907,बैरी,Barry,दुःखी 
1908,बैस,bass,प्रेम
1909,बैसैमा,bezai,प्रेम
1910,बोकेर,carry,विश्वास
1911,बोझ,load,दुःखी 
1912,बोलाईमा,summoned,प्रेम
1913,बोलाउँछ,calls,आशा
1914,बोलाउँछ,calls,नकारात्मक
1915,बोलाउँछ,calls,विश्वास
1916,बोलीले,words,रिस
1917,बोलीले,words,नकारात्मक
1918,ब्यथा,koshish,दुःखी 
1919,ब्य्थाहरु,bythaharu,दुःखी 
1920,भइगो,.that,नकारात्मक
1921,भई,Well,हर्ष
1922,भईदिनु,bhaidinu,आशा
1923,भक्ती,devotion,सकारात्मक
1924,भक्ती,devotion,प्रेम
1925,भगवान,god,आशा
1926,भगवान,god,डर
1927,भगवान,god,हर्ष
1928,भगवान,god,सकारात्मक
1929,भगवान,god,विश्वास
1930,भटभटे,bhatabhate,प्रेम
1931,भटभटेमा,bhatabhatema,प्रेम
1932,भनुँ,hide,डर
1933,भनोस्,hearing,डर
1934,भनोस्,hearing,नकारात्मक
1935,भन्ज्याङ्गले,bhanjyangale,देशभक्त
1936,भन्दिन,neither,विश्वास
1937,भन्नैसकेन,bhannaisakena,दुःखी 
1938,भबिष्य,future,विश्वास
1939,भये,bhaye,डर
1940,भर,fill,विश्वास
1941,भरपुर,full of,सकारात्मक
1942,भरपुर,full of,प्रेम
1943,भरिएका,full,सकारात्मक
1944,भरिएको,full,सकारात्मक
1945,भरी,full,सकारात्मक
1946,भरेको,full,सकारात्मक
1947,भरोशा,the boldness,विश्वास
1948,भरोशा,,प्रेम
1949,भरोशा,,दुःखी 
1950,भरोस,although they,सकारात्मक
1951,भरोसाको,trust,विश्वास
1952,भरोसामा,trust,प्रेम
1953,भरोसामा,trust,देशभक्त
1954,भर्ला,bharla,विश्वास
1955,भाइ,brother,सकारात्मक
1956,भाइ,brother,विश्वास
1957,भाइचारा,brotherhood,सकारात्मक
1958,भाइचारा,,प्रेम
1959,भाइचारा,brotherhood,विश्वास
1960,भाइले,brother,सकारात्मक
1961,भाइले,brother,विश्वास
1962,भाईटिकामा,bhaitikama,सकारात्मक
1963,भाईलो,bhailo,देशभक्त
1964,भाकल,vow,आशा
1965,भाकल,vow,हर्ष
1966,भाकल,vow,सकारात्मक
1967,भाकल,vow,विश्वास
1968,भागिदिंछ,bhagidincha,दुःखी 
1969,भागी,partner,सकारात्मक
1970,भागेर,flee,डर
1971,भागेर,flee,नकारात्मक
1972,भाग्ने,escape,आशा
1973,भाग्ने,escape,डर
1974,भाग्ने,escape,नकारात्मक
1975,भाग्ने,escape,सकारात्मक
1976,भाग्य,fate,आशा
1977,भाग्य,fate,नकारात्मक
1978,भाग्य,fate,दुःखी 
1979,भाग्य,,सकारात्मक
1980,भाग्यको,the fate,दुःखी 
1981,भाग्यको,the fate,प्रेम
1982,भाग्यमा,granted,सकारात्मक
1983,भाग्यलाई,fate,आशा
1984,भाग्यलाई,fate,नकारात्मक
1985,भाबीले,bhabile,नकारात्मक
1986,भार,weight,आशा
1987,भार,weight,घृणा
1988,भार,weight,डर
1989,भार,weight,हर्ष
1990,भार,weight,नकारात्मक
1991,भार,weight,सकारात्मक
1992,भार,weight,दुःखी 
1993,भार,weight,आश्चर्य
1994,भार,weight,विश्वास
1995,भारत,india,देशभक्त
1996,भार्इ,bhari,प्रेम
1997,भाव,price,सकारात्मक
1998,भावना,sense,सकारात्मक
1999,भावनामा,emotions,प्रेम
2000,भावनामा,emotions,दुःखी 
2001,भावनाहरु,emotions,प्रेम
2002,भावीको,future,दुःखी 
2003,भावीले,bhâvile,दुःखी 
2004,भिजेको,wet,दुःखी 
2005,भिजेछु,bhijechu,प्रेम
2006,भिज्यो,drenched,प्रेम
2007,भित्रभित्रै,wrestle,दुःखी 
2008,भित्रभित्रै,,हर्ष
2009,भिनाजुको,her husband,सकारात्मक
2010,भिर,gird,नकारात्मक
2011,भिरमा,cliff,डर
2012,भिरैमा,bhiraima,नकारात्मक
2013,भुतुक्कै,foolish,नकारात्मक
2014,भुतुक्कै,,हर्ष
2015,भुरूरुरुरु,bhururururu,प्रेम
2016,भुल,mistakes,नकारात्मक
2017,भुलाईदेला,bhulaidela,दुःखी 
2018,भुलि,beseech,प्रेम
2019,भुलेको,,दुःखी 
2020,भुलेको,forget,नकारात्मक
2021,भुलेछु,guidance and,दुःखी 
2022,भुलेर,absentmindedly,दुःखी 
2023,भुल्छ,godless,रिस
2024,भुल्छ,godless,नकारात्मक
2025,भुल्न,misery,रिस
2026,भुल्न,misery,घृणा
2027,भुल्न,misery,डर
2028,भुल्न,misery,नकारात्मक
2029,भुल्न,misery,दुःखी 
2030,भूपति,Bhupathi,देशभक्त
2031,भृकुटी,eyebrow,देशभक्त
2032,भेट,meet,सकारात्मक
2033,भेट,,हर्ष
2034,भेटघाट,Drink,हर्ष
2035,भेटे,found,हर्ष
2036,भेटे,found,सकारात्मक
2037,भेटे,found,विश्वास
2038,भेट्न,visit,सकारात्मक
2039,भेला,together,सकारात्मक
2040,भोलि,tomorrow,आशा
2041,मक्ख,thrill,आशा
2042,मक्ख,thrill,डर
2043,मक्ख,thrill,हर्ष
2044,मक्ख,thrill,सकारात्मक
2045,मक्ख,thrill,आश्चर्य
2046,मखमलि,makhamali,प्रेम
2047,मगनी,engaged,आशा
2048,मगनी,engaged,हर्ष
2049,मगनी,engaged,सकारात्मक
2050,मगनी,engaged,विश्वास
2051,मगमगे,magamage,प्रेम
2052,मंगल,auspicious,आशा
2053,मंगल,auspicious,हर्ष
2054,मंगल,auspicious,सकारात्मक
2055,मजा,fun,आशा
2056,मजा,fun,हर्ष
2057,मजा,fun,सकारात्मक
2058,मण्डली,congregation,सकारात्मक
2059,मण्डली,congregation,विश्वास
2060,मधुमास,spring,हर्ष
2061,मधुरो,dim,दुःखी 
2062,मधेश,madhes,देशभक्त
2063,मन,mind,प्रेम
2064,मनका,bead,प्रेम
2065,मनको,heart,प्रेम
2066,मनको,heart,दुःखी 
2067,मनको,heart,हर्ष
2068,मनपराएँ,,दुःखी 
2069,मनपराएँ,liked,प्रेम
2070,मनपर्यो,like,प्रेम
2071,मनभरी,Selah,प्रेम
2072,मनभित्र,heart,प्रेम
2073,मनमा,heart,आशा
2074,मनलाई,heart,प्रेम
2075,मनलाई,,दुःखी 
2076,मनलाई,,हर्ष
2077,मनले,heart,प्रेम
2078,मनसंग,manasanga,प्रेम
2079,मनैमा,think-,प्रेम
2080,मन्दिरमा,house,सकारात्मक
2081,ममको,mamako,सकारात्मक
2082,ममको,,प्रेम
2083,मरिरहनु,dying,रिस
2084,मरिरहनु,dying,घृणा
2085,मरिरहनु,dying,डर
2086,मरिरहनु,dying,नकारात्मक
2087,मरिरहनु,dying,दुःखी 
2088,मरी,dead,दुःखी 
2089,मरे,dead,दुःखी 
2090,मरेको,dead,दुःखी 
2091,मरेछन,marechana,दुःखी 
2092,मरेपछि,death,रिस
2093,मरेपछि,death,आशा
2094,मरेपछि,death,घृणा
2095,मरेपछि,death,डर
2096,मरेपछि,death,नकारात्मक
2097,मरेपछि,death,दुःखी 
2098,मरेपछि,death,आश्चर्य
2099,मरेर,dead,दुःखी 
2100,मर्छु,thither,दुःखी 
2101,मर्दैन,die,डर
2102,मर्दैन,die,नकारात्मक
2103,मर्दैन,die,दुःखी 
2104,मर्नु,death,रिस
2105,मर्नु,death,आशा
2106,मर्नु,death,घृणा
2107,मर्नु,death,डर
2108,मर्नु,death,नकारात्मक
2109,मर्नु,death,दुःखी 
2110,मर्नु,death,आश्चर्य
2111,मर्ने,die,डर
2112,मर्ने,die,नकारात्मक
2113,मर्ने,die,दुःखी 
2114,मर्नेछौं,die,डर
2115,मर्नेछौं,die,नकारात्मक
2116,मर्नेछौं,die,दुःखी 
2117,मर्यादाको,dignity,सकारात्मक
2118,मर्यादाको,dignity,विश्वास
2119,मर्यो,dead,दुःखी 
2120,मंसिर,december,प्रेम
2121,महाकाली,mahakali,देशभक्त
2122,महान्,great,सकारात्मक
2123,महाराजाधिराजको,Your Highness,देशभक्त
2124,माइति,maiti,प्रेम
2125,माईती,maiti,सकारात्मक
2126,माटो,soil,घृणा
2127,माटो,soil,नकारात्मक
2128,माटो,,देशभक्त
2129,माटोमा,soil,घृणा
2130,माटोमा,soil,नकारात्मक
2131,माटोमा,,देशभक्त
2132,मातृभूमि,motherland,देशभक्त
2133,मात्रै,only,नकारात्मक
2134,मान्दैन,transgressors,नकारात्मक
2135,माफी,sorry,दुःखी 
2136,माफी,sorry,दुःखी 
2137,माया,illusion,नकारात्मक
2138,माया,,प्रेम
2139,माया,illusion,आश्चर्य
2140,मायाँ,ana,प्रेम
2141,माँया,mother.either,प्रेम
2142,मायाको,प्रेम,हर्ष
2143,मायाको,,प्रेम
2144,मायाको,प्रेम,सकारात्मक
2145,मायाममतामा,cared for,प्रेम
2146,मायामा,in प्रेम,प्रेम
2147,मायालाई,maya,प्रेम
2148,मायालु,loving,हर्ष
2149,मायालु,loving,सकारात्मक
2150,मायालु,,प्रेम
2151,मायालु,loving,विश्वास
2152,मायालुको,loving,हर्ष
2153,मायालुको,loving,सकारात्मक
2154,मायालुको,loving,विश्वास
2155,मायाले,प्रेम,हर्ष
2156,मायाले,प्रेम,सकारात्मक
2157,मायैले,mayaile,प्रेम
2158,मार,kill,डर
2159,मार,kill,नकारात्मक
2160,मार,kill,दुःखी 
2161,मारुनी,maru,देशभक्त
2162,मारेर,killing,रिस
2163,मारेर,killing,डर
2164,मारेर,killing,नकारात्मक
2165,मारेर,killing,दुःखी 
2166,मार्थे,marthe,डर
2167,मार्थे,marthe,दुःखी 
2168,मार्योउ,maryou,डर
2169,मार्योउ,maryou,दुःखी 
2170,माला,garland,प्रेम
2171,माहात्मा,mahatma,देशभक्त
2172,मिठा,sweet,आशा
2173,मिठा,sweet,हर्ष
2174,मिठा,sweet,सकारात्मक
2175,मिठा,sweet,आश्चर्य
2176,मिठा,sweet,विश्वास
2177,मिठो,sweet,आशा
2178,मिठो,sweet,हर्ष
2179,मिठो,sweet,सकारात्मक
2180,मिठो,,प्रेम
2181,मिठो,sweet,आश्चर्य
2182,मिठो,sweet,विश्वास
2183,मितिनी,date,विश्वास
2184,मितिनी,date,सकारात्मक
2185,मितिनी,date,हर्ष
2186,मिर्मिरेमै,mirmiremai,प्रेम
2187,मिर्मिरेसङ्गै,mirmiresangai,आशा
2188,मिलन,union,सकारात्मक
2189,मिलन,,हर्ष
2190,मिलन,,प्रेम
2191,मिलनका,inseparably,हर्ष
2192,मिलाईदेउ,milaideu,सकारात्मक
2193,मिली,found,हर्ष
2194,मिली,found,सकारात्मक
2195,मिली,found,विश्वास
2196,मिले,found,हर्ष
2197,मिले,found,सकारात्मक
2198,मिले,found,विश्वास
2199,मिलेन,invalid,दुःखी 
2200,मिलेर,together,सकारात्मक
2201,मिल्छ,matches,सकारात्मक
2202,मिल्दै,merging,प्रेम
2203,मिसन,mission,देशभक्त
2204,मीठा,sweet,आशा
2205,मीठा,sweet,हर्ष
2206,मीठा,sweet,सकारात्मक
2207,मीठा,sweet,आश्चर्य
2208,मीठा,sweet,विश्वास
2209,मीठो,sweet,आशा
2210,मीठो,sweet,हर्ष
2211,मीठो,sweet,सकारात्मक
2212,मीठो,sweet,आश्चर्य
2213,मीठो,sweet,विश्वास
2214,मीठ्ठो,miththo,सकारात्मक
2215,मीत,friend,हर्ष
2216,मीत,friend,सकारात्मक
2217,मीत,friend,विश्वास
2218,मुक्त,free,सकारात्मक
2219,मुक्ति,salvation,आशा
2220,मुक्ति,salvation,हर्ष
2221,मुक्ति,salvation,सकारात्मक
2222,मुक्ति,salvation,विश्वास
2223,मुखै,mouth,आश्चर्य
2224,मुटु,heart,प्रेम
2225,मुटुको,heart,प्रेम
2226,मुटुको,,हर्ष
2227,मुटुको,,दुःखी 
2228,मुटुभित्र,goeth,प्रेम
2229,मुटुमा,heart,प्रेम
2230,मुटुमाझ,mutumajha,देशभक्त
2231,मुटुमै,seas,प्रेम
2232,मुटुमै,,दुःखी 
2233,मुटुलाई,hearts,प्रेम
2234,मुटुले,beating,रिस
2235,मुटुले,beating,डर
2236,मुटुले,beating,नकारात्मक
2237,मुटुले,beating,दुःखी 
2238,मुत्ने,mutne,दुःखी 
2239,मुत्ने,mutne,नकारात्मक
2240,मुर्छना,murchana,दुःखी 
2241,मुर्ति,statue,सकारात्मक
2242,मुर्तिमा,statue,सकारात्मक
2243,मुल्यवान,valuable,सकारात्मक
2244,मुस्कान,smile,हर्ष
2245,मुस्कान,smile,सकारात्मक
2246,मुस्कान,smile,आश्चर्य
2247,मुस्कान,smile,विश्वास
2248,मुस्कानमा,smile,हर्ष
2249,मुस्कानमा,smile,सकारात्मक
2250,मुस्कानमा,smile,आश्चर्य
2251,मुस्कानमा,smile,विश्वास
2252,मुस्कानले,smiling,हर्ष
2253,मुस्कानले,smiling,सकारात्मक
2254,मुस्कानले,smiling,प्रेम
2255,मुस्कुराने,smile,हर्ष
2256,मुस्कुराने,smile,सकारात्मक
2257,मुस्कुराने,smile,आश्चर्य
2258,मुस्कुराने,smile,विश्वास
2259,मुहार,the face,हर्ष
2260,मुहार,the face,प्रेम
2261,मुहारलाई,the face,प्रेम
2262,मृत्युको,death,रिस
2263,मृत्युको,death,आशा
2264,मृत्युको,death,घृणा
2265,मृत्युको,death,डर
2266,मृत्युको,death,नकारात्मक
2267,मृत्युको,death,दुःखी 
2268,मृत्युको,death,आश्चर्य
2269,मृत्युपार,mrtyupara,दुःखी 
2270,मृत्युसम्म,death,रिस
2271,मृत्युसम्म,death,आशा
2272,मृत्युसम्म,death,घृणा
2273,मृत्युसम्म,death,डर
2274,मृत्युसम्म,death,नकारात्मक
2275,मृत्युसम्म,death,दुःखी 
2276,मृत्युसम्म,death,आश्चर्य
2277,मृत्युुको,mrtyuuko,दुःखी 
2278,मेची,mechi,देशभक्त
2279,मेटाउनु,delete,नकारात्मक
2280,मेटिएला,perish,डर
2281,मेटिएला,perish,नकारात्मक
2282,मेटिएला,perish,दुःखी 
2283,मेट्छु,acknowledge,सकारात्मक
2284,मेल,mail,आशा
2285,मेला,fair,सकारात्मक
2286,मैदान,ground,देशभक्त
2287,मैदान,ground,विश्वास
2288,मैदानमा,ground,विश्वास
2289,मैंयाहरु,mainyaharu,प्रेम
2290,मैलो,mallow,दुःखी 
2291,मोड,mode,विश्वास
2292,मोतिजस्तो,motijasto,प्रेम
2293,मोती,pearl,हर्ष
2294,मोती,pearl,सकारात्मक
2295,मोबाइल,mobile,आशा
2296,मोरी,mori,प्रेम
2297,मोरीलाई,mori,नकारात्मक
2298,मोरीलाई,mori,रिस
2299,मोरीलाई,mori,प्रेम
2300,मोह,enchantment,प्रेम
2301,मोहनी,charm,सकारात्मक
2302,मोहनी,charm,प्रेम
2303,मोहि,mohi,सकारात्मक
2304,मौका,opportunity,आशा
2305,मौका,opportunity,सकारात्मक
2306,मौसम,weather,प्रेम
2307,म्य्टु,mytu,प्रेम
2308,यस्मा,aloof,नकारात्मक
2309,यात्रामा,tour,प्रेम
2310,यात्रामा,tour,दुःखी 
2311,याद,remember,दुःखी 
2312,याद,,हर्ष
2313,यादमा,remember,प्रेम
2314,यादलाई,yadalai,प्रेम
2315,यादहरु,yadaharu,दुःखी 
2316,यादहरु,,प्रेम
2317,यादहरु,,हर्ष
2318,यादहरू,memories,विश्वास
2319,येशू,jesus,देशभक्त
2320,येशूको,jesus',देशभक्त
2321,योवन,salad,प्रेम
2322,योवान,yovana,प्रेम
2323,यौवन,youth,रिस
2324,यौवन,youth,आशा
2325,यौवन,youth,डर
2326,यौवन,youth,हर्ष
2327,यौवन,youth,सकारात्मक
2328,यौवन,youth,आश्चर्य
2329,यौवन,youth,प्रेम
2330,यौवनको,youth,रिस
2331,यौवनको,youth,आशा
2332,यौवनको,youth,डर
2333,यौवनको,youth,हर्ष
2334,यौवनको,youth,सकारात्मक
2335,यौवनको,youth,आश्चर्य
2336,रक्षा,defense,रिस
2337,रक्षा,defense,आशा
2338,रक्षा,defense,डर
2339,रक्षा,defense,सकारात्मक
2340,रक्सी,alcohol,दुःखी 
2341,रक्सी,alcohol,प्रेम
2342,रक्सी,alcohol,नकारात्मक
2343,रंग,color,हर्ष
2344,रंग,,दुःखी 
2345,रगत,blood,देशभक्त
2346,रगतमा,blood,प्रेम
2347,रगतले,blood,देशभक्त
2348,रगतले,,प्रेम
2349,रगतहरु,ragataharu,देशभक्त
2350,रंगीन,colored,प्रेम
2351,रङ्गले,purple,हर्ष
2352,रच्दै,forming,आशा
2353,रच्नुको,he designed,सकारात्मक
2354,रणामा,ranama,डर
2355,रमाइदियो,ramaidiyo,हर्ष
2356,रमाइलो,fun,आशा
2357,रमाइलो,fun,हर्ष
2358,रमाइलो,fun,सकारात्मक
2359,रमाउद,ramauda,हर्ष
2360,रमाउन,enhappy,आशा
2361,रमाउन,enhappy,हर्ष
2362,रमाउन,enhappy,सकारात्मक
2363,रमाउन,enhappy,विश्वास
2364,रमाउँला,ramaumla,दुःखी 
2365,रमाउँला,,हर्ष
2366,रम्दछु,ramdachu,हर्ष
2367,रम्न,highlands,हर्ष
2368,रसायो,with tears,दुःखी 
2369,रसायो,,प्रेम
2370,रसिएका,rasieka,दुःखी 
2371,रसिएका,,हर्ष
2372,रसिला,juicy,सकारात्मक
2373,रसिलो,succulent,नकारात्मक
2374,रसिलो,succulent,सकारात्मक
2375,रहने,stay,हर्ष
2376,रहन्छ,stays,सकारात्मक
2377,रहर,desire,प्रेम
2378,रहरले,pursuit,आशा
2379,रहरहरु,raharaharu,आशा
2380,रहुँला,stay with,प्रेम
2381,रहोस,rhos,हर्ष
2382,राइफलको,firearms,रिस
2383,राइफलको,firearms,डर
2384,राइफलको,firearms,नकारात्मक
2385,राग,passion,आशा
2386,राग,passion,हर्ष
2387,राग,passion,सकारात्मक
2388,राग,passion,विश्वास
2389,राग,passion,दुःखी 
2390,राजा,king,सकारात्मक
2391,राजाको,the king,हर्ष
2392,राजाको,the king,प्रेम
2393,राजीखुशी,voluntarily,सकारात्मक
2394,रातकी,rataki,प्रेम
2395,रातको,night,दुःखी 
2396,रातको,night,डर
2397,रातमा,night,दुःखी 
2398,रातमा,night,प्रेम
2399,राती,night,डर
2400,राती,night,दुःखी 
2401,रातो,red,प्रेम
2402,रातो,red,देशभक्त
2403,रानी,queen,प्रेम
2404,रानी,,देशभक्त
2405,राम,,देशभक्त
2406,राम्रा,good,आशा
2407,राम्रा,good,हर्ष
2408,राम्रा,good,सकारात्मक
2409,राम्रा,good,आश्चर्य
2410,राम्रा,good,विश्वास
2411,राम्रा,,हर्ष
2412,राम्री,beautiful,हर्ष
2413,राम्री,,प्रेम
2414,राम्री,beautiful,सकारात्मक
2415,राम्रो,good,आशा
2416,राम्रो,good,हर्ष
2417,राम्रो,good,सकारात्मक
2418,राम्रो,good,आश्चर्य
2419,राम्रो,good,विश्वास
2420,राष्ट्र,nation,विश्वास
2421,राष्ट्र,nation,देशभक्त
2422,रित्तो,eMPTY,दुःखी 
2423,रिमझिम,drizzling,हर्ष
2424,रिसाई,goeth,रिस
2425,रिसाउनी,risauni,नकारात्मक
2426,रिसाउने,anger,रिस
2427,रिसाउने,anger,नकारात्मक
2428,रिसायौ,reacted,रिस
2429,रुझेको,unclaimed,प्रेम
2430,रुदा,ruda,दुःखी 
2431,रुँदा,that matter,दुःखी 
2432,रुँदा,that matter,प्रेम
2433,रुन,cry,नकारात्मक
2434,रुन,cry,दुःखी 
2435,रुनुपर्यो,runuparyo,दुःखी 
2436,रुनुपर्यो,runuparyo,प्रेम
2437,रुन्छ,weep,नकारात्मक
2438,रुन्छ,weep,दुःखी 
2439,रुन्छु,cry,नकारात्मक
2440,रुन्छु,cry,दुःखी 
2441,रुप,as,प्रेम
2442,रुपैकी,rupaiki,प्रेम
2443,रुमाल,napkins,प्रेम
2444,रुवाई,ruvai,दुःखी 
2445,रुवाउछ,ruvaucha,दुःखी 
2446,रुवाउछ,ruvaucha,प्रेम
2447,रुवाएको,,दुःखी 
2448,रुवाएको,shed,नकारात्मक
2449,रून्छन,runchana,दुःखी 
2450,रेल,rail,रिस
2451,रेल,rail,आशा
2452,रेल,rail,नकारात्मक
2453,रेशमी,silk,सकारात्मक
2454,रेशमी,silk,प्रेम
2455,रोइ,roi,दुःखी 
2456,रोइरहनै,roirahanai,दुःखी 
2457,रोईदिन्छु,roidinchu,दुःखी 
2458,रोईसकेछन,roisakechana,दुःखी 
2459,रोईसकेछन,roisakechana,प्रेम
2460,रोए,cry,नकारात्मक
2461,रोए,cry,दुःखी 
2462,रोएछौ,roechau,दुःखी 
2463,रोएर,crying,नकारात्मक
2464,रोएर,crying,दुःखी 
2465,रोकिएथे,rokiethe,प्रेम
2466,रोकियो,stopped,नकारात्मक
2467,रोग,disease,रिस
2468,रोग,disease,घृणा
2469,रोग,disease,डर
2470,रोग,disease,नकारात्मक
2471,रोग,disease,दुःखी 
2472,रोज,Daily,आशा
2473,रोजेथे,rojethe,प्रेम
2474,रोदन,weeping,दुःखी 
2475,रोधि,rare,हर्ष
2476,रोपी,thrust,प्रेम
2477,लंका,ceylon,देशभक्त
2478,लगन,devotion,विश्वास
2479,लगन,,सकारात्मक
2480,लगाउने,wear,नकारात्मक
2481,लगाउने,wear,विश्वास
2482,लजाउदै,lajaudai,प्रेम
2483,लजाउने,shyness,प्रेम
2484,लडाइँ,fight,रिस
2485,लडाइँ,fight,डर
2486,लडाइँ,fight,नकारात्मक
2487,लडेर,fighting,रिस
2488,लडेर,fighting,नकारात्मक
2489,लडॉइ,ladoi,देशभक्त
2490,लड्छु,ladchu,सकारात्मक
2491,लड्छु,,दुःखी 
2492,लत्पतिएको,surely,प्रेम
2493,लत्रेन,latrena,देशभक्त
2494,लब्ली,labli,प्रेम
2495,लब्ली,labli,हर्ष
2496,लहर,wave,हर्ष
2497,लहर,,दुःखी 
2498,लहर,,डर
2499,लाउनु,wear,नकारात्मक
2500,लाउनु,wear,विश्वास
2501,लाउनेलाई,fancy,आशा
2502,लाउनेलाई,fancy,हर्ष
2503,लाउनेलाई,fancy,सकारात्मक
2504,लाखौँ,millions,सकारात्मक
2505,लाग्ने,pursue,सकारात्मक
2506,लाज,shame,घृणा
2507,लाज,shame,डर
2508,लाज,shame,नकारात्मक
2509,लाज,shame,दुःखी 
2510,लाज,,प्रेम
2511,लाजमानी,shame,प्रेम
2512,लाजमानी,shame,प्रेम
2513,लाजमानी,shame,प्रेम
2514,लाजमानी,shame,प्रेम
2515,लाजले,shame,घृणा
2516,लाजले,shame,डर
2517,लाजले,shame,नकारात्मक
2518,लाजले,shame,दुःखी 
2519,लाटी,lahti,प्रेम
2520,लामो,long,आशा
2521,लालि,redness,प्रेम
2522,लालिगुराँस,,देशभक्त
2523,लालिगुराँस,nblyc,सकारात्मक
2524,लाशमा,dead body,दुःखी 
2525,लाहाइन,lahaina,प्रेम
2526,लाहुरे,gurkha,देशभक्त
2527,लाहुरै,lahurai,देशभक्त
2528,लुकाइ,hiding,डर
2529,लुकाई,hidden,नकारात्मक
2530,लुकामारी,seek,आशा
2531,लुकेको,hidden,नकारात्मक
2532,लुकेर,secretly,नकारात्मक
2533,लुक्न,shelter,सकारात्मक
2534,लुक्न,shelter,विश्वास
2535,लेक,lake,देशभक्त
2536,लेकाली,highland,देशभक्त
2537,लेखा,account,विश्वास
2538,लेखाईमा,"cover,",सकारात्मक
2539,लैजाउ,align,प्रेम
2540,लैजाउ,align,दुःखी 
2541,लैजाउला,laijaula,हर्ष
2542,लोभहरु,lobhaharu,नकारात्मक
2543,लोभिएर,hoped that,नकारात्मक
2544,लोभिन्छौ,lobhinchau,नकारात्मक
2545,लोभी,greedy,घृणा
2546,लोभी,greedy,नकारात्मक
2547,लोभ्याइ,lobhyai,नकारात्मक
2548,ल्याएथे,lyaethe,सकारात्मक
2549,वओउन्डरफुल,vaoundaraphula,सकारात्मक
2550,वचन,word,सकारात्मक
2551,वचन,word,विश्वास
2552,वर,bridesmaid,हर्ष
2553,वर,bridesmaid,सकारात्मक
2554,वर,bridesmaid,विश्वास
2555,वरपिपललाई,varapipalalai,प्रेम
2556,वरिपरि,around,विश्वास
2557,वरिपरी,around,सकारात्मक
2558,वर्षा,rain,दुःखी 
2559,वल्दो,valdo,देशभक्त
2560,वसमा,janoah,नकारात्मक
2561,वाक्,speech,सकारात्मक
2562,वाचा,covenant,सकारात्मक
2563,वाचा,covenant,विश्वास
2564,वाधा,forbidding,रिस
2565,वाधा,forbidding,डर
2566,वाधा,forbidding,नकारात्मक
2567,वास,habitat,सकारात्मक
2568,विगतबाट,AHEAD,सकारात्मक
2569,विगतबाट,AHEAD,सकारात्मक
2570,विघ्न,disruption,रिस
2571,विघ्न,disruption,डर
2572,विघ्न,disruption,नकारात्मक
2573,विघ्न,disruption,आश्चर्य
2574,विघ्न,disruption,दुःखी 
2575,विचार,idea,सकारात्मक
2576,विचार,,नकारात्मक
2577,विना,without,दुःखी 
2578,विपना,bipana,प्रेम
2579,विपनामा,alko,सकारात्मक
2580,विर,senior,देशभक्त
2581,विरता,virata,देशभक्त
2582,विरह,separation,दुःखी 
2583,विरहीले,birahi,दुःखी 
2584,विरानो,extended,दुःखी 
2585,विलाई,villi,दुःखी 
2586,विशाल,great,देशभक्त
2587,विशालता,immensity,देशभक्त
2588,विश्वास,trust,विश्वास
2589,विश्वासको,faith,आशा
2590,विश्वासको,faith,हर्ष
2591,विश्वासको,faith,सकारात्मक
2592,विश्वासको,faith,विश्वास
2593,विषाद,depression,नकारात्मक
2594,विषाद,depression,दुःखी 
2595,विस्वासमा,biswas,विश्वास
2596,विहान,morning,दुःखी 
2597,विहानी,morning,प्रेम
2598,विहानी,morning,हर्ष
2599,वीर,heroic,हर्ष
2600,वीर,heroic,सकारात्मक
2601,वीर,heroic,विश्वास
2602,वीर,,देशभक्त
2603,वीरहरूका,the mighty,देशभक्त
2604,वैज्ञानिक,scientist,आशा
2605,वैज्ञानिक,scientist,सकारात्मक
2606,वैज्ञानिक,scientist,विश्वास
2607,वैंश,vainsa,प्रेम
2608,व्यथा,soreness,घृणा
2609,व्यथा,soreness,नकारात्मक
2610,व्यथा,soreness,दुःखी 
2611,व्यर्थको,futile,नकारात्मक
2612,व्यर्थको,futile,दुःखी 
2613,व्यर्थै,without,प्रेम
2614,व्यर्थ्यै,vyarthyai,नकारात्मक
2615,शंका,doubt,डर
2616,शंका,doubt,नकारात्मक
2617,शंका,doubt,दुःखी 
2618,शंका,doubt,विश्वास
2619,शंकै,era,दुःखी 
2620,शक्तिको,power,सकारात्मक
2621,शक्तिको,,देशभक्त
2622,शब्द,word,सकारात्मक
2623,शब्द,word,विश्वास
2624,शरण,shelter,सकारात्मक
2625,शरण,shelter,विश्वास
2626,शरीर,body,प्रेम
2627,शान,scintillation,देशभक्त
2628,शान्त,quiet,सकारात्मक
2629,शान्त,quiet,दुःखी 
2630,शान्त,,देशभक्त
2631,शान्ति,peace,आशा
2632,शान्ति,peace,हर्ष
2633,शान्ति,peace,सकारात्मक
2634,शान्ति,,देशभक्त
2635,शान्ति,peace,विश्वास
2636,शान्तिभूमि,santibhumi,देशभक्त
2637,शान्ती,peace,आशा
2638,शान्ती,peace,हर्ष
2639,शान्ती,peace,सकारात्मक
2640,शान्ती,peace,विश्वास
2641,शिखर,summit,देशभक्त
2642,शिखर,summit,देशभक्त
2643,शिखरमा,height,देशभक्त
2644,शिखरमा,,सकारात्मक
2645,शित,Dew,दुःखी 
2646,शितै,free and,हर्ष
2647,शिर,head,प्रेम
2648,शिलामा,stone mentions,देशभक्त
2649,शिवले,shiva,देशभक्त
2650,शिवले,,सकारात्मक
2651,शिशीर,sisira,दुःखी 
2652,शिसैकाट्योनी,sisaikatyoni,नकारात्मक
2653,शीतल,cool,सकारात्मक
2654,शुभ,good,आशा
2655,शुभ,good,हर्ष
2656,शुभ,good,सकारात्मक
2657,शुभ,good,आश्चर्य
2658,शुभ,good,विश्वास
2659,शुभकामना,greeting,सकारात्मक
2660,शुभकामना,greeting,आश्चर्य
2661,श्रद्धा,reverence,हर्ष
2662,श्रद्धा,reverence,सकारात्मक
2663,श्रद्धा,reverence,विश्वास
2664,श्रद्धाको,admiration,हर्ष
2665,श्रद्धाको,admiration,सकारात्मक
2666,श्रद्धाको,admiration,विश्वास
2667,श्राप,curse,रिस
2668,श्राप,curse,घृणा
2669,श्राप,curse,डर
2670,श्राप,curse,नकारात्मक
2671,श्राप,curse,दुःखी 
2672,श्रीमान्,husband,प्रेम
2673,श्वास,breathing,प्रेम
2674,श्वास,,हर्ष
2675,श्वासमा,to saturate,प्रेम
2676,सकिन,could,नकारात्मक
2677,संकै,sankai,नकारात्मक
2678,संकोच,hesitation,डर
2679,संकोच,hesitation,नकारात्मक
2680,सक्दिन,can not,दुःखी 
2681,सगरमाथा,everest,देशभक्त
2682,संगसंगै,embed,प्रेम
2683,संगालेको,bundled,सकारात्मक
2684,संगीत,music,हर्ष
2685,संगीत,music,सकारात्मक
2686,संगीत,music,दुःखी 
2687,संगीतको,music,हर्ष
2688,संगीतको,music,सकारात्मक
2689,संगीतको,music,दुःखी 
2690,संगीतको,music,प्रेम
2691,संगीतको,music,देशभक्त
2692,संगै,together,सकारात्मक
2693,संघर्षका,conflict,रिस
2694,संघर्षका,conflict,डर
2695,संघर्षका,conflict,नकारात्मक
2696,संघर्षका,conflict,दुःखी 
2697,सङ,seung,सकारात्मक
2698,सजाई,decorated,हर्ष
2699,सजाईदिउँला,sajaidiumla,सकारात्मक
2700,सजाउंछु,sajaunchu,सकारात्मक
2701,सजाऊ,sajau,दुःखी 
2702,सजिएको,blossoming,प्रेम
2703,सजिएर,daura,प्रेम
2704,सजिलै,easily,सकारात्मक
2705,सजिलो,easy,सकारात्मक
2706,सताइ,satai,नकारात्मक
2707,सति,sati,सकारात्मक
2708,सत्कारमा,hospitality,सकारात्मक
2709,सत्य,truth,सकारात्मक
2710,सत्य,truth,विश्वास
2711,सत्रु,an enemy,डर
2712,सत्रु,,रिस
2713,सदभाव,harmony,हर्ष
2714,सदभाव,harmony,सकारात्मक
2715,सदभाव,harmony,विश्वास
2716,सदभाव,harmony,प्रेम
2717,सदभाव,harmony,दुःखी 
2718,सदभाव,harmony,हर्ष
2719,सदभाव,harmony,सकारात्मक
2720,सदभाव,harmony,विश्वास
2721,सदभाव,harmony,प्रेम
2722,सदर,chief,सकारात्मक
2723,सदा,ever,विश्वास
2724,सद्भाव,good,आशा
2725,सद्भाव,good,हर्ष
2726,सद्भाव,good,सकारात्मक
2727,सद्भाव,good,आश्चर्य
2728,सद्भाव,good,विश्वास
2729,सधैँ,always,विश्वास
2730,सँधै,always,सकारात्मक
2731,संध्यामा,evening,प्रेम
2732,सन्कोच,sankoca,दुःखी 
2733,सन्जोग,accident,डर
2734,सन्जोग,accident,नकारात्मक
2735,सन्जोग,accident,दुःखी 
2736,सन्जोग,accident,आश्चर्य
2737,सन्तान,children,हर्ष
2738,सन्तान,children,प्रेम
2739,सन्तान,children,देशभक्त
2740,सपनाकि,sapanaki,प्रेम
2741,सपनामा,dream,प्रेम
2742,सपनामा,dream,आशा
2743,सपनाहरु,dreams,प्रेम
2744,सपनी,sapani,प्रेम
2745,सपनी,,हर्ष
2746,सपनी,,दुःखी 
2747,सपनीलाई,sapanilai,प्रेम
2748,सफा,clean,हर्ष
2749,सफा,clean,सकारात्मक
2750,सफा,clean,विश्वास
2751,सब,all,सकारात्मक
2752,सबॆ,sabe,सकारात्मक
2753,सबेर,sooner,आशा
2754,सभ्यता,civilization,सकारात्मक
2755,सभ्यता,civilization,विश्वास
2756,सभ्यता,,देशभक्त
2757,समझना,understanding,सकारात्मक
2758,समझना,understanding,विश्वास
2759,समय,time,आशा
2760,समयले,time,आशा
2761,समाऊ,hold,सकारात्मक
2762,समाऊ,,विश्वास
2763,समुन्द्र,sea,सकारात्मक
2764,समुन्द्र,sea,सकारात्मक
2765,समुन्द्र,sea,देशभक्त
2766,समुन्द्र,sea,प्रेम
2767,समेटी,retractable,सकारात्मक
2768,सम्झनलाई,painful,रिस
2769,सम्झनलाई,painful,घृणा
2770,सम्झनलाई,painful,डर
2771,सम्झनलाई,painful,नकारात्मक
2772,सम्झनलाई,painful,दुःखी 
2773,सम्झना,remember,प्रेम
2774,सम्झनाका,the memorial,दुःखी 
2775,सम्झनाका,,हर्ष
2776,सम्झिएर,more delicate,प्रेम
2777,सम्झिदेउ,samjhideu,प्रेम
2778,सम्झिरहन्छु,mentioning,प्रेम
2779,सम्झी,notice,दुःखी 
2780,सम्झी,,हर्ष
2781,सम्झे,recalled,प्रेम
2782,सम्झेर,remembering,प्रेम
2783,सम्पदाको,heritage,विश्वास
2784,सम्पदाको,heritage,देशभक्त
2785,सम्बन्ध,relationship,प्रेम
2786,सम्बन्धमा,relationship,प्रेम
2787,सम्मै,foundation,सकारात्मक
2788,सम्हाल,care,हर्ष
2789,सम्हाली,hold,प्रेम
2790,सम्हाली,hold,दुःखी 
2791,सम्हालू,samhalu,दुःखी 
2792,सम्हाल्नु,handling,दुःखी 
2793,सयपत्री,mum,डर
2794,सयपत्री,mum,नकारात्मक
2795,संयोग,combination,सकारात्मक
2796,संयोग,combination,आशा
2797,सरकार,government,डर
2798,सरकार,government,नकारात्मक
2799,सरगम,gamut,प्रेम
2800,सरगमका,gamut,सकारात्मक
2801,सरगमहरुमा,saragamaharuma,देशभक्त
2802,सरम,shame,घृणा
2803,सरम,shame,डर
2804,सरम,shame,नकारात्मक
2805,सरम,shame,दुःखी 
2806,सररर,sararara,हर्ष
2807,सरापले,blast,रिस
2808,सरापले,blast,डर
2809,सरापले,blast,नकारात्मक
2810,सरापले,blast,आश्चर्य
2811,सलल,Salal,हर्ष
2812,सलल,,प्रेम
2813,सल्केर,took place,सकारात्मक
2814,संवेगमा,fear,रिस
2815,संवेगमा,fear,डर
2816,संवेगमा,,दुःखी 
2817,संवेगमा,fear,नकारात्मक
2818,संसार,world,देशभक्त
2819,संसारलाई,world,डर
2820,संसारै,the world,देशभक्त
2821,संसारै,,प्रेम
2822,संस्कृति,culture,सकारात्मक
2823,संस्कृति,culture,देशभक्त
2824,सस्तो,cheap,नकारात्मक
2825,सहन,bear,रिस
2826,सहन,bear,डर
2827,सहर,city,प्रेम
2828,सहि,right,दुःखी 
2829,सहिदिन्छु,sahidinchu,दुःखी 
2830,सहेर,freely,हर्ष
2831,सहेर,freely,सकारात्मक
2832,सहेर,,दुःखी 
2833,सहेर,freely,विश्वास
2834,सह्रै,rigor,घृणा
2835,सह्रै,rigor,डर
2836,सह्रै,rigor,नकारात्मक
2837,साइनो,surely,सकारात्मक
2838,साइनोले,kinship,प्रेम
2839,साइँला,saila,प्रेम
2840,साइली,cowshed,प्रेम
2841,साइँली,saimli,प्रेम
2842,साउन,august,सकारात्मक
2843,साकार,realizing,सकारात्मक
2844,साक्षी,witness,विश्वास
2845,सागर,sea,सकारात्मक
2846,सागरबाट,sea,सकारात्मक
2847,सागरमा,sea,सकारात्मक
2848,साँची,impious,प्रेम
2849,साँचेर,store,प्रेम
2850,साँचो,TRUE,हर्ष
2851,साँचो,TRUE,सकारात्मक
2852,साँचो,TRUE,विश्वास
2853,साँझतिर,evening,आशा
2854,साँझमा,evening,प्रेम
2855,साँझमा,,दुःखी 
2856,साँझेको,samjheko,प्रेम
2857,साँझेको,,विश्वास
2858,साट्छे,satche,प्रेम
2859,साडीमा,saree,सकारात्मक
2860,साथ,with,प्रेम
2861,साथमा,with,प्रेम
2862,साथमै,In front,विश्वास
2863,साथि,Best Friends,हर्ष
2864,साथि,Best Friends,प्रेम
2865,साथी,friend,हर्ष
2866,साथी,friend,सकारात्मक
2867,साथी,friend,विश्वास
2868,साथीभाईको,friends to,विश्वास
2869,साथीभाईको,friends to,प्रेम
2870,साथीभाईको,friends to,हर्ष
2871,साथीले,friend,हर्ष
2872,साथीले,friend,सकारात्मक
2873,साथीले,friend,विश्वास
2874,साथैमा,relied on,प्रेम
2875,सादा,simple,सकारात्मक
2876,साधनाको,sadhana,सकारात्मक
2877,साधनाको,,प्रेम
2878,साधनाको,,हर्ष
2879,साधु,monk,सकारात्मक
2880,साधु,monk,विश्वास
2881,सान,grindstone,सकारात्मक
2882,सानी,young,आशा
2883,सानी,young,हर्ष
2884,सानी,young,सकारात्मक
2885,सानी,young,आश्चर्य
2886,सानु,sanu,प्रेम
2887,सानो,small,नकारात्मक
2888,सान्त्वना,comfort,आशा
2889,सान्त्वना,comfort,हर्ष
2890,सान्त्वना,comfort,सकारात्मक
2891,सान्त्वना,comfort,विश्वास
2892,साम्राज्य,empire,देशभक्त
2893,सारा,all,प्रेम
2894,साराले,sarah,सकारात्मक
2895,सार्योउ,saryou,दुःखी 
2896,सार्वभौम,sovereign,विश्वास
2897,सार्वभौम,sovereign,देशभक्त
2898,सालो,years,सकारात्मक
2899,सावित्री,savitri,सकारात्मक
2900,सास,mother,आशा
2901,सास,mother,हर्ष
2902,सास,mother,नकारात्मक
2903,सास,mother,सकारात्मक
2904,सास,mother,दुःखी 
2905,सास,mother,विश्वास
2906,सासले,defend the,सकारात्मक
2907,साहारा,sahara,प्रेम
2908,साहारामै,saharamai,प्रेम
2909,सिउदो,siudo,प्रेम
2910,सिउँदो,verge,आशा
2911,सिउँदो,verge,डर
2912,सिउँदो,verge,नकारात्मक
2913,सिउँदोमा,verge,आशा
2914,सिउँदोमा,verge,डर
2915,सिउँदोमा,verge,नकारात्मक
2916,सिक्ने,learning,सकारात्मक
2917,सित,with,प्रेम
2918,सित,with,प्रेम
2919,सित,with,हर्ष
2920,सिन्दुर,cork,प्रेम
2921,सिन्दुरी,sinduri,प्रेम
2922,सिमानामा,border,देशभक्त
2923,सिम्सिमे,simsime,प्रेम
2924,सिरसिरे,valley in,प्रेम
2925,सिरानी,pillow,सकारात्मक
2926,सिरानीमा,pillow,सकारात्मक
2927,सिरिरि,groaned,प्रेम
2928,सिरिरिरि,siririri,हर्ष
2929,सिरैमा,allegations,हर्ष
2930,सिलिगुरि,siliguri,प्रेम
2931,सिलिगुरि,siliguri,दुःखी 
2932,सीतल,rations,हर्ष
2933,सीताले,sita,देशभक्त
2934,सीमा,limit,देशभक्त
2935,सीमा,limit,प्रेम
2936,सुकाएर,dried,नकारात्मक
2937,सुकिली,sukili,सकारात्मक
2938,सुकिली,,हर्ष
2939,सुकुमारी,delicate,प्रेम
2940,सुकेको,dried,नकारात्मक
2941,सुख,happiness,आशा
2942,सुख,happiness,हर्ष
2943,सुख,happiness,सकारात्मक
2944,सुधार्न,improve,आशा
2945,सुधार्न,improve,हर्ष
2946,सुधार्न,improve,सकारात्मक
2947,सुधार्न,improve,विश्वास
2948,सुनको,gold,सकारात्मक
2949,सुनबुट्टे,sunabutte,प्रेम
2950,सुनसान,secluded,नकारात्मक
2951,सुनसान,secluded,दुःखी 
2952,सुनौलो,golden,हर्ष
2953,सुनौलो,,सकारात्मक
2954,सुन्दर,beautiful,हर्ष
2955,सुन्दर,beautiful,सकारात्मक
2956,सुन्दरी,belle,प्रेम
2957,सुन्दिन,audibly,नकारात्मक
2958,सुन्यता,rambling,नकारात्मक
2959,सुन्यतामा,void,दुःखी 
2960,सुम्पिदेउ,sumpideu,प्रेम
2961,सुम्पी,roll,प्रेम
2962,सुम्पीदिउँला,sumpidiumla,प्रेम
2963,सुम्पेको,given,सकारात्मक
2964,सुर,tone,प्रेम
2965,सुरमा,antimony,सकारात्मक
2966,सुरुवात,started,सकारात्मक
2967,सुरुवात,started,आशा
2968,सुर्ता,Sorrow,डर
2969,सुर्ता,Sorrow,नकारात्मक
2970,सुर्ता,Sorrow,दुःखी 
2971,सुर्य,surya,हर्ष
2972,सुवाश,suvasa,प्रेम
2973,सुसन्देश,merciful,सकारात्मक
2974,सुसेली,whistling,हर्ष
2975,सुस्तरी,gentle,सकारात्मक
2976,सुस्तरी,,दुःखी 
2977,सुस्ताएझै,sustaejhai,प्रेम
2978,सुहाको,sweet,आशा
2979,सुहाको,sweet,हर्ष
2980,सुहाको,sweet,सकारात्मक
2981,सुहाको,sweet,आश्चर्य
2982,सुहाको,sweet,विश्वास
2983,सूरिलो,surilo,हर्ष
2984,सृष्टिको,creation,सकारात्मक
2985,सृस्टीको,srstiko,देशभक्त
2986,सॅगै,segai,प्रेम
2987,सेतै,white,आशा
2988,सेतै,white,हर्ष
2989,सेतै,white,सकारात्मक
2990,सेतै,white,विश्वास
2991,सेतो,white,आशा
2992,सेतो,white,हर्ष
2993,सेतो,white,सकारात्मक
2994,सेतो,white,विश्वास
2995,सोचे,thought,आशा
2996,सोध्नु,ask,सकारात्मक
2997,सोध्लिननी,sodhlinani,सकारात्मक
2998,सोल्टिनिको,soltiniko,प्रेम
2999,सौन्द्रय,saundraya,प्रेम
3000,सौभाग्य,good luck,सकारात्मक
3001,स्नेहको,affection,हर्ष
3002,स्नेहको,affection,सकारात्मक
3003,स्नेहको,affection,विश्वास
3004,स्पर्स,Spurs,दुःखी 
3005,स्याबास्स,syabassa,सकारात्मक
3006,स्राप,srapa,नकारात्मक
3007,स्राप,,दुःखी 
3008,स्वच्छन्द,promiscuous,नकारात्मक
3009,स्वच्छन्द,promiscuous,प्रेम
3010,स्वछन्द,loose,हर्ष
3011,स्वतन्त्र,free,देशभक्त
3012,स्वदेश,home,देशभक्त
3013,स्वयम्बरको,svayambarako,प्रेम
3014,स्वर,voice,प्रेम
3015,स्वर्ग,heaven,हर्ष
3016,स्वर्गमै,heaven,प्रेम
3017,स्वर्गे,to heaven,सकारात्मक
3018,स्वाभिमानी,proud,आशा
3019,स्वाभिमानी,proud,हर्ष
3020,स्वाभिमानी,proud,सकारात्मक
3021,स्वाभिमानी,proud,विश्वास
3022,स्वामी,lord,घृणा
3023,स्वामी,lord,नकारात्मक
3024,स्वामी,lord,सकारात्मक
3025,स्वामी,lord,विश्वास
3026,स्वार्थी,selfish,रिस
3027,स्वार्थी,selfish,घृणा
3028,स्वार्थी,selfish,नकारात्मक
3029,स्विकार्छन,svikarchana,सकारात्मक
3030,हक,right,सकारात्मक
3031,हजुर,yes,प्रेम
3032,हजुरको,your search,सकारात्मक
3033,हजुरलाई,lions,प्रेम
3034,हजूर,sir,सकारात्मक
3035,हजूर,sir,विश्वास
3036,हतारमा,hasty,नकारात्मक
3037,हत्या,killing,रिस
3038,हत्या,killing,डर
3039,हत्या,killing,नकारात्मक
3040,हत्या,killing,दुःखी 
3041,हम्म्म,hmm,दुःखी 
3042,हरपल,seek to,प्रेम
3043,हरयाली,Green peace,प्रेम
3044,हरायो,lost,नकारात्मक
3045,हरायो,lost,दुःखी 
3046,हरियाली,greenery,हर्ष
3047,हरियाली,greenery,प्रेम
3048,हरियाली,greenery,देशभक्त
3049,हल्ला,rumors,दुःखी 
3050,हल्ला,rumors,नकारात्मक
3051,हसाउछ,hasaucha,हर्ष
3052,हाआ,haa,हर्ष
3053,हात्ती,elephant,आशा
3054,हान्ने,shooting,रिस
3055,हान्ने,shooting,डर
3056,हान्ने,shooting,नकारात्मक
3057,हाम्रो,our,प्रेम
3058,हारे,losses,देशभक्त
3059,हारे,losses,दुःखी 
3060,हारे,losses,प्रेम
3061,हारेन,weakened,नकारात्मक
3062,हारेन,weakened,नकारात्मक
3063,हावा,wind,दुःखी 
3064,हाँवा,hamva,प्रेम
3065,हाँसिदिनु,hamsidinu,हर्ष
3066,हाँसिदिनु,,सकारात्मक
3067,हाँसिदेऊ,hamsideu,सकारात्मक
3068,हाँसिदेऊ,,हर्ष
3069,हाँसी,gladly,हर्ष
3070,हाँसे,howl,हर्ष
3071,हाँसे,howl,सकारात्मक
3072,हाँसेको,yuck,हर्ष
3073,हासेर,hazer,हर्ष
3074,हाँसेर,with a smile,हर्ष
3075,हासो,Hasso,हर्ष
3076,हासो,,प्रेम
3077,हाँसो,laughter,आशा
3078,हाँसो,laughter,हर्ष
3079,हाँसो,laughter,सकारात्मक
3080,हाँसो,laughter,आश्चर्य
3081,हाँसोमा,scoff,हर्ष
3082,हाँसोमा,scoff,हर्ष
3083,हाँसोमा,scoff,हर्ष
3084,हाँस्छ,laughs,हर्ष
3085,हाँस्छ,,सकारात्मक
3086,हास्न,laugh,हर्ष
3087,हास्न,laugh,सकारात्मक
3088,हास्न,laugh,आश्चर्य
3089,हाँस्न,laugh,हर्ष
3090,हाँस्न,laugh,सकारात्मक
3091,हाँस्न,laugh,आश्चर्य
3092,हाँस्नुपर्‍याछ,hamsnuparyacha,आशा
3093,हाँस्यो,disdained,हर्ष
3094,हाँस्यो,disdained,प्रेम
3095,हिडिरहेछु,hidirahechu,आशा
3096,हिँडिरहेछु,himdirahechu,आशा
3097,हितकारी,benefit,सकारात्मक
3098,हिमाल,mountain,देशभक्त
3099,हिमालको,mountain,आशा
3100,हिमालचुली,himalchuli,देशभक्त
3101,हिमालमा,mountains,देशभक्त
3102,हिमाललाई,mountain,देशभक्त
3103,हिरा,diamond,हर्ष
3104,हिरा,diamond,सकारात्मक
3105,हिरो,hero,आशा
3106,हिरो,hero,हर्ष
3107,हिरो,hero,सकारात्मक
3108,हिरो,hero,आश्चर्य
3109,हिरो,hero,विश्वास
3110,हिलो,hilo,नकारात्मक
3111,हिसाब,calculation,आशा
3112,हुदैन,no,नकारात्मक
3113,हुदो,excruciating,डर
3114,हुदो,excruciating,नकारात्मक
3115,हुन्,are,सकारात्मक
3116,हुरी,wind,दुःखी 
3117,हृतु,hrtu,हर्ष
3118,हृदय,heart,प्रेम
3119,हृदयको,heart,प्रेम
3120,हेप्पी,happy,आशा
3121,हेप्पी,happy,हर्ष
3122,हेप्पी,happy,सकारात्मक
3123,हेप्पी,happy,विश्वास
3124,हेय,disdainful,दुःखी 
3125,हेराईमा,visually,प्रेम
3126,हेरि,seal,सकारात्मक
3127,हेरि,seal,विश्वास
3128,हेरी,harry,प्रेम
3129,हेरी,harry,सकारात्मक
3130,हेरी,harry,विश्वास
3131,हेरेको,watch,आशा
3132,हेरेको,watch,डर
3133,हेर्योउ,heryou,दुःखी 
3134,हेर्राईमा,herraima,प्रेम
3135,हेर्राईमा,,दुःखी 
3136,होओओओओ,hooooo,हर्ष
3137,होस,caution,रिस
3138,होस,caution,आशा
3139,होस,caution,डर
3140,होस,caution,नकारात्मक
3141,होसै,carelessly,प्रेम
3142,ह्यान्डसम,hyandasama,सकारात्मक
3143,ह्रदय,heart,प्रेम
3144,ह्रिदयका,forgiveness of,प्रेम
3145,baby,baby,हर्ष
3146,baby,baby,सकारात्मक
3147,darling,darling,हर्ष
3148,darling,darling,सकारात्मक
3149,darling,darling,विश्वास
3150,falling,falling,नकारात्मक
3151,falling,falling,दुःखी 
3152,female,female,सकारात्मक
3153,home,home,प्रेम
3154,sad,sad,दुःखी 
3155,shining,shining,आशा
3156,shining,shining,हर्ष
3157,shining,shining,सकारात्मक
