"","lyrics","title","artist","sentiment"
"1","जस ग ज भ जासुक लैजाउ लाइ
य   े ेपाल 
जस ग ज भ जासुक लैजाउ लाइ
य   े ेपाल 

 ्व  ,हा् पु्खा
क ब्य्था सहे
क ब्य्था सहे
इिहास कथा  खेक 
इिहास कथा  खेक 

जस ग ज भ जासुक लैजाउ लाइ
य   े ेपाल 
जस ग ज भ जासुक लैजाउ लाइ
य   े ेपाल 
  लडॉइक ैदा भागिदिं
  सुक ाज बिक दिं
  लडॉइक ैदा भागिदिं
  सुक ाज बिक दिं
आफ् क् अटल हे
आफ् पसि बिश्स ाख
् य   ेो, ेपाल 

  क ोसा बाचिदिं
  आफ् ा गु् दिं
  क ोसा बाचिदिं
  आफ् ा गु् दिं
हिाल झ च्ल सफा  ाी
आश झ फिजि बि  बिशाल
य   ेो, ेपाल 

जस ग ज भ जासुक लैजाउ लाइ
य   े ेपाल 
जस ग ज भ जासुक लैजाउ लाइ
य   े ेपाल 

 ्व  ,हा् पु्खा
क ब्य्था सहे
क ब्य्था सहे
इिहास कथा  खेक 
इिहास कथा  खेक 
जस ग ज भ जासुक लैजाउ लाइ
य   े ेपाल 
जस ग ज भ जासुक लैजाउ लाइ
य   े ेपाल ","Yo maan ta mero nepali ho","1974 ad","देश्भक्ती"
"2","पेल लु ाख ।
अंगालो  बाँध ाख।
  देउ ोक  ोक।
उड्  देउ आश क च जस् लाइ।
(chorus)बाँधे ाख ि् ुटुा,
य  ि् धड्क ।
साँचे ाख ि् आँखाा,
य  ि् साहाा ।…२
 भि् साँच ाख ।
आँखा भि् अल्झा ाख।
् देउ  ि् आँखा ा।
बास बस् देउ ि् हृदयक धुकधुक ा।
पेल लु ाख ।
अंगालो  बाँध ाख।
  देउ ोक  ोक।
उड्  देउ आश क च जस् लाइ। ","Parelima","1974 ad","प्रेम"
"3","ा  च्द् सु्य जङ्ग िशा हा्ो 
जिउंद ग स य वल्द य शा हा्ो 
ा  च्द् सु्य 

हिाल झ अटल य झु य  
ल्े य कह जङ्ग िशा हा्ो 
य ज्द जग कय प्हा  
सा्ाज्य दु हा हाे य शा हा्ो 
ा  च्द् सु्य जङ्ग िशा हा्ो 
जिउंद ग श् य वल्द य शा हा्ो 
ा  च्द् सु्य 

 स् च्द्  सु्य आश ह् 
ब स् हु् आफ् ा ग य हा्ो 
गा सा  साध ज ज  जगा 
सबक शण बलिय जङ्ग िशा हा्ो 
ा  च्द् सु्य जङ्ग िशा हा्ो 
जिउंद ग स य वल्द य शा हा्ो 
ा  च्द् सु्य","Rato ra Chandra Surya","1974 ad","देश्भक्ती"
"4","टाढा धे टाढा उडे ंगी चा
ध् कह फि्ला्
आशक ल ैल हटि
घा  कह खुल्ला्
टाढा धे टाढा उडे ंगी चा
ध् कह फि्ला्

संघा क आाक ा
हु चक आवेगा
संघा क आाक ा
हु चक आवेगा
् लाग् य घसंसा
जलिहे संवेगा
आज हा ाझ बल्झे पि साा
व कह झ्ला्
 च्द् सु्य च्क सी
ुस् कह ्ला्
ुस् कह ्ला्

्ा  पहिल्उँद ्ि
दि पुग् ुलोा
्ा  पहिल्उँद ्ि
दि पुग् ुलोा
घ पि् बाधा अड्च
्ा दिउँ दोोा
गाढा धे गाढा युगौँक भाइा
ोडे ोडि् द
पहाड धेश धु अेक
ाचौँ  ि 
ाचौँ  ि 
ाचौँ  ि 
ाचौँ  ि 
ाचौँ  ि 
ाचौँ  ि 
ाचौँ  ि ","Rangeen Chara","Nepathya","दुःखी"
"5","
आग भ हिउँ  झे
आ फूल ह टिप ाख है
क भ बैस फ ाक ुस्ा
स्झिदेउ, सु्पिदेउ य व हाी
 
खो ा सुसा दि् ि् सगहुा (x2)
चाँद ा प्ख बस है
य जीव  आउँ बादल भै
्य ाइल गाँवैा (x2)
 
ेा य ा द बििहे
भाव हा् प्े सजाइ ाख है
य जीव  आउँ बादल भै
य ाइल गाँवैा (x2)","आगनै भरी","Nepathya","हर्ष"
"6","
हा...
अभाव भ
िीबि य जीव
अभाव अभाव भ
िीबि य जीव
क ब्यथा कस पोखुँ
 जाउँ कस सुाउँ
े य कहाी...
हे...हा...
 
ा भ जाग हें
स्झदैं  दिहु
कल्प डुब हँदा
थाह पा िदाँएु
ि्िे बिउँझिएु
ि् ा लिए...
हे...हा...","अभाव अभावै भयो","Nepathya","दुःखी"
"7","
बि्  े ए े ालु
एउटा चिट्ठ  पठाईदेउ
ि्ा ह्िदय साा भाहु
्यह चिट्ठी  पठाईदेउ
 
जीव पहिल ज
बल ि हेें
क य खाल ठाउँा
ि् स्बि ें...
 
चौाीक डिल बसी
ए े ालु
धे धे चिट्ठ ि ें
 
ि्ा ह्िदय साा भाहु
्यह चिट्ठी  पठाईदेउ
 पठाईदेउ...","बिन्ति छ मेरो","Nepathya","प्रेम"
"8","ए लजा ाक चुल्ब ि् ुहा
कस् ा् ौ
कस् ा् ौ
 
हिल चिबा ्दा िी
लाजा हाँस हाँसी
लुक लुक चि हें
 
ि भ  ा साँच खे
 ि ै
जीव सु्प स
 
ए लजा ाक चुल्ब ि् ुहा
कस् ा् ौ
कस् ा् ौ","ए लजाउने","Nepathya","प्रेम"
"9","गण्डकीक ि लुिप खे
फे ाल डुंगा बााह ्दि घुे
बि्स देउ बि्स देउ बि्स देउ बि्स देउ
 
ुट े ि पाे
जाउ ाड  डाँडा टे
जीव े उदास  ह ि स्झे
 
गण्डकीक ि लुिप खे
फे ाल डुंगा बााह ्दि घुे
बि्स देउ बि्स देउ बि्स देउ बि्स देउ
 
हाँस ोद सब लिए
प्ख बस् ि स्झे
हाँस उडाइ देउ ह पाइ स्झे
 
गण्डकीक ि लुिप खे
फे ाल डुंगा बााह ्दि घुे
बि्स देउ बि्स देउ बि्स देउ बि्स देउ","गण्डकीको तिरैमा","Nepathya","दुःखी"
"10","जू झ शिलु...
घा झ पािलो...
 जाउँ िी
दाहि च्द् पोस्
शा्ि...
दुब जस् फैलिदैं जाउ
पा जस् ल्दैं जाउ
ब-पिपल झैं ेो
देउाल ा आउ
 
दि दैं बादलु
हिाल ेक क भो
आखि भोल उल 
हु दैं 
 बाझ् हु
आपस धे ला्
आफ् स्झि
बि्स दि चुपचाप
आज ्
 
ि्ि िस्क 
दि भ क् ्दै
साँझ घ फि् पाउँ
ि हा े  ि
य देश ं ह स्","जून झै शितलु","Nepathya","देश्भक्ती"
"11","ल हेह चोक डो
सा ा हेह लगा धो
पुग्द ् प क् हे
भ ल्ट बोब ढाटी
बग्य खो बेस घ स्ै
ि् ा कज ट्ै
आँखै  गाजल ल
भ ा दिउँ क 
बैस बैस ् प क्े
ा चोल पाखु टिीक्कौ
बस्य ा अाख झििक्कै
क ् क्कल बाि
प्ख ि ोइह पाि
बैस बैस ् प क्े","लेकाली","Nepathya","हर्ष"
"12","ि् आगक आभाषा  ी
धे धे गी गाएँ
बुझा देउ य बह दि ा िी
 
दुलह झ सजि बस िी
बाा  लि आेु
स्वय्बक  पहिाई
अङ्गा ला् िी
 
ओइला देउ ह यौव
 पाइदै य जीव
अल्ल  इ हाी
स्च लि बस िी
 
ि् आगक आभाषा  ी
धे धे गी गाएँ
बुझा देउ य बह दि ा िी","तिम्रो आगमनको","Nepathya","प्रेम"
"13","च ्य शिशैक गोलि
ा बस्य ्य ीठ बोली
ा  उडाय ेलै
 
ालक ाा  ग् सक्दै
जा सा ा दै
ा  उडाय ेलै
 
ि् ा  कस खाँदै
ि बि  बाँच् सक्दि
ा  उडाय ेलै","उडायो रेलैले","Nepathya","प्रेम"
"14","प्ख बस आ भि
े उठ पालो
े उठ पालो

कु्दा कु्द जि्दग ै
भ  लो..लो
भ  लो
े उठ पालो

 पा अँध्  आँखा खोल हे्दा
अँध्  ि्  आँखा चि्ल हे्दा

 पा अँध्  आँखा खोल हे्दा
अँध्  ि्  आँखा चि्ल हे्दा

आफ् ाँ आफ  भाग हिँड् ठाल्
भाग हिँड् ठाल्
आफ् ाँ आफ बोझ लाग् ठाल्य ठाल्
बोझ लाग् ठाल्
बोझ लाग् ठाल्

ा हाँ बहिदि् ुट पोल् ी
िाशाक दिय बल् ि जल् ी
ा हाँ बहिदि् ुट पोल् ी
िाशाक दिय बल् ि जल् ी

व्ष भय चक   भि् य आँधी
 भि् य आँधी
बाँध् बाँच् प्य चाह बाँध बाँधी
चाह बाँधी
चाह बाँधी

प्ख बस आ भि
े उठ पालो
े उठ पालो","Parkhi Basen","Narayan Gopal","दुःखी"
"15","ा्ेक ा 
खोलाक पा 
ाा ो भाग्े
लहेक बा 

ा्ेक ा 
आँखाक ा 
य ा फ आे
सु्द विहा 
ा  वक आवेश ा्  
ि्खाक अ्क ा्  भेष ा्  
 भेष ा्  
ि् हेा बल आँखा  ुट ै
ि् बो स्व  ढुकढक ह ै
ा्ेक ा 
खोलाक पा 
ाा ो भाग्े
लहेक बा 

ाक विशाला य आश ध्  
ा  साँच्च सु्द ाक ु्  
सु्द ाक ु्  
ि पा आ दि शिस 
ि हा सद्भाव दि शिस 
ा्ेक ा  आँखाक ा 
ा्ेक ा  खोलाक पा 
य ा फ आ सु्द विहा 
ाा ो भाग् लहेक बा ","Manchhe Ko Maya Yahan","Narayan Gopal","प्रेम"
"16","झेक पा झैँ भय उजाड े जि्दगी
िभेक दिप झैँ भय उदास े जि्दगी
झेक पा झैँ भय उजाड े जि्दगी

चुा फुटेस भय चा उडी
चुा फुटेस भय चा उडी
हजा पि ुस्उँद झे
उठेक बस् झैँ भय प्स े जि्दगी

विहा ह्ष  थिय ज साँझ भैसक्
विहा ह्ष  थिय ज साँझ भैसक्
भिक पा पा िशादक कथा 
अधेँ ा झैँ भय विषाद े जि्दगी

जलिहे  भि् भि् कहिँ ाीा
जलिहे  भि् भि् कहिँ ाीा
टुटेफुटे स्वप् झैँ अँगाा् ाीा
जिव बज स भय उाठ े जि्दगी
िभेक दिप झैँ भय उदास े जि्दगी
झेक पा झैँ भय उजाड े जि्दगी","Jhareko Paat","Narayan Gopal","दुःखी"
"17","ज्े ख ज्े ख 
हु्क् ख 
भाग्यक खा 
भाव क खिदि
ज्े ख 
हु्क् ख 
भाग्यक खा 
भाव क खिदि
ज्े ख 

कस् ोडेक कस् ास 
जि्दगीक अौठ ाा
क ह आफ् क ह विाो
क  य गक ाा
क  य गक ाा
ज्े ख 
हु्क् ख 
भाग्यक खा 
भाव क खिदि
ज्े ख 

खोज हिँड्द आाक ् ख
ाल हा 
भाग्य सब  पुग् 
संसा विध खे
संसा विध खे
ज्े ख 
हु्क् ख 
भाग्यक खा 
भाव क खिदि
ज्े ख 

कस् पि य सय दिो
भुदे सय दि
भुक सप झस्उँ दि
िए ्य घाउ दि
िए ्य घाउ दि
ज्े ख 
हु्क् ख 
भाग्यक खा 
भाव क खिदि","Janmera Kokhma","Narayan Gopal","दुःखी"
"18","्दि  क ु् ा
्दि  क ु् ा
प्थ  क धुल ा
ह  ा ह  बा
ख   
  ा
ख   
  ा
्दि  क ु् ा

 अ्जुल ाक लािग
पलपल हृदय च्क्
 अ्जुल ाक लािग
पलपल हृदय च्क्
सा  भद ब आँखा
सा  भद ब आँखा
ब्ष ब्ष बस््
ब्ष ब्ष बस््

हाँस  क आँश ा
फुल  क ँडा ा
ह  ा ह  बा
ख   
  ा
ख   
  ा
्दि  क ु् ा

एउट आ जिउँद जल्े
ोाक ााा
एउट आ जिउँद जल्े
ोाक ााा
एउटा ो े बाँच्
एउटा ो े बाँच्
आाक सप विपाा
आाक सप विपाा
ग  क ाा ा
विस्स  क बाचा ा
ह  ा ह  बा
ख   
  ा
ख   
  ा
्दि  क ु् ा","Mandir Ma Chha Ki Murti Ma Maya","Narayan Gopal","दुःखी"
"19","श्द्धाक फूल चढा दि आ लाशा 
पा फूल भैगय ि ोइ दि आशा 
स्झ्  ि ो कल हा 
ाल ाख ा य े हा ला 
दि सब गुहा हा् ेल ा 
पा फूल भ गय ि ोइ दि आशा 
े क भ देह य े आ्  ्दै 
पि चोख ला  ब्ध प्दै 
प्कृ फूल ओइल झ् दिलक झ्दै 
पा फूल भ गय ि ोइ दि आशा 
श्द्धाक फूल चढा दि आ लाशा","Shradhdha ko phool","Narayan Gopal","दुःखी"
"20","झ्य जि्दग फुट्य जि्दगी
ल् आँखा बल्य जि्दगी
झ् य जि्दग फुट्य जि्दगी
ल् आँखा बल्य जि्दगी
झ्य जि्दग फुट्य जि्दगी
ँडा हाँसेक िठ जि्दगी
सप ाचेक झुट जि्दगी
ँडा हाँसेक िठ जि्दगी
सप ाचेक झुट जि्दगी
गहाक दह डुब्य जि्दगी
झ्य जि्दग फुट्य जि्दगी
पि ेक खाल जि्दगी
विह ु प् जि्दगी
पि ेक खाल जि्दगी
विह ु प् जि्दगी
आज आफ् ा दुख्य जि्दगी
झ्य जि्दग फुट्य जि्दगी
ल् आँखा बल्य जि्दगी
झ्य जि्दग फुट्य जि्दगी","Jharyo Jindagi","Narayan Gopal","दुःखी"
"21","(य धे ा दीइ
 भ दुख देउ) २
 व प फुल्े
प टिप सि लाउ
य धे ा दीइ
 
(ज भाज्ञ्य िा
सुख दुख स्वि्) २
ह िा पल
ह िठा पल
सब सब स्वि्
 हा प्सस् 
भ सा््व  देउ
य धे ा दीइ
 
(य  क ँडा
क फुल टिप हिँडे) २
क पा आफ् े
क आफ् पा भेटे
य जि्दगीक ोडा
भ साहा  देउ
 
(य धे ा दीइ
 भ दुख देउ) २
 व प फुल्े
प टिप सि लाउ
य धे ा दीइ","यती धेरै माया","Narayan Gopal","हर्ष"
"22","अल्झे क् प्यौ ि् चिक बुटाा
बल्झे क् सिलक ँडा कलिल खुट्टाा
अल्झे क् प्यौ ि् चिक बुटाा
 
आउँथ्य क चेल भ आ दो धा की
ीज प बि्सि क् िब ाईी
सल् झैं आा... सुसा हि् ्ल ठाा
अल्झे क् प्यौ ि् चिक बुटाा
 
ो आषिस थाप् पाई अ्ि लैा
भ्थे बाबा आँश झा टिक थालीा
्यह आँश टि... पठाईदिँ क सालक पाा
अल्झे क् प्यौ ि् चिक बुटाा
 
भ्थे दा भाईटि बहि फ्ला
क्षििज जस् िधा हा् इ्द्ेण ल्ला
दिभ ग... का ह्य बेलक ठुटाा
 
अल्झे क् प्यौ ि् चिक बुटाा
बल्झे क् सिलक ँडा कलिल खुट्टाा
अल्झे क् प्यौ ि् चिक बुटाा","अल्झेछ क्यारे पछ्यौरी","Narayan Gopal","दुःखी"
"23","(आँखा ोप ोउ भ भ्ुप्‍
ुटुाथ ढुंगा ाख हाँस्ुप्‍ ) x2
 
(भोल उठ   ह थाहा ै
फ्क आ ह क ई ह थाहा ै) x2
चा िट आउ भ ्ुप्‍
ुटुाथ ढुंगा ाख हाँस्ुप्‍
 
(ाीभ गाँउ-बेश पखेीक ाँ
आखाँभ ेलापा ालुक ा) x2
आफ ाड क ुप्‍
ुटुाथ ढुंगा ाख हाँस्ुप्‍
 
(भ्  क थिय ा भि् ह्
पेली  आँश झ ह्) x2
कुलचि आफ हिड्ुप्‍
ुटुाथ ढुंगा ाख हाँस्ुप्‍","आँखा छोपी नरोउ भनी","Narayan Gopal","दुःखी"
"24","(जू फूल  चाहेक ँ कस टिपे
सौ्द्य ब ्य सध े आँखा लु) २
 
(सुख  दुख ाल दि जीव ्य ) २
दि ा    टाढा भ गैदि
बिा ब प््येक पल े य ्य्ट धड््
बिे ि पुा कुक् स्झा ड्पि्
 
(बाँच  ह्य बल चाह ुट चोट पाी) २
्य े थिय स्ेहक दिय क हिी
च्क ा डिदि फे बस्  क  
 ह बिह ब्यथा भ्  क  
जू फूल  चाहेक ँ....","जुन फुल मैले","Narayan Gopal","दुःखी"
"25","  लालिगुाँस ु
ब भ फूल दि्ु
 भ फूल दि्ु
 
फाँटह कस् पुग्, भि पि﻿ फूल दि्ु
ह्ष  ा्  हु्, पि प फूल दि्ु
 
  लाल गुाँस ु
ब भ फूल दि्ु
 भ फूल दि्ु
 
हे दि ह भै, ा भि् फूल दि्ु
लाइ दि ह भै, सिउद भ फूल दि्ु
 
  लाल गुाँस ु
ब भ फूल दि्ु
 भ फूल दि्ु","म त लालि गुराँस भएछु","Narayan Gopal","हर्ष"
"26"," पुण्य पाएँ,  पाप पाएँ
ज स्  िी, चुपचाप पाएँ
 
 फुल  ँडा दुइटा,  ा सक्
 दागक ंग पि, टि सा सक्
ध  बदा,  श्ाप  पाएँ
ज स्  िी, चुपचाप पाएँ
 
िी लिुप , ि दिुप 
हा् हिसाब ाबा, सच् प 
य हिसाब भु िी, बेहिसाब पाएँ
ज स्  िी, चुपचाप पाएँ
ज स्  िी, चुपचाप पाएँ","मैले पुण्य मन पराएँ","Narayan Gopal","प्रेम"
"27"," ाफ िदेउ ेा लोभ ज
 कस डुबे भे
  खोजीहे हेक चेहेाा
े सपाक  प्ि ालु
 
उ आँउ ं  िदा बेला
अ बस् े ाीा
उ साट् ं ेा पिहुसि
उस िठा िठा भा
 ाफ िदेउ े प्ेक 
कह कस बिझे भे
  खोजीहे हेक चेहेाा
े सपाक  प्ि ालु
 
उसक आँखा   े ोदीघ 
उसक ा े बास 
उसक आँश ब्षा उसक सुस्ा शिशी
उसक ुस् े धुास
 ाफ िदेउ  ृगृष्णा
 कस े भे
  खोजीहे हेक चेहेाा
े सपाक  प्ि ालु","मलाई माफ गरिदेउ","Narayan Gopal","प्रेम"
"28","े गी े प्िवि्व है
ज टूट  है ज टूट  है
आश जस् अ गी ेा
 जस् दुइ दिक पाहु है
 
ह गुगुाउ धे शा् पाउँु
्यह शा् बाँड्  गी सुाउु
 ल्उ साग अ्जुल पाी
  बु्द सबक प्स ेट् खोज्ु
सब िझा े ी है
ि सु्द गी ् है
आश जस् अ गी ेा
 जस् दुइ दिक पाहु है
 
गी चो ल्एँ सा
आशक िल गहिाइ
सु हे सब गीक ुहा 
 जिउंद सास फे् जहिह हा 
े गी भ् ा ै
गीक प  हुं े गी है
आश जस् अ गी ेा
 जस् दुइ दिक पाहु है
े गी े प्िवि्व है","मेरो गीत मेरै प्रतिविम्व हैन","Narayan Gopal","दुःखी"
"29","प्िी द ि ुटु
ा् आज  फु हेें
पिी घा ि ुटु
सि दु आँखा सु हेें
प्िी दहु
 
जीव  जा अंगाक कथा 
 ुट ैि भंगाक व्यथा 
आफ् पाइ आफ्  ाक था 
प्िी दहु
 
स्झा ाँ ा भ धुं 
ि्खा पा ेटि कुं 
स खोज्द उड हिड् सिलक भु 
प्िी द ि ुटु
ा् आज  फु हेें
प्िी दहु","प्रियसीका यादहरु","Narayan Gopal","दुःखी"
"30","ँ   हाँस ि ुई,
आज साा खुस  दि  ु
ि्ा पिह  ह ेटिएला,
ीक लाग    ु
ँ   हाँस ि ुई,
आज साा खुस  दि  ु
 
 े भाग्य ि पाे,
 े भाग्य ि पाे,
 बाँचु्ल  घा ् ै
ि हाँसिदे य आँट  लिए
दि  ि्  ोड् ै
ँ   हाँस ि ुई,
आज साा खुस  दि  ु
 
 े हक  ि टिठ्े,
 े हक  ि टिठ्े,
 ृ्युस् गलह्् ै
ि बाँचिदेउ ि  
अ धे  ह चाहिँदै
 
ँ   हाँस ि ुई,
आज साा खुस  दि  ु
ि्ा पिह  ह ेटिएला,
ीक लाग    ु
ँ   हाँस ि ुई,
आज साा खुस  दि  ु","सधै नै म हासे","Narayan Gopal","प्रेम"
"31","श्द्धाक फूल चढा दि आ लाशा
पा फूल भ गय ि ोइ दि आशा
स्झ्  ि ो कल हा
ाल ाख ा य े हा ला
दि सब गुहा हा् ेल ा
पा फूल भ गय ि ोइ दि आशा
े क भ देह य े आ्  ्दै
पि चोख ला  ब्ध प्दै
प्कृ फूल ओइल झ् दिलक झ्दै
पा फूल भ गय ि ोइ दि आशा
श्द्धाक फूल चढा दि आ लाशा","श्रद्धाको फूल","Narayan Gopal","दुःखी"
"32","य चोख य िठ दि िीलाइ ा
बि्स ् साा पुा प्े कथा.
य चोख य िठ दि िीलाइ ा
बि्स ् साा पुा प्े कथा.
 
े साा जिव सबॆ िी
िठा-िठा क्ष सबॆ िी.
े साा जिव सबॆ िी
िठा िठा क्ष सबॆ िी.
े खुश े सुख सबॆ सबॆ िी.
 
य चोखो...
 
आखा भि् बस् ि ा िदाु
सप प लाइ सुस् चिहाु.
आखा भि् बस् ि ा िदाु
सप प लाइ सुस् चिहाु.
सधॆ सधॆ ि े ा ब आ आु.
 
य चोख य िठ दि िीलाइ ा
बि्स ् साा पुा प्े कथा.","यती चोखो यती मिठो","Narayan Gopal","प्रेम"
"33","े गी े प्िवि्व है 
ज टूट  है ज टूट  है 
आश जस् अ गी ेा 
 जस् दुइ दिक पाहु है 

ह गुगुाउ धे शा् पाउँु 
्यह शा् बाँड्  गी सुाउु 
 ल्उ साग अ्जुल पाी 
  बु्द सबक प्स ेट् खोज्ु 
सब िझा े ी है 
ि सु्द गी ् है 
आश जस् अ गी ेा 
 जस् दुइ दिक पाहु है 

गी चो ल्एँ सा 
आशक िल गहिाइ 
सु हे सब गीक ुहा  
 जिउंद सास फे् जहिह हा  
े गी भ् ा ै 
गीक प  हुं े गी है 
आश जस् अ गी ेा 
 जस् दुइ दिक पाहु है 
े गी े प्िवि्व है","Mero geet mero pratibimba","Narayan Gopal","दुःखी"
"34","गाउँ गी ेपाल ज्िक पंख उचाली
गाउँ गी ेपाल ज्िक पंख उचाली
जय जय जय ेपाल सु्द शा् बिशाल
सु्द शा् बिशाल
गाउँ गी ेपाल ज्िक पंख उचाली
गाउँ गी ेपाल ज्िक पंख उचाली
जय जय जय ेपाल सु्द शा् बिशाल
सु्द शा् बिशाल
गण्डक स क्णाल ेच  हाली
क  बेस बिउझाउँ लह लाखौँ उचाली
हिालचुल बोलाउँ पहिल झुल् िली
ा शिख पुग्द पह ेपाली
सीा साा भिजाइ दक्षिण लं भा
भृकुट ाा उदाइ उ् ची िब्ब
बुद्ध यहीँ पाएथ ज्ञाक पहिल ुहा
शिव यहीँ ल्एथ सृस्टीक पहिल बिहा
गाउँ गी ेपाल ज्िक पंख उचाली
गाउँ गी ेपाल ज्िक पंख उचाली
जय जय जय ेपाल सु्द शा् बिशाल
सु्द शा् बिशाल
पश्चि ल् ँगडा  टिस्टा पुगेथ्यौँ
कु शक्िक सा कह हा झुथ्यौँ
हा हिाल उठायौँ एसिक ाझा
सभ् बास बसेथ्य आ यहीँ साँझा
यह ेपाल ाट दिलक फूल ोपे
यह पहाड शि प्ीक गी खोपे
बाँचौ हा ेपाल च्द्  सु्य ध्वोजा लिई
ाँचौ हा हिाल ज्िक पंख उचाली
गाउँ गी ेपाल ज्िक पंख उचाली
गाउँ गी ेपाल ज्िक पंख उचाली
जय जय जय ेपाल सु्द शा् बिशाल
सु्द शा् बिशाल
गाउँ गी ेपाल ज्िक पंख उचाली
गाउँ गी ेपाल ज्िक पंख उचाली
जय जय जय ेपाल सु्द शा् बिशाल
सु्द शा् बिशाल
सु्द शा् बिशाल
सु्द शा् बिशाल
सु्द शा् बिशाल","GAUCHA GEET NEPALI","Mongolian Heart","देश्भक्ती"
"35","वैंश दा धे सङ ा ्
वैंश दा धे सङ ा ्
धे धे कस प खाई् क क दिल प ोडि्
अं  एउट सङ लग डि्
अं  एउट सङ लग डि्।
प्ी ला ि  कस् कस् 
ा ला भ् प धे सस् 
प्ी ला ि  कस् कस् 
ा ला भ् प धे सस् 
 िल उा बिोड हु्
एउट हाँस् अ्क चाह ु्
एउट हाँस् अ्क चाह ु्
वैंश दा धे सङ ा ्
े प एउट सङ लग जुड ला
े  क सुख दुख िल बाड ला
े प एउट सङ लग जुड ला
े  क सुख दुख िल बाड ला
जिव ोज् साह्   दि् भ् प धे गाह् 
 दि् भ् प धे गाह् 
वैंश दा धे सङ ा ्
वैंश दा धे सङ ा ्
धे धे कस प खाई् क क दिल प ोडि्
अं  एउट सङ लग डि्
अं  एउट सङ लग डि्…","Bainsha Chhada","Mongolian Heart","प्रेम"
"36","ख गुाँस फुल्य ी
आँखा  ि  बस्य ि
ख गुाँस फुल्य ी
आँखा  ि  बस्य ि
उस् उस् क ोग लाग्य  ि ुदा  जल् 
ेा सब सप िी  आफ् भ्े
उस् उस् क ोग लाग्य  ि ुदा  जल् 
ेा सब सप िी  आफ् भ्े
ख गुाँस फुल्य  आँखा  ि  बस्य ी
फु फुल   उ ाख देउ
 सङ   जिस्  ाडीदेउ
े  क गहाई  ि  अडे
 सङ   जिस्  ाडीदेउ
े  क गहाई  ि  अडे
सध सध  ह् ि् झझल्
ख गुाँस फुल्य  आँखा  ि  बस्य ि
ौलाख ाा स उज्ल   ीदेउ
ि टाढा भय प ुटु   ाखिदेउ
ौलाख ाा स उज्ल   ीदेउ
ि टाढा भय प ुटु   ाखिदेउ
ब आउ क  ि पोखाउु
ि् े  क दु ा घटाउु
उस् उस् क ोग लाग्य ी
ि ुदा  जल् 
ेा सब सपा
िी   आफ् भ्े
ख गुाँस फुल्य  आँखा  ि  बस्य ी","Lekha Ma Gurasai Fulyo","Mongolian Heart","प्रेम"
"37","ि  भुल् सक्दि
 जाउँ ि् द आईह्
य खोला, य ाला, य पहाड-भ्ज्ङ्ग  बोलाइह्
ि  भुल् सक्दि
 जाउँ ि् द आईह्
य खोला, य ाला, य पहाड-भ्ज्ङ्ग  बोलाइह्

े ेपाल े ेपाल े ेपाल
े देश  लाग् प्ो
े देश  लाग् प्ो

डाँडाँडा हिल  आँग भि
लालिगुाँस, चाँप, चेल फुल् थीथी
खोला, ाला, झाक िठ सुसेली
आईह् य  झलझली
आईह् य  झलझली

े ेपाल े ेपाल े ेपाल
े देश  लाग् प्ो
े देश  लाग् प्ो

ा शि ब  उभि 
कौडौँ ुटुाझ ि सजि 
वि, ाहा्ा, बुद्ध ज्ि देश
 प् प् लाग् आफ् स्वदेश
 प्ा लाग् आफ् स्वदेश
े ेपाल े ेपाल े ेपाल
े देश  लाग् प्ो
े देश  लाग् प्ो

ि  भुल् सक्दि
 जाउँ ि् द आईह्
य खोला, य ाला, य पहाड-भ्ज्ङ्ग  बोलाइह्

े ेपाल े ेपाल े ेपाल
े देश  लाग् प्ो
े देश  लाग् प्ो
े देश  लाग् प्ो”
","Mero Nepal","Mongolian Heart","देश्भक्ती"
"38","(गाजल टी देउ िी
 आ  कु बसिदेउ िी
 सङ सङ ल लु आु
  भये  सब  सुाु
लाज  ज खो झ  फ्एला
गाजल टी देउ िी
 आ  कु बसिदेउ िी
लु ा् हे  बुझा ठाउ हु्् ाक   े
लु ा् हे  बुझा ठाउ हु्् ाक   े
आफ्  आफ्   गाठ पा ाखिदिये
आँख क भाख बुझ ब आउ  क  चाड पोखाउ
ि् े  क दु ा घटाउ
चौब्द चोल देउ ि  आ  कु बस देउ िी
 प सपी   ेक ई
ुट  ि  भये
 प सपी   ेक ई
ुट  ि  भये
यह ठाउ यह गाउ यह फुल दो 
ाक साक्ष भये
ब आउ  क  िी  पोखाउु
ि् े  क दु ा घटाउु
ल श भ लाल गुासँ देउ िी
 आ  हे बस देउ िी
 सङ सङ ल लु आु
  भये  सब  सुाु
लाज ज खो झ  फ्एला
गाजल टी देउ िी
 आ  कु बस देउ िी…)","Gajalu Tika","Mongolian Heart","प्रेम"
"39","गो्खाल क ो ह  
गो्ख े ा 
अैलग् स् क  ्  ा
ईिहास पल्ाइ हे  पु्खा  द 
जिेक  संसा  
अ क जस्ाइ दुख्ख  हाी 
ि्दय  हैउ हा पि 
वी वी वी गो्खाल वी वी वी गो्खाली 
पहाड क ो ह  
गो्ख े ा 
कह प कह घा 
ख सिस् हा् ा
अङाल् जा ी  सस्क  
्ब   आफ् प ा 
गौ पहाड ा 
देउस  भाईल ा 
ाट क ा द  ि 
वी वी वी गो्खाल वी वी वी गो्खाली 


गो्खाल क ो ह  
गो्ख े ा 
अैलग् स् क  ्  ा
ईिहास पल्ाइ हे  पु्खा  द 
जिेक  संसा  
अ क जस्ाइ दुख्ख  हाी 
ि्दय  हैउ हा पि 
वी वी वी गो्खाल वी वी वी गो्खाल","वीर गोर्खाली","Manipal Rai","देश्भक्ती"
"40","
(येशूक ा ढुकढु येशूक आँख बसिहे) २
प्ाणभ्दा प्  आफ् ग ेक साइो
ा य क्ूसक कह ेटिे

(ण्डल हा हौँ ख्ीष्ट येशूक दुलह हा हौँ ख्ीष्ट प्भु) २
स्ब्ध गहिि  ुट खिलिो
प्े क कह टुट 

(ए  ल है )२ भयौं भे फे आज  ल है
 येश हा् ाझ ...
(ए  ल है )२ गायौं गी प्ेक आज  ल है
दिलक ाजा येश ाजा ...

(शी हा  ख्ीष्ट येशू, शि हुुहु् वहाँ हा्ो) २
आपस गाँसि जीव िो
प्भाव क संसा ढा भो
(ह  ल है )२ …","Yeshuko Chhatima","Adrian Dewan","प्रेम"
"41","(लाइदि चोख पि )3
पा लाइदि चोख पि 
(लैजाउ घुा  ठेल बजा ट्उस चढाउद लाइदि चोख पि )2

(लैजा घुा ठाडौं सह लाग् ह ेइ  चोख पि)2
लैजाउ घुा  ठेल बजा ,ट्उस चढाउद लाइदि चोख पि।
पा लाइदि चोख पि(सा  िठ कुक पा खोइ क उखाी )2


(ि्खा लाग्य पसि ुट्  क बुझाि )2 
(ल्इदि िलक पा हजु ह ा हजु लाइदि चोख पि)2
लैजाउ घुा  ठेल बजा ट्उस चढाउद लाइदि चोख पि

( बेल पाक्य सिल दा भि क्् ..)2
( कलिल व ुख साय खाउ खाउ  ् भो..)2

(ल् टिपे ि्लाइ भिक अङ्गु ह भिक अङ्गु लाइदि चोख पि)2
लैजाउ घुा  ठेल बजा ट्उस चढाउद लाइदि चोख पि .. 
(ह पा लाइदि चोख पि )4
","THAMEL BAZAR","Joshi Mohan","प्रेम"
"42","ह बै...., ह बै............
दश धाा प ोए अाा-2
बाँच पठाउ्ला  स्बि खिचे.. 
कस् ख् भाबी,
क्लि ठैलाउ हजु-2
....................................
ह बै ......
बाबा ध् ख ोा भ्ला्-2
 जि्दै भ्-3

अा ध्लि ख ोा भ्लि् -2
जह खुल्य भ् -2 

दाज ध्  ख भा्इ भ्ला् -2
अंश बढ्य भ् -2

भाउज ध्लि ख देव भ्लि् -2
खस ट भ्-2

भाइ ध्ला ख दाज भ्ला् -2
घे प भ् -2

दिद ध्लि ख भा्इ भ्लि् -2
ाइ घट भ् -2

बै ध्लि ख दाज भ्लि् -2
चोल घट्य भ् -2

ोा ध्ला ख बाबा भ्ला् -2
टोप झिक भ् -2

ोी  ध्लि ख बाबा भ्लि -2
सु चुाक दा  -2



प्ि ध्लि ख स् भ्लि -2
 फूक्य भ् -2

 ध्ला ख लाहु भ्ला -2
ा  भ् -2

बटाैलीक बजाा, 
-पैसाक लाहा ै -2
शिक स् स्व्ग दा, 
घबस्ीला्इ थाहा ै  -2

शिसैट् गोली,
णा प े लाहुै ।

बाबा ू्  ब्षदि, अा जुग ि हजु ..।
बाबा ू्  ब्षदि, अा जुग ि हजु ..।﻿","Aama le sodhlin hai","Jhalakman Gandarba","दुःखी"
"43","(् कस ह हुदै )२
( ेक प्ह हुदै )२
भागे जाँ कु ठाँ जाँ
(ा् ् सह हुदै )२
् कस ह हुदै...

जीव  चल्दै 
(चल्दै ...)२
जीव  चल्दै 
ब् दिय बल्दै )२
(कस् खट ह य ि )२
कु िभ् कह ठह हुदै
जीव  चल्दै 
् कस ह हुदै
( ेक प्ह हुदै )२
(भागे जाँ कु ठाँ जाँ )२
(ा् ् सह हुदै )२
् कस ह हुदै...     ","Marne kasai lae rahar hudaina","प्रेम Pariyaar","दुःखी"
"44","य आँखा ि ्यौ
य  ि यौ )२
(ा प  गा्‍ )२
जीव ि यौ
(ि भ ा्ै
जि्दग जा  )२
(ब सास दि् धो )२
ि दि् थाह 
य आँखा ि ्यौ
य  ि यौ...

भाग्य   क ै
ि  य  ेो
ह हु् क हु् आफ्ा
(ि  ह  ेो )२
भि् ुट  
copyright:www.npsongs.com
् ब  शं
ा े 
(स् क आशां )२
य आँखा ि ्यौ
य  ि यौ...

ा ्द 
ाय प्स ेट्ु
टाढ   िी
(बास ब भेट्ु )२
ि  भय 
सजिल हु् ो
 ि दुखी
(ु्  ि् साटो )२
(य आँखा ि ्यौ
य  ि यौ...)२
(ा प  गा्‍ )२
जीव ि यौ
(ि भ ा्ै
जि्दग जा  )२
(ब सास दि् धो )२
ि दि् थाह 
य आँखा ि ्यौ
य  ि यौ...     ","Yi aankha ma timi chhau","प्रेम Pariyaar","प्रेम"
"45","(सु साइली, साइल पदेश  आउँला ।
सु साइली, साइल चालीस कटेस ाउँला ।।)२

सु साइली, साइल दिय ेल हुुु ,
स्झ कह ुु ।

सु साइली, साइल पदेश  आउँला ।
सु साइली, साइल चालीस कटेस ाउँला ।। 

(सु साइली, साइल िधा ा्ल बि ।
भावीक खेल पि ।)२

सु साइली, साइल कुल पा कलल, 
गाउँघक स्बि झलल ।

सु साइली, साइल पिढ जाँ घ, 
झ्द ह आँस ब ।

सु साइली, साइल पदेश  आउँला ।
सु साइली, साइल चालीस कटेस ाउँला ।।

चालीस कटेस ाउँला ।
चालीस कटेस ाउँला ।।","Saili","Hemant Rana","प्रेम"
"46"," ध्द आज ह आय 
 ध्द आज ह आय 
ध घ घ ह भ्ैस

 ध्द आज ह आय 
 ध्द आज ह आय 

संसा कु ा् आफ्  हु्थ्
एउटा चिठ्ठ ह  ाड ाख हु्थ्
संसा कु ा् आफ्  हु्थ्
एउटा चिठ्ठ ह  ाड ाख हु्थ्

दैल ु ह पस्य पसे
दैल ु ह पस्य पसे

ध घ.. घ ह भ्ैस
 ध्द आज ह आय 

बाड भ किह्ष  भि् साचेक ु
घबाहि आफ् ाउँ ख टाँसेक ु
बाड भ किह्ष  भि् साचेक ु
घबाहि आफ् ाउँ ख टाँसेक ु

 कु डुल् आखाँ प्य पे
 कु डुल् आखाँ प्य पे

ध घ.. घ ह भ्ैस
 ध्द आज ह आय 

 ध्द आज ह आय 
 ध्द आज ह आय 

 ध्द आज ह आय 
 ध्द आज ह आय 

ध घ.. घ ह भ्ैस
 ध्द आज ह आय ","मलाई सोध्दै","रविन शर्मा","दुःखी"
"47"," संसा जि् आँट ्द ु
ा् ि े  बसिदेउ

भबिष्य  गा गी  च्द ु
ा् ि सु ाल िदेउ
येह ह अ्थ च्ु
इिहास अ स

ि्  े कहाी
सध  

 हिड्दा हिड्द थाक्  कह कहिँ 
्येिबे े आड बिदेउ

जि्दग क ोड  च् स भे
ि् िठ विचा  देउ
येह ह अ्थ भ्ु

सप ठुल ै
बिल्ब ् पोस जि्दगीा

सुौल हा् भविष्य सा हु्
 ोशा 
 हपल ि् क्षा ् ु
ा् ि बल ब देउ

भबिष्य  गा गी  च्द ु
ा् ि सु ाल िलैदेउ
येह ह अ्थ च्ु
इिहास अ स

ि्  े कहाी
सध   

 संसा जि् आँट ्द ु
ा् ि े  बसिदेउ","म संसार जित्ने","सबिन राई","प्रेम"
"48","आओ द ह आओ...
 िदा ै, ल्ट फ्े्द ु ।
सुक दिला.. आग  जाओ..
आओ द ्.. आओ....

िास  , सुस्ा हाल्ु,
ह िास   सुस्ा हाल्ु
दुःख ह जीव, दुःख गाल्ु
आओ आँश ह आओ
आओ आँश .. आओ,
आँखा चि्क ै, जू ह्े्दैु ।
सुक दिला.. आग  जाओ..
आओ द ह आओ.…","आओ यादहरु","जगदीश समाल","दुःखी"
"49","सा  गहभि्, चाह  ोईदि्ु
सा  गहभि्, चाह  ोईदि्ु,
आँध  ाीभि् खोज  बल्भिईदि्ु...
सा  गहभि्....
﻿﻿ 
आशा हृदय इ,  बोक हिँडे
आशा हृदय इ,  बोक हिँडे
सु्पेक  िी,  आफ  भो,
अधक हाँस िचोी, ि दिईसु
आँध  ाीभि्, चाह  बल्भिइदि्ु
सा  गहभि्'।

लाग् हे्ा िो, -क पुग 
लाग् हे्ा िो, -क पुग 
ुट दि ि ह दिई  .
 भि् पसे हे,   खाली-खाल ु
आँध  ाीभि्, चाह  बल्भिइदि्ु
सा  गहभि्....।","सागर छ गहभित्र...","भक्तराज आचार्य","दुःखी"
"50","बल े ्य   ोड भ्दि ,
ा ्् थाहा  , ोड भ्दि 
बल े ्य   ोड भ्दि ,
ा ्् थाहा  , ोड भ्दि 
,....ह्ष  अ् िल् भ ि 
ह्ष  अ् िल् भ ि ..
ै ाा ड भ्दि ...
ै ाा ड भ्दि ...
.. ा ््ुुिी
... ा ््ुुी ।

 ा्   ि् ा ्े,
 ा्   ि् ा ्े,
ि् आफ् आफ्  ध् प्े
ि ह ज्घ ोड्े, क ्् ख िी...
ज्घक ाा ोड भ्दि 
प्ाईक प्यौ ्य ओड भ्दि 
...ह्ष  अ् िल् भ ि 
ै ाा ड भ्दि 
... ा ््ुुी ।

 सब सजिल   हु् हिँड्
 सब सजिल   हु् हिँड्
 प्ा एउटा, ्ा स् भि्
गाह् हु् हीँ साँच ा चि्
्ि् ा टुक्ा पा फोड भ्दि 
फल दि बृक्ष गोड भ्दि 
..ह्ष  अ् िल् भ ि 
ै ाा ड भ्दि 
.. ा ््ुुी

बल े ्य   ोड भ्दि 
ा ्् थाहा  , ोड भ्दि 
,....ह्ष  अ् िल् भ ि 
ह्ष  अ् िल् भ ि ...
ै ाा ड भ्दि ...
ै ाा ड भ्दि ...
.. ा ््ुुिी
... ा ््ुुी ।","बल गरेर त्यो मन यता.","स्वरुपराज आचार्य","प्रेम"
"51","े साधाक बदा ह गी
यि सा सू हु् ेा आफ् ी ।
ेा आफ् ी...
े साधाक बदा ह गी....
आोह-अवोह, ग य जीव﻿ ﻿ 
आोह-अवोह, ग य जीव
 य ्ु सुख सब लु
सुख सब लु....
े साधाक बदा ह गी

अलं ेा, सग टुक्ा
ग--प-ि-सा, ि-सा-ि-ध-प
ध-प--प--ग, -ग-े-ग-े-सा
ि-सा-ग--प, ि-सा-ग--प
अलं ेा, सग टुक्ा
अचल षडज पञ्च ै, सौभाग्य ेो
सौभाग्य ेो...
े साधाक बदा ह गी

अँध्ो-उज्लो, े भाव ्
अँध्ो-उज्लो, े भाव ्
हाँस  ोद, े गी गुञ्ज...
े गी गुञ्ज...
े साधाक बदा ह गी
यि सा सू हु् ेा आफ् ी ।
ेा आफ् ी...
े साधाक बदा ह गी…","मेरो साधनाको बरदान...","भक्तराज आचार्य","दुःखी"
"52","टा:
सप ओइ इ इ
सप ओइ इ इ
सप सप सप सप हाई
टी:
क ह  चि् आज े ठाउँा
पहिल चोट आय क भ्देउ े गाउँा
लोभि हे भि् भि् ग् अल्लाे
्य कलिल उेै…. चल्दै
्य कलिल उेै…. चल्दै
टा:
िक ा्  ि,    ि ?
िक ा्  ि,    सपा
 े च्च भो…ि े
 े च्च भो…ि े
ोड  अ , भ्  ह 
ा ि िठा सि 
ि सुटुक्कै, ि सुटुक्कै
टी:
सु्दि ह , भ्दि ह 
सुा अ , िठा िठा  
े , हु भुुक्कै
टा:
क  बुझ , ढुकढुक य सु 
क  बुझ , ढुकढुक य सु  ालु
जि्दगा ाइल ब्, ा बे 
जि्दगा ाइल ब्, ा बे 
टी:
 ब , जा ब 
 ी बाच् ् भ ज लाउँ ि
य े बैंस
टा:
ुपैक ा िी, ा क खा िी
साल ्य जी, भय  पा पाी
ा डुब् देउ, भ्दि 
टी:
 ्बक पाख ौ,   ट्क ड्ाइ
 ्बक पाख ौ,   ट्क ड्ाइभ अल्लाे
अचेल ठिटा, लाग्दै ह 
अचेल ठिटा, लाग्दै ह 
टा:
भि्भि् लोभि्ौ, बाहि आँख ्ौ
ह भि्भि् लोभि्ौ, बाहि आँख ् बस्ी
ढल  ब ि्ो, साँचे क ्ौ
टी:
्य कलिल उेै… चल्दै
टा:
 े च्च भो…ि े
टी:
्य कलिल उेै… चल्दै
	","मन मेरो चन्चले","Deepak Pathak || Laboni || Karishma Manandhar","प्रेम"
"53","टी:
क हु् ह , है  ?
टा:
ा हु् ह ड, है  ?
टी:
य  ्य  क खब, ै  ?
टा:
ा बग्द  ह, ै  ?
ा  चाह , दि घा पाए 
टा टी:
अज्ब लाउँ पिी…,अज्ब लाउँ पिी
टी:
लु खेल् , घा   ?
टा:
अ प हु् ा  दि
आफ् आश आफ् ध्ी, अ हा् आफ्  साँझ बिहा
टी:
ख   ख   खा्,  ख   खा्
 कुट कुट  े ?
क ि क िठो, ् कथा  ा ुटुक सु
टा:
घापा ा ु्  ?
टी:
.. ा क ंग धु हु्  ?
य  ्य क खब, ै  ?
टा:
ा बग्द  ह, ै  ?
ाा द डो्ए , द साग पाए 
टा टी:
अज्ब लाउँ पिी… , अज्ब लाउँ पिी","अजम्बरी लाउँला पिरती","Kali PraदुःखीBaskota","प्रेम"
"54","		
टी:
ह दाज सा ाडीा, ्   डिलक गाडीा
हिल लाग् ाइलक साडीा, हिल लाग् ाइलक साडीा
टा:
ह सा सा  ाडीा, घु् जा डिलक गाडीा
हिल लाग् ाइलक साडीा, हिल लाग् ाइलक साडीा
बाइस व्ष सक् फिल हुे, ैं क भेट दिल हुे
ह बाइस व्ष सक् फिल हुे, ैं क भेट दिल हुे
ट््ट स््ट ह चाहिे, सप सला खा
टाह झु ड्ि सव,  प भिाजुक सिंगल सालो
गो गो क खोज्ौ,  ह््डस लो
ह सा सा  ाडीा, घु् जा डिलक गाडीा
हिल लाग् ाइलक साडीा, हिल लाग् ाइलक साडीा
टी:
ह दाज सा ाडीा, ्   डिलक गाडीा
हिल लाग् ाइलक साडीा, हिल लाग् ाइलक साडीा
ट पट्टीएस् अेक गफ ्े, िस पुा प ोबाइल अफ ्े
ह ह ह ट पट्टीएस् अेक गफ ्े, िस पुा प ोबाइल अफ ्े
घ ा ा ि बाहि कृष्ण , फ ज  भ्  क् सस्ो
ड्ड क  प सिंगल ोी, पा गा्ह प् य ा् गोी
टा:
ह सा सा  ाडीा, घु् जा डिलक गाडीा
हिल लाग् ाइलक साडीा, हिल लाग् ाइलक साडीा
टी:
ह दाज सा ाडीा, ्   डिलक गाडीा
टा टी:
हिल लाग् ाइलक साडीा, हिल लाग् ाइलक साडीा
ह हिल लाग् ाइलक साडीा, हिल लाग् ाइलक साडीा","ए दाजु नसमाऊ","Almoda Rana Uprety || Sujata Verma || Deepak Raj Giri","हर्ष"
"55","गोदावी
गोदावी
गोदावी
गोदाव बैा, ाख  ैा (ाख  ैा)
गोदाव बैा, ाख  ैा (ाख  ैा)
आ ा  बसौं   
चोभाैक डाँडइा, ाख  खैा
चोभाैक डाँडइा, ाख  खैा
ल  ा प्ि साटौं 
ह आ ा प्ि साटौं   ","गोदावरी बनैमा","Janma Rai ft. STRUKPOP","प्रेम"
"56","ह ् ो ा ला बेस
ह ् ो ा ला बेस
आफ्  हुे, पाइ ुट्ट चल्े
झुट कस खा बेस,
्य झुट कस खा बेस
धे   ्ा ्ु, ँडााथ हिड् भें
पाइ पाइ उठ पि, हजा बा लड् भें
  जि्दग य व्य्थै
ह   जि्दग य व्य्थै
जला बेस, जला बेस
ह ् ो ा ला बेस
ह ् ो ा ला बेस
आफ्  हुे, पाइ ुट्ट चल्े
झुट कस खा बेस,
्य झुट कस खा बेस
अधु ब् प्े कहाी,   ा लाय भे
डाँड ट  प्दा, प प धाय भे
  बैस  व्य्थै,
ह   बैस  व्य्थै
फाक  बेस, फाक  बेस
ह ् ो ा ला बेस
ह ् ो ा ला बेस
आफ्  हुे, पाइ ुट्ट चल्े
झुट कस खा बेस,
्य झुट कस खा बेस
्य झुट कस खा बेस
्य झुट कस खा बेस","ए कान्छी","Rajesh Rai","हर्ष"
"57","टा:
ा बोक बोल ीठ्ठ भो
सूिल आजक जाद ुट्ट भो
व पीिक कथा ख् भो
आँखाक गहिाइ ा……
जू ाा साँचे य  ि् भो
जू ाा साँचे य  ि् भो
ध् आश भा य  ि् भो
जू ाा साँचे य  ि् भो
ओ….….….….….
….…….….
….…….….
….….….…
….….….….
….….….….
हे….हे….हे….हे….
हे….हे….हे….हे….
हे….हे….हे….हे….
….ओ….ओ….ओ….","जून तारा साँचेर","Hercules Basnet || Sugam Pokharel || Nikhita Thapa","प्रेम"
"58","ल्इदिउं िलही, ल्इदिउं बुलक इ इ इ इ….इ
ल्इदिउं िलही, ल्इदिउं बुलक इ
आगौक साल धपक्क पिी
ल्इदिउं िलही, ल्इदिउं बुलकी
आगौक साल धपक्क पिी
ल्इदिउं िलही, ल्इदिउं बुलक इ इ इ….इ
सिा ाइफलक सिाी, ाु  भ ाुी
ाच्      ाुी
 ुटु ि, सप ि्  सपी
आउ  झझ झझ झ् झ् सपी
जह  दोधाे, ी कह  ि
ल्उं िलही, ल्इदिउं बुलक इ इ इ इ….इ
लाइ ेइ ा लाइे, गाइ विह गाइे
ुट पलपल पलपल पल् पल् विह
बिहा साँझ  बिहाी, आइ झझल्क आइी
आँख झलझल झलझल झल् झल् गाउँघ
ह  चंगा , भेट जह  ि
ल्उं िलही, ल्इदिउं बुलक इ इ इ इ….इ","ल्याइदिउंला तिलहरी, ल्याइदिउंला बुलकी ","Kali PraदुःखीBaskota","प्रेम"
"59","टा:
 ् गी गाउँु, ( ् गी गाउु)
 प्े गी बोस्, ( प्े गी बोस्)
टी:
ह ा ् डी, आफ् गी भोस्
टा:
 ् गी गाउँु,  प्े गी बोस
टी:
ह ा ् डी, आफ् गी भोस्
टा:
ा्ा ा्ा सप स् ्
टी:
िठा िठा विप स् ्
टा:
दु ुट  धड्क हु् हाँहाँ
टा टी:
ि े आँखा हे, ् पाउँ आफ् चि्
सजा सक्   िी, े य ुट भि्
ि े आँखा हे, ् पाउँ आफ् चि्
सजा सक्   िी, े य ुट भि्
टी:
ह ह ह ह ह ह 
टा:
आफ् भ्दा प् लाग्द  ि् जीव
टी:
आफ् वस  द ै  य 
टा:
ह 
आफ् भ्दा प् लाग्द  ि् जीव
टी:
आफ् वस  हुद ै  य 
टा:
डुल् ि् विपी
टी:
भुल् ि् विपी
टा टी:
स्झी ि घ घीीीी
ि े आँखा हे, ् पाउँ आफ् चि्
सजा सक्   िी, े य ुट भि्","म यस्तो गीत गाउँछु","","हर्ष"
"60"," दि् ुट दि्ु, फे्ुप् सास दि्ु
घट बढ इ ं, ा ास दि्ु
कस ह कस, कस ह कस
 दि् ुट दि्ु, फे्ुप् सास दि्ु
घट बढ इ ं, ा ास दि्ु
कस ह कस, कस ह कस
कस िी कह हु ै दू
ए े हजु, ए े हजु, ए े हजु, ए े हजु
 ् दुि ोस्, हा् क  ्
बुट्टा ् अेक अेक ोस, हा् क  ्
हु्  ् दुि ोस्, हा् क  ्
बुट्टा ् अेक अेक ोस, हा् क  ्
कस ह कस, कस ह कस
हे्द जाँदा दुिँ य बद जु
ए े हजु, ए े हजु, ए े हजु, ए े हजु
िीवि पुा हु्, स्य   टाढा हु्ु
ंग ् ि ै,   सादा सादा हु्ु
ि बि पुा हु्, स्य  टाढा हु्ु
ंग ् ि ै,   सादा सादा हु्ु
कस ह कस, कस ह कस
कस ह कस, कस ह कस
ि् ्दा पा  खुस पु
ए े हजु, ए े हजु, ए े हजु, ए े हजु
ए े हजु, ए े हजु, ए े हजु, ए े हजु
ए…………….े हजु","कसम हो कसम","Sugam Pokharel","प्रेम"
"61","टा:
टक्क
टक्क टाक टुकु टाक टुकु टाक टुकु टक्क
टाक टुकु टाक टुकु टाक टुकु टक्क
टाक टुकु टाक टुकु टाक टुकु टक्क
टाक टुकु टाक टुकु टाक टुकु टक्क
टी:
ुुुुुु ुुुुुुु
ि पाथ क दु पाथ द घट्ट पिे
ि पाथ क दु पाथ द घट्ट पिे
आईपुगें   हजु भेट् घ ध्दा िे
ा हा ुाल हल्लादै, ा हा ुाल हल्लादै
ा हा ुाल हल्लादै, ा हा ुाल हल्लादै
टा:
सि सिफुल िधा टिकी, क् ा् भाक ेउ (क् ा् भाक ेउ )
सि सिफुल िधा टिकी, क् ा् भाक ेउ
(क् ा् क् ा् क् ा् भाकीे)
  पिि पे  भेट ् आक े
ा हा ुाल हल्लादै, ा हा ुाल हल्लादै,
ा हा ुाल हल्लादै, ा हा ुाल हल्लादै,
टा टी:
टाक टुकु टाक टुकु टाक टुकु टक्क
टाक टुकु टाक टुकु टाक टुकु टक्क
टी:
 ो ा दौडिद आक हजुक स्ा
 ो लाट दौडिद आक हजुक स्ा
आँखा गाजल ला भुु, आँखा गाजल ला भुु,   हाा
ा हा ुाल हल्लादै, ा हा ुाल हल्लादै,
टा:
ल्पि क लाली,  प सुहा
ह ल्पि क लाली,  प सुहा
आज ह  जीव पै, आज ह  जीव पै, पि ुहा
टा टी:
ा हा ुाल हल्लादै, ा हा ुाल हल्लादै,
ा हा ुाल हल्लादै, ा हा ुाल हल्लादै,
टाक टुकु टाक टुकु टाक टुकु टक्क
	","टाकन टुकुन टाकन टुकुन","Rajan Raj Siwakoti || Mandabi Tripathi","प्रेम"
"62","टा: भ् आज   सु््य भ िी
  स् े हु््य भ िी
टी: ह्…. भ् आज   सु् भ िी
  स् े हु् भ िी
टा : जि्दगीक कु ोड ुुप्य भे
आफ् स्झ पेल ु््य भ िी
टा  टी: ह्…..आफ् स्झ पेल ु् भ िी
टा: भ् आज  
टी: ह्…..ह्…..ह्…..
टा: ि्   हाँस् सजिल हु् 
भविष्य स्झि बाँच् सजिल हु् 
टी: ह्……ि्   हाँस् सजिल हु् 
भविष्य स्झि बाँच् सजिल हु् 
टा: ेाह्ष  सब  ि् दि् े हु््य भ िी
 हा य पेल ु््य भ िी
टा  टी: ह्….ह्…. आफ् स्झ पेल ु् भ िी
टी: भ् आज  
टा: सु््य भ िी
टी: िी अ ै जीव ठुल 
ि  सब पुा दै ह अधूा
टा: िी अ ै जीव ठुल 
ि  सब पुा दै ह अधूा
टी: सु्पिदि् ि जि्दग  े हु् भ िी
 हा य पेल ु् भ िी
टा  टी: ह ह आफ् स्झ पेल ु् भ िी
टी: भ् आज   सु् भ िी
टा:   स् े हु््य भ िी","भन्छु आज मनका कुरा","","प्रेम"
"63","		
टा:
ा बोक बोल ीठ्ठ भो
सूिल आजक जाद ुट्ट भो
व पीिक कथा ख् भो
आँखाक गहिाइ ा……
जू ाा साँचे य  ि् भो
जू ाा साँचे य  ि् भो
ध् आश भा य  ि् भो
जू ाा साँचे य  ि् भो
ओ….….….….….
….…….….
….…….….
….….….…
….….….….
….….….….
हे….हे….हे….हे….
हे….हे….हे….हे….
हे….हे….हे….हे….
….ओ….ओ….ओ….
(Female voice in Background)
Falling in Love
Shining in Love
Love for you is forever
Falling in Love
Shining in Love
Love for you is forever
टी:
चाह ् ह की, ा ह य ेो
बहा ि ह की, भाव ह य ेो
टा:
य  ्य  ा गाँस् भो
भि् गहिाइ ा..…
देव देउा भा य  ि् भो
जू ाा साँचे य  ि् भो
ध् आश भा य  ि् भो
जू ाा साँचे य  ि् भो
(Feamle voice in Background)
Falling in Love
Shining in Love
Love for you is forever
Falling in Love
Shining in Love
Love for you is forever
टा:
ा बोक बोल ीठ्ठ भो
सूिल आजक जाद ुट्ट भो
व पीिक कथा ख् भो
आँखाक गहिाइ ा……
जू ाा साँचे य  ि् भो
जू ाा साँचे य  ि् भो
ध् आश भा य  ि् भो
जू ाा साँचे य  ि् भो
(Feamle voice in Background)
बिहा फूल हाँस्य ा च्द्ा
ज् लि आ हजू ंसि १५ ा
बिहा फूल हाँस्
(Male voice in Background)
Love for you is forever
(Feamle voice in Background)
ज् लि आ हजू
(Male voice in Background)
Love for you is forever
(Feamle voice in Background)
बिहा फूल हाँस्
(Male voice in Background)
Love for you is forever","जून तारा साँचेर","Hercules Basnet || Sugam Pokharel || Nikhita Thapa","प्रेम"
"64","टा:
कुट कुटु
टी:
सुपा दाा
टा:
कुट कुटु
कुट कुटु
टी:
सुपा दाा
टा:
कुट कुटु
कुट कुटु
टी:
सुपा दाा
टा:
कुट कुटु
कुट कुटु
टी:
सुपा दाा
टा:
कुट कुटु
टा टी:
कुट कुटु
सुपा दाा
कुट कुटु
कुट कुटु
सुपा दाा
कुट कुटु
टी:
हे्दा जीउ ज् खाइलाग्दो, जागि ्द बलि
इा्दा ट व दि  
हे्दा जीउ ज् खाइलाग्दो, जागि ्द बलि
इा्दा ट व दि  
खै चुोट खा् क दां ल 
दां ल  हजु  ल 
दिदिक ग भैसक्य े पाल 
दिदिक ग भैसक्य े पाल 
टा:
पाल हिउंद हि बिह ग भा’ै
क्क ठह ठेगा ह पा टूङ्ग ला’ै
पाल हिउंद हि बिह ग भा’ै
क्क ठह ठेगा ह पा टूङ्ग ला’ै
ी चट्ट कपाल लाल ैा
लाल  हजु लाल ैा
झ्प्प कद ोय फुलक बोटैा
ए झ्प्प कद ोय फुलक बोटैा
टा टी:
कुट कुट सुपा दाा
कुट कुटु
कुट कुट सुपा दाा
कुट कुटु
कुट कुट सुपा दाा
कुट कुटु
कुट कुट सुपा दाा
कुट कुटु
टी:
बि्क ला’क चि कस पस्य किलो
डाँडाबाीक सु् गुलिय  क आिलो
बि्क ला’क चि कस पस्य किलो
डाँडाबाीक सु् गुलिय  क आिलो
खै चुोट खा् क दां ल 
दां ल  हजु  ल 
दिदिक ग भैसक्य े पाल 
दिदिक ग भैसक्य े पाल 
टा:
ाजाक हा्  सि, स ो सु  ल्हासा
पढा खा ्बल ु, वैज्ञािक ब् ासा
ाजाक हा्  सि, स ो सु  ल्हासा
पढा खा ्बल ु, वैज्ञािक ब् ासा
ी चट्ट कपाल लाल ैा
लाल  हजु लाल ैा
झ्प्प कद ोय फुलक बोटैा
ए झ्प्प कद ोय फुलक बोटैा
टा टी:
कुट कुट सुपा दाा
कुट कुटु
कुट कुट सुपा दाा
कुट कुटु
कुट कुट सुपा दाा
कुट कुटु
कुट कुट सुपा दाा
कुट कुटु
टी:
बघििक ो कुखुाक भा
ठुल्ठु  े पट् आँट्य 
बघििक ो कुखुाक भा
ठुल्ठु  े पट् आँट्य 
खै चुोट खा् क दां ल 
दां ल  हजु  ल 
दिदिक ग भैसक्य े पाल 
दिदिक ग भैसक्य े पाल 
टा:
िेक   बाघै, स्ा ल ागै
ि  ै्य ििी, इल इ गै
िेक   बाघै, स्ा ल ागै
ि  ै्य ििी, इल इ गै
ी चट्ट कपाल लाल ैा
लाल  हजु लाल ैा
झ्प्प कद ोय फुलक बोटैा
ए झ्प्प कद ोय फुलक बोटैा
टा टी:
  े हजु,  झेला
  े हजु,  झेला
आज ौँ ाइलो, भोल  क ला
आज ौँ ाइलो, भोल  क ला
टा टी:
कुट कुट सुपा दाा
कुट कुटु
कुट कुट सुपा दाा
कुट कुटु
कुट कुट सुपा दाा
कुट कुटु
कुट कुट सुपा दाा
कुट कुटु","कुटुमा कुटु","Rajan Raj Shiwakoti || Melina Rai || Rajan Ishan","हर्ष"
"65","फ््टास्स्टिक फ््टास्स्टिक
वओ्डफुल वओ्डफुल
फ््टास्स्टिक वओ्डफुल हुेथिय लाइफ, े  क ाल हा ि् डाइभ
फ््टास्स्टिक वओ्डफुल हुेथिय लाइफ, े  क ाल हा ि् डाइभ
फ््टास्स्टिक वओ्डफुल हुेथिय लाइफ, े  क ाल हा ि् डाइभ
्ल जिबक पब्ल भु, ्ल जिबक पब्ल भु
ह आउ ाच पाल झझ ुझे
पा प्य असि झ्य दाईक ुाल भाउज प्
पा प्य असि झ्य दाईक ुाल भाउज प्
फ््टास्स्टिक फ््टास्स्टिक
वओ्डफुल वओ्डफुल
इलास्टिक जस् ् े लाइफ, े  क ाल  हा ि् डाइभ
इलास्टिक जस् ् े लाइफ, े  क ाल  हा ि् डाइभ
ाखौ फेसबुक सेल्फ खिचे, ाखौ फेसबुक सेल्फ खिचे
ह आउ ाच पाल झझ ुझे
पा प्य असि झ्य दाईक ुाल भाउज प्
पा प्य असि झ्य दाईक ुाल भाउज प्
पा प्य असि झ्य दाईक ुाल भाउज प्
पा प्य असि झ्य दाईक ुाल भाउज प्
हेप्प हेप्प ि भय हेप्पी
हेप्प हेप्प  प हेप्पी
हेप्प हेप्प ि भय हेप्पी
हेप्प हेप्प  प हेप्पी
हेप्प हेप्प ि भय हेप्पी
हेप्प हेप्प  प हेप्पी
हेप्प हेप्प ि भय हेप्पी
हेप्प हेप्प  प हेप्पी
पा प्य असि झ्य दाईक ुाल भाउज प्
पा प्य असि झ्य दाईक ुाल भाउज प् .","पानी पर्यो असीना झर्यो","","हर्ष"
"66","ह ि…. ह ि …..
ि ज िसाी, ि ज िसाी
ि क  ा  ा िसाी ?
ि ज िसाी, ि ज िसाी
ि क  ा  ा िसाी ?
ा िसाी …
 ह फी, सध  ह फी
 ह फी, सध  ह फी
आखु ..
 िसाउदा ा पी कल् बचाी
ि ज िसाी, ि ज िसाी
ि क  ा  ा िसाी ?
ह ि, ज िसाी, ि ज िसाी
ि क  ा  ा िसाी ?
ा िसाी…
ि से ब, ि से ब
ि  पेक ालुक ा ा
ि से ब, ि से ब
ि  पेक ाल क ा ा
ि ा ा, ि ा ा
ा  ि ा ा
क भा बोझ हुदा  ह बिसाी
ि ज िसाी, ि ज िसाी
ि क  ा  ा िसाी ?
ए ि ज िसाी, ि ज िसाी
ि क  ा  ा िसाी ?
 ह फी, सध  ह फी
 ह फी, सध  ह फी
 िसादा क प  ा पिी
ि ा पि ि ा पिी
ि चखेक ड जस् हा् पिी
ि ज िसाी, ि ज िसाी
ि क  ा  ा िसाी ?
ि ज िसाी, ि ज िसाी
ि क  ा  ा िसाी ?
ह ि ……ह ि …….ह ि ….. ह ि ….. ह ि …..","जैले रिसाउनी निर जैले रिसाउनी","","प्रेम"
"67","घिघ टोलाउंु, अ हु् झै ….(अ हु् झै)
घिघ टोलाउंु, अ हु् झै
य ा भ् चिज   अच्ै…..
ा ा ा ा ा ा ा ा ा …..
ा ा ा ा ा ा ा ा ा …….
ा ा ा ा ा ा ा ा ा ……
ा ा ा ा ा ा ा ा ा …….
सध सध हिड्  लाग् ँ ँ ँ …..
ह सध सध हिड्  लाग् ँ ँ ँ …..
ाीभि् सल्बला चाल ँ ँ ँ ……
आशा ँ चाह ँ ुस् बहा ँ
आशा ँ चाह ँ ुस् बहा ँ,
सप िठ सजाउंु, अ हु्  दंगै…….
ह सप िठ सजाउंु, अ हु्  दंगै…..
य ा भ् चिज   अच्ै…..
ा ा ा ा ा ा ा ा ा …….
ा ा ा ा ा ा ा ा ा …….
ा ा ा ा ा ा ा ा ा …….
ा ा ा ा ा ा ा ा ा …….
घिघ टोलाउंु, अ हु् झै…..
घिघ टोलाउंु, अ हु् झै…..
य ा भ् चिज   अच्ै…..
ा ा ा ा ा ा ा ा ा …….
ा ा ा ा ा ा ा ा ा …….
ा ा ा ा ा ा ा ा ा …….
ा ा ा ा ा ा ा ा ा …….
य ा भ् चिज………….","माया माया माया","","हर्ष"
"68","ि  ोय  िी
लाग्य ोय े ुटु
ाख् ं हाँस ि् ुहा
 ् ं ा िी
ि  ोय  िी
लाग्य ोय े ुटु
था् ं हा ि् हा
 ् ं ा िी
 क दै ि बि पुा े सपा
डुबिहे  अध्ँ बिच ि े भविष्य
शु्य िल आशक उड्द बादल डुबिह ि् ख्ला
ि् ्य ी शब्द फे भ
I love you
ि् ुस् े चाहा
डुब डुब डुब सक ि् ाा
क ग सक्दि  , ि बिाक जीव  चाह्
 बस् सध ि् आँखाा
क हुदै ि बि पुा े सपा
डुबिहे  अध्ँ बिच ि े भविष्य
 क हुदै ि बि पुा े सपा
डुबिहे  अध्ँ बिच ि े भविष्य
ि े भविष्य ि े भविष्य","तिमी मेरो भविष्य","","प्रेम"
"69","िल बिोड
  पिस्थि 
सुु जस् िठो
स्ब्ध सँध हु भो

ब् स ि् अ्ि ा
बा स े अ्ि ा
ि े जी

संक ै
ा िक  गहिो
टाढि ख् ै
सय  बिबस्ा 
स्हाल् आँफै
जीव ला हु भो
ि् उज्ज्वल भबिष्य
प्ा्थ े 

ब् स ि् अ्ि ा
बा स े अ्ि ा
ि े जी

इज्ज ्  सँधै
स्झ ह िी","Aastha – Antim Maya","","दुःखी"
"70","बस सु्द ठ्ड हि जाड ।
ह ा  गा च्उ पे।

बस सु्द ठ्ड हि जाड ।
ह ा  गा च्उ पे।

ह ल्टििक ्य ा गालैा
ला् ि य आ सालैा
हा सुक चुा अ औँठ लगाइदिउँला
खल चोल अ सिब्द सि सजाईदिउँला

हे सु्द लग ि् आक 
ल ह ्य  पक्क आँट जस् 

बस सु्द ठ्ड हि जाड 
ह ा  गा च्उ पे

ह क बस् ्य ाइ गाउँव 
  ल्उँ ज् दैलैा
डोल चढाइ प्यौिक घु्ट ओढाइदिउँला
ौ बाजा बजाइ डाँडा पाखा बेस घ्इदिउला

हे सु्द य  े साँच 
 य ज् ि् खाँच 

बस सु्द ठ्ड हि जाड ।
ह ा  गा च्उ पे।

हे सु्द लग ि् आक 
ल ह ्य  पक्क आँट जस् 

ह ा  गा च्उ पे।
ल ह ्य  पक्क आँट जस् 
 य ज् ि् खाँच ।","Bro Sis – Basa Sundari","","प्रेम"
"71","ण थापा –  ोए पि
 ोए प ि हाँसिदिु
 ोए प ि हाँसिदिु
य झ  जि्दग  प्िदिु
 ोए प ि हाँसिदिु
ह  िल द  भे
सप स्झ ् विस्िदिु
ह  िल द  भे
सप स्झ ् विस्िदिु
  ्  
 सस्  
ि ुल्य बिदिु
  ्  
 सस्  
ि ुल्य बिदिु
 ोए प ि हाँसिदिु
क  बेसी पल बल्झि् भे
खेल  स्झ हाँसे टािदिु
क  बेसी पल बल्झि् भे
खेल  स्झ हाँसे टािदिु
स्ग हा् विझा भुल 
्  गहििदिु
स्ग हा् विझा भुल 
्  गहििदिु
 ोए प ि हाँसिदिु
य झ  जि्दग  प्िदिु
 ोए प ि हाँसिदिु","Arun Thapa – Ma Roye Pani","","दुःखी"
"72","पिडा बिोडक  लिए
सक्दि    जि
गी बिोडक गुगुाए
सक्दि    हिड्
टाढिय ि   
सु्  
टाढिय ि  
सु्  
आँखा े थाक स
गोडा हा ँप स-२

कल्प ाउ बल्झाइदि द-२
बिलाउ  कहिँ क बादलै
आग  लगाइदिे
बि्स लाइ साइ े

पीडा बिोड••••
•••• 
स्झ ह वल ीा ीठा सपा-२
हाउँ  कहिँ क आश बिचा
आँखा ेो••••
••••ँपिस
पीडा बिोड••••
•••• ","Thaki Saken by Nepali - Vibez","","दुःखी"
"73","चिस चिस हाा, ्येस  बालि् 
क भ आँध ाा,य  ि  खोज्द 
चिस चिस हाा, ्येस  बालि् 

(उलीक दोो, पाइ ि्ैि ल्क्)२ 
(झ्ल हेे)२ झझल्क आँउद 
क भ आँध ाा,य  ि  खोज्द 
चिस चिस हाा, ्येस  बालि् 

(लुकीचो खो,देउाल पाखाा)२ 
(डाँडा बस कुे)२ झझल्क आँउद 
क भ आँध ाा,य  ि  खोज्द 
(चिस चिस हाा, ्येस  बालि्)२","Chiso chiso hawama - Dany Denzongpa","","दुःखी"
"74","ि  क हु ै  
ि  अ ु ै  
ि  हाउ  
ि्  पाउ  
हा हा हा हा हा ........ 
ए  ए सय 
 ि् ा ेै 
ाउ क लोभहु 
ाउ क डहु 
 प अ हेि ै 
हा हा हा ....... 
 प सॅग  प सॅगै 
ि् द  बाॅचेक हु्ु 
आेै ह जी 
पाेठै ठाउॅ य ुटुा 
ि् लाग खुस साॅचेक हु्ु 
हा हा हा ...........     	","Timi bahek aruko - Phiroj Basnet","","प्रेम"
"75","ज ज भ् ि , चुपचाप  सहिदि्ु
ज ज भ् ि , चुपचाप  सहिदि्ु
घा अ बादल , घा अ बादल 
धे टाढा गइदि्ु, ज ज भ् ि 
ज ज चाह्य ि ै, सब  दि ँ
ि्ोह्ष  आफ् भी, ि् आश जिएँ
 भइग ह भ्दि , बिदा भइदि्ु
 भइग ह भ्दि , बिदा भइदि्ु
घा अ बादल , घा अ बादल 
धे टाढा गइदि्ु, ज ज भ् ि 
	","जे जे भन्छौ","Sugam Pokharel","प्रेम"
"76","टा:
ाइदिय ि े जी,ह्ष क बहा बे
ाइदिय ि े जी,ह्ष क बहा बे
आइदिय ि े संसाा, सृष्टिक हा बे
सृष्टिक हा बे
टी:
ें ि  ि, आश खस झैं लाग्
ब ि  पल, ध् भास्स झैं लाग्
ब ि  पल, ध् भास्स झैं लाग्
टा:
 ट हिड् है,  झैं ी
्ैह्ष  ् ा, दि् ं ी
…. ट हिड् है,  झैं ी
्ैह्ष  ् ा, दि् ं ी
टी:
ाइदिय ि े जी,ह्ष क बहा बे
आइदिय ि े संसाा, सृष्टिक हा बे
सृष्टिक हा बे
फूल ्  फुल्  गोडेल ी
बिदि ि े दिलैक ा चौाी
फूल ्  फुल्  गोडेल ी
बिदि ि े दिलैक ा चौाी
टा:
ें ि  ि, आश खस झैं लाग्
ब ि  पल, ध् भास्स झैं लाग्
ब ि  पल, ध् भास्स झैं लाग्","छाइदियौ तिमी मेरो जीवनमा","Ekdev Limbu || Sunita Thegim Limbu","दुःखी"
"77","फूल  ह जू ेो, ा कु ह कु
फूल  ह जू ेो, ा कु ह कु
कु् क क आभास ह 
ु ु ु ु ु ु ु
ु ु ु ु ु ु ु
फूल  ह जू ेो, ा कु ह कु
फूल  ह जू ेो, ा कु ह कु
कु् क क आभास ह 
ु ु ु ु ु ु ु
ु ु ु ु ु ु ु
फूल भौं भ े ँडा बिझिदेला
जू भौं भ े टाढा बसिदेला
फूल भौं भ े ँडा बिझिदेला
जू भौं भ े टाढा बसिदेला
सू  ह धु ेो, ा कु ह कु
सू  ह धु ेो, ा कु ह कु
कु् क क आभास ह 
ु ु ु ु ु ु ु
ु ु ु ु ु ु ु
ुप हे्य क ा्ो, आँख लोभ्इ े
ो हेिहें, स उडाइ लाे
ुप हे्य क ा्ो, आँख लोभ्इ े
ो हेिहें, स उडाइ लाे
चांद  ह सु ेो, ा कु ह कु
चांद  ह सु ेो, ा कु ह कु
कु् क क आभास ह 
ु ु ु ु ु ु ु
ु ु ु ु ु ु ु
फूल  ह जू ेो, ा कु ह कु
फूल  ह जू, ेो, ा कु ह कु
कु् क क आभास ह 
ु ु ु ु ु ु ु
ु ु ु ु ु ु ु
ु ु ु ु ु ु ु
ु ु ु ु ु ु ु","फूल या हो जून","Sabin Limbu","प्रेम"
"78","		
साी….
ोए….
बगे….
पाी….
खाइदिला….
  जाउँ साी, ो कस खाइदिउंला
लैजाउँला
 प आउँ ै, साइ बाँधिदिउंला
लैजाउँला
……  जाउँ साी, ो कस खाइदिउंला
लैजाउँला
दु वच ीठ ग बोल दे 
ग कु बहाा
क  लु खोलिदे, यह  े चाहा..ा
आश बाँध  ाा टिपे, सिउँद ्ौंला
लैजाउँला
…..ा बाँध   क   ज् द दिउंला
लैजाउँला
साी….
ोए….
बहे….
हा….
खाइदिला….
 झैँ ग प सह दिउं 
 स भो,  
सयौँ खो िदिउंला, ि् लाग 
ि  ,  वहाँ….
पठा क  , ि् प प आइदिउंला
लैजाउँला
…. ्दि ह बैाी,   ि् भैदिउंला
लैजाउँला
  जाउँला, सा ो कस खाईदिउंला
लैजाउँला
 प आउँ -ै, साइ बाँध दिउंला
लैजाउँला
……  जाउँला, सा ो कस खाईदिउंला
लैजाउँला","सानी","Deepak Bajracharya || Ricky Shakya","दुःखी"
"79","गोदावी
गोदावी
गोदावी
गोदाव बैा, ाख  ैा (ाख  ैा)
गोदाव बैा, ाख  ैा (ाख  ैा)
आ ा  बसौं   
चोभाैक डाँडइा, ाख  खैा
चोभाैक डाँडइा, ाख  खैा
ल  ा प्ि साटौं 
ह आ ा प्ि साटौं   
शिबा बिहा हिड फिलि हे्
शिबा बिहा हिड फिलि हे्
ि आ  हे   कु बस है
ि आ  हे   कु बसेहै
बाल्कुिक कु फिल् हे् धुा
बाल्कुिक कु फिल् हे् धुा
अँध् ा्ु् ि् ा ग है
अँध् ा्ु् ि् ा ग है
सु्दीजल खोलाा, बुक ाख झोलाा
सु्दीजल खोलाा, बुक ाख झोलाा
आ ा पढ् ौँ   
च्द्गि डाँडईा, डेटिंग गाक बेलैा
च्द्गि डाँडईा, ह डेटिंग गाक बेलैा
लब्ल लब्ल सेल्फ हाौं 
ह लब्ल लब्ल सेल्फ हाौं   
गोदाव बैा, ाख  ैा (ाख  ैा)
गोदाव ब ाख  ैा
आ ा  बस   
चोभाैक ड्द ाख  खेा
चोभाैक ड्द ह ाख  खेा
ल  ा प्ि साटौं   
आ ा प्ि साटौं   
आ ा  बसौं  
ल  ा प्ि साटौं   ","गोदावरी बनैमा","Janma Rai ft. STRUKPOP","हर्ष"
"80","टा:
दु चुल्ठ ्े, पटुक कस्े
दु चुल्ठ ्े, पटुक कस्े
लैजाउं लैजाउं लाग्, ह लैजाउं लैजाउं लाग्
टी:
ढा टोप लाे, ्य आँखा स्े
ढा टोप लाे, ्य आँखा स्े
ोजूं ोजूं लाग्, ह ोजूं ोजूं लाग्
टा टी:
   साटौंला, चोख ा गांसौंला
   साटौंला, चोख ा गांसौंला
ज्  डांड टौंला, ह ज्  डांड्य टौंला
टा:
सि खे सिक पाी, टा खे कुलो
सि खे सिक पाी, टा खे कुलो
य संसा सब भ्दा ा  ठुलो
ह य संसा सब भ्दा ा  ठुलो
टी:
कलकल बग् ूलक पा अ्जुल पिउंला
कलकल बग् ूलक पा अ्जुल पिउंला
साँच ा दि् भ ज् सु्पीदिउँला
साँच ा दि् भ ज् सु्पीदिउँला
टा:
दु चुल्ठ ्े, पटुक कस्े
दु चुल्ठ ्े, पटुक कस्े
लैजाउं लैजाउं लाग्, ह लैजाउं लैजाउं लाग्
वपिपल साँच ाख आज कस खा्ु
वपिपल साँच ाख आज कस खा्ु
ाजीह्ष  भय भ यह ंसि ला्ु
ह ाजीह्ष  भय भ यह ंसि ला्ु
टी:
कह  कह पाी, व्य्थ्य  धाु
कह  कह पाी, व्य्थ्य  धाु
य  ोज्य ि् घ ाग् आु
य  ोज्य ि् घ ाग् आु
टा:
दु चुल्ठ ्े, पटुक कस्े
दु चुल्ठ ्े, पटुक कस्े
लैजाउं लैजाउं लाग्, ह लैजाउं लैजाउं लाग्
टी:
ढा टोप लाे, ्य आँखा स्े
ोजूं ोजूं लाग्, ह ोजूं ोजूं लाग्
टा टी:
   साटौंला, चोख ा गांसौंला
   साटौंला, चोख ा गांसौंला
ज्  डांड टौंला, ह ज्  डांड्य टौंला","दुई चुल्ठो","Rajesh Payal Rai || Melina Rai","प्रेम"
"81","टी:
चोख ा  पुग् 
चाहिदै सु चाँद 
् ा  पुग् 
ि् हृदय क कु ाख 
टा:
सह सक्दि 
ि् अ कस   ोो
टी:
सह सक्दि 
ि् अ कस   ोो
टा:
य  कल्प दि्,  पीडा हु्
कस स्हाल खोइ े य ज्
टा:
ि्  विा, ि् ा विा
य जीव अधु ह्
टी:
ि्  पाए, ा पाए
य जू सजिल टि्
टा:
सह सक्दि 
ि् अ कस   ोो
टी:
ि  हेे, ि्  ी
आफ हाउ 
टा:
य हा था ्य  पाए
य  सजिल टि्
टी:
सह सक्दि 
ि् अ कस   ोो","चोखो माया दिए पुग्छ मलाई","Kamal Khatri || Shreya Sotang","प्रेम"
"82"," णह प्ेप् ख्द 
फुल कली पा खोजिदि ह 
भोल सबे ि खोलिदि ह 
 णह प्ेप् ख्द 

धे भय हजुक ह खब ि
े लाग ि्ि लाल उशा खु
ए हजु
ए हजु िसाय क क
  भु
 आँखा े स्बि भ ै क खु
 णह प्ेप् ख्द 

चिठ्ठ पठाउ भ्थ्य चिठ्ठ प पठाइौ
सप भेट् भ्थ्य सप प आईौ
ए हजु
ए हजु  बाँच् सक्दि
ि् चिठ्ठ पाए
 बोल् ै पक्क भोल सप 
 णह प्ेप् ख्द ","जुनका किरणहरुले प्रेमपत्र लेख्दैछु म","माणिकरत्न","दुःखी"
"83","I want to say you my darling I love you
You are my ् ालु
I want to say you my darling I love you
You are my ् ालु
् ालु, ह ् ालु
You are my ् ालु
I want to say you my darling I love you
You are my baby I love you
हे…..स अ सावि् ब्े, सावि् ब्े
 प्दै जाँडक्स भ्े, टोल थ् कुट् पोइ पोस्
 क्स खा् भ्दा ोड  टी
जाँड खा ओ्भ ु् पोइ पोस्
जाँड खा ओ्भ ु् पोइ पोस्
I want to say my darling I love you
You are my ् ालु
I want to say my darling I love you
You are my ् ालु
् ालु, ह ् ालु
You are my ् ालु
हे….. ा् अ क्कल ब्े, क्कल ब्े
खा ह जाँडक्स भ्े, ेश कपाल लु् पोइ पोस्
 क्स खा् भ्दा िसा ोी
ट्क ा क् क् ् ्पोइ पोस्
ट्क ा क् क् ् ्पोइ पोस्
I want to say you my darling i love you
You are my ् ालु
I want to say you my darling i love you
You are my ् ालु
् ालु, ह ् ालु
You are my ् ालु
टी:
हे…. हि अ क्क ब्े, क्क ब्े
ाड्दि ह जाँडक्स भ्े, िसा कुच्च हा् इ पोस्
 क्स खा भ्दा गाल ् टा
जाँड झ्प हुदा टुप्प ा् इ पोस्
जाँड झ्प हुदा टुप्प ा् इ पोस्
I want to say you my darling i love you
You are my ् ालु
I want to say you my darling i love you
You are my ् ालु
टा: टी:
I want to say you my darling I love you
You are my baby I love you
टा:
् ालु
टी:
् ालु
टा:
darling I love you
टी:
baby I love you
टा:
् ालु
टी:
् ालु
टा:
darling I love you
टी:
baby I love you","कान्छी मायालु","Baby I Love You song","प्रेम"
"84","		
टा:
ओ साइँल ओ साइँल ओ ओ ओ ओ साइँली
टी:
ओ साइँ ओ साइँ ओ ओ ओ ओ साइँला
टा:
आशसैक , े साइँल सु
आजभोल ि्  लाग्  हु
टी:
भुूुु ची, स साइँ सि
फ जिक आउ घीघी
टा:
ा पिि भु्दिला, हिा ो सु दि्ला
टी:
हिा ो चाहिदै स््थ ा दै
टा:
ओ साइँल ओ साइँल ओ ओ ओ ओ साइँली
टी:
ओ साइँ ओ साइँ ओ ओ ओ ओ साइँला
टा:
घापा घापा पा पे
िदिउं सा ि् बुट्टा े
िदिउं सा ि् बुट्टा े
टा:
दह ुथे ोह  झैँ, ा ुथ क ला ?
दह ुथे ोह  झैँ, ा ुथ क ला ?
दिलक ढो उघाीदेउ, े ा ्यहीं ला
टी:
सिसि बास धुल उडा
े दिलक ड्ाइभ दिल गुडा
सिसि बास धुल उडा
हे, े दिलक ड्ाइभ दिल गुडा
टा:
ओ साइँल ओ साइँल ओ ओ ओ ओ साइँली
टी:
ओ साइँ ओ साइँ ओ ओ ओ ओ साइँला
टा:
बेग्ल  ह सा े स्टाइल पि
ाल प झािदि् ाा गीगी
ाल प झािदि् ाा गीगी
ुसुीक दाल िठो,  उली
ुसुीक दाल िठो,  उली
झो बोक आउ ह साइँल भटभट जाउली
टी:
गड्ंगगुडुंग ल बादल पा प्
गफ ा् ला ि् बा प्
गड्ंगगुडुंग ल बादल पा प्
ओई, गफ ा् ला ि् बा प्
टा:
ओ साइँल ओ साइँल ओ ओ ओ ओ साइँली
टी:
ओ साइँ ओ साइँ ओ ओ ओ ओ साइँला
टा:
खा साइँल पि  चाचटपटे
ठाडौँ घु् जा चड भटभटे
ठाडौँ घु् जा चड भटभटे
टा:
ओ साइँल ओ साइँल ओ ओ ओ ओ साइँली
टी:
ओ साइँ ओ साइँ ओ ओ ओ ओ साइँला
टा:
ओ साइँल ओ साइँल ओ ओ ओ ओ साइँली
टी:
ओ साइँ ओ साइँ ओ ओ ओ ओ साइँला","ओई साइँली ओई साइँला","","प्रेम"
"85","ि्  फ़े्उ अे
अ्कैलाइ हे्उ अे
ि्  फ़े्उ अे
अ्कैलाइ हे्उ अे
य हल्ला  िी
य हल्ला  िी
े विश्स से्उ अे
ि्  फ़े्उ अे
अ्कैलाइ हे्उ अे…
 
ह पल् क बिोड् सह उ?...
ह पल् क बिोड् सह उ?
े ाँ स्झे ह उ?
सयक खेल हे
ँथ  दु
आखि चल् थाल्य ्
ि् आफ् सु
 
ि् ाँ ा्उ अे
े चाहा सा्उ अे
य हल्ला  िि
य हल्ला  िि
अ्कैलाइ ोज्उ अे
ि्  फ़े्उ अे
अ्कैलाइ हे्उ अे…
 
क  हु े गल् भ?...
क  हु े गल् भ?
क  पल् क ा् हा् प्ी ?
ि् ्दा े जिब, घ  घाटक भ
ि् खुसि, िल्दा ेो, दिल्  पहि ग
 
ि् ाा ोड्य अे
े स्बि फाल्य अे
य हल्ला  िी
य हल्ला  िी
े विश्स फ़े्उ अे
 
ि्  फ़े्उ अे
अ्कैलाइ हे्उ अे
य हल्ला  िी
य हल्ला  िी
े विश्स से्उ अे
 
ि्  फ़े्उ अे
अ्कैलाइ हे्उ अे","तिम्ले बाटो फ़ेर्योउ अरे","Melina Rai","दुःखी"
"86","आ  आ ि्ोह्ष 
(  ं प्ख ला )२
 प  हे ला
( प हे ला...)२
 
(हिं दृष्ट पि
ु भ्दा िठ हु्
हिं ाँ पि
ा भ्दा ् हु् )२
ि्  ेक्दि 
् ा् पाए पुग्
 प हे ला
( प हे ला )२
आ  आ ि्ोह्ष 
(  ं प्ख ला...)२
 
(बस् सब फूल
फुल् प् भ् ै
जि्दग सब बाजी
जि् प् भ् ै )२
ि् चि् खोस्दि 
@ npsongs.com
हा ा् पाए पुग्
 प हे ला
 प हे ला
आ  आ ि्ोह्ष 
(  ं प्ख ला...)३
","आऊ न आऊ तिम्रोहर्ष ","","प्रेम"
"87","शुभ भ हेक श्सा
ि् दि्घायुक  ् सकुँ 
शुभ भ हेक पला
ि् जीव सुश ् सकुँ 
शुभ ी
 
आँखा दुइ घडा प्ी े
हेक बु्द अभिसेस देस
श्द्धा भक् बिश्स ा े
हशब्द य ंगल  बोस
शुभ भ हेक उशाा
ि्ा बिहा ंगा सकुँ 
शुभ ी
 
ुटुक दिय सँध बलिहे
अख्ड ब् प्द्शक स
सदुक सिउँद झल्हे
सि्दु झैँ शुभ ्य जीव बोस
शुभ भ हेक संध्ा
ि्ा साँझ सजाइदि सकुँ 
शुभ भ हेक श्सा
ि् दि्घायुक  ् सकुँ ","शुभकामना भरी","","हर्ष"
"88","(ँ जीव पा आज ि ्दा ै )२
(आफ् जीव  )२
(भा भाथ्य  )२
ँ जीव पा आज ि ्दा ै...
 
(फाल  ि् स्भिा पि
ज जिक उ ा् ि् आिबाी )२
(ि े जि्दगीक साा स्वोअंग
धे  सिक् ौ पाए िी )२
ँ जीव पाच आज ि ्दा ै...
 
(धे प जि्दगीक आ िल्द 
थाक य जि्दग बल्ल ुक् पा )२
(ोसाक ख्बा ि े जू ि
@ npsongs.com
ि भि् लुक् दे ुट ु ि )२
(ँ जीव पाच आज ि ्दा ै...)२
(आफ् जीव  )२
(भा भाथ्य  )२
ँ जीव पा आज ि ्दा ै…","नयाँ जीवन पाछु","","दुःखी"
"89","(ि स्झिदा ा
बेग् हुद हे) २
्ा भीड   पि
् हुद हे
् ् हुद हे
ि स्झिदा ा
 
(्  खस् बेला) २
टिप पोक पा्थे
(स्झ  धे चोटि
 क धोक ा्थे) २
ि स्झिदा ा
 
(भेटि ा पि) २
खोज्द संसा चाह्थे
(हु्् झ लाग् ा
ुट  सा्थे) २
 
(ि स्झिदा ा
बेग् हुद हे) २
्ा भीड   पि
् हुद हे
् ् हुद हे
ि स्झिदा ा","तिमीले नसम्झिदा माया","","प्रेम"
"90","(य धे ा्ेहुक भीडा
एउटा ा्  े ा...)३
 
(गाजल टि चुा उसै )२
्‍ह शृंगा प उसै
प उसै...
( हु् ् े ा
एउटा ा्  े ा )२
य धे ाेहुक भीडा
एउटा ा्  े ा...
 
(ाचुँ झ लाग् ाल उसै )२
झु झैं लाग् सु उसै
सु उसै...
(  ै  बशा
@ npsongs.com
एउटा ा्  े ा )२
(य धे ाेहुक भीडा
एउटा ा्  े ा )३","यति धेरै मान्छेहरुको","","हर्ष"
"91","[ि  है, ि्ा भाहु, े ुटु, ो स।
 प है, ेा आँखाहु,ि् , ोईस।]…२
 
ेसैेस कस् गाढा, ा बसे, धुँदा प जाँद े।…२
ा भ् ् ह ,  ा् ्ो, ुँदा प जाँद े।
 
ो ा बोकी, क भ धौं,  पि प् प्य ि।…२
सप ्य गाढा, बिप टाढा, य ा ् ्य ि।
 
[ि  है, ि्ा भाहु, े ुटु, ो स।
 प है, ेा आँखाहु,ि् , ोईस।]…२","तिमीले त हैन","बच्चु कैलाश","प्रेम"
"92","ि  क हु ै 
ि  अ ु ै 
(x2)
 
ि  हाउ 
ि्  पाउ 
(x2)
हा हा हा...
 
ए  ए सय
 ि् ा ेै
(x2)
 
ाउ क लोभहु
ाउ क डहु
 प अ हेि ै
हा हा हा...
 
 प सॅग  प सॅगै
ि् द  बाॅचेक हु्ु
(x2)
 
आेै ह जी
पाेठै ठाउॅ य ुटुा
ि् लाग खुस साॅचेक हु्ु
हा हा हा…","तिमी बाहेक","फिरोज बस्नेत","दुःखी"
"93","हे बसें    हे 
च बसें    स्झ 
जस् लाग् 
 
क्ख पिहेक    
 उस ह प थाहा ै ् (२)
 
[Chorus]
लौ क भा (२)
ह लौ लौ लौ लौ क भा (२)
लौ क भा (२)
 
ीभाईक ाझ प उसैक ी
आफ्क  प उसैक च्चा  ि
च्चा चलिहेक 
 
च्चा चलिहेक  उसैक 
 उस ह प थाहा ै ् (२)","हेरी बसें","नरेन लिम्बु","प्रेम"
"94","बिस्ा बिस्ा डुब्द ु
ि् ाक साग 
दुख आँश सब बि्से
् चाँह् ि् ् अंगाल 
 
खु पंख फिँजा आश उडेक च झैँ
ुक् हु चाँह् 
ि् ा 
डुब् चाँह्ु
ि् ाा
् चाँह 
 
बिस्ा बिस्ा डुब्द ु
ि् ाक साग 
दुख आँश सब बि्से
् चाँह् ि् ् अंगाल 
 
खु पंख फिँजा आश उडेक च झैँ
ुक् हु चाँह् 
ि् ा 
डुब् चाँह्ु
ि् ाा
् चाँह 
 
साहाा ब दे
ि ेोह्ष  ब दे
(२)
अ्धक उज्ल ेल ाक 
ि े ब दे
(२)
 
सुस् सुस् गाउँद  य  गी ि् ा
बिस्ा बिस्ाै
सुस् सुस्ी
बिस्ा बिस्ाै
सुस् सुस्ी","बिस्तारै बिस्तारै","रोहित जोन क्षेत्री","प्रेम"
"95","स्झ भुल दिेला्इ टाढा ्इे
बोलाउ  फे फे ह्दय ोड्े
स्झ भुल दिेला्इ टाढा ्इे
बोलाउ  फे फे हृदय ोड्े
बल्झाउ ेक घाउ सह धे गा् 
स्झ भुक द बि्स धे गा् 
स्झ भुल दिेला्इ टाढा ्इेला्इ............
 
ा ह खेल धे खेल्
कस हसाउ कस ुउ
भुल् सक् चोट बोकी
आफ् भाग्य दोष् ्
पिडा बो हुदौ 
आफ हदि ाे
 
स्झ भुल दिेला्इ टाढा ्इेला्इ............
 
जीवभ दुख  सुख
अाइह् यह जीव
बाच्  यहा आखा आशु
लि इ हासे आज
जीव चल्दै  
आफ हदि ाे
 
स्झ भुल दिेला्इ टाढा ्इे
बोलाउ  फे फे ह्दय ोड्े
स्झ भुल दिेला्इ टाढा ्इे
बोलाउ  फे फे हृदय ोड्े
बल्झाउ ेक घाउ सह धे गा् 
स्झ भुक द बि्स धे गा् 
स्झ भुल दिेला्इ टाढा ्इेला्इ.........…","नसम्झ","Adrian Pradhan","हर्ष"
"96","ॐ ा पे  (८)
 
साड स् व्ष ्ल टेँ
ह ुँ भ ्ल आँटे
 आज ाय ्लोप
 
आ बाबा ेा हिाल पाी
खुस ल्उँ भ आथेँ ी
आज फे प्य ्लोप
 
भु भु ि् आग  झु्
भु भु य ध् ्य गग चु्
 
चिस कथ्ङ्ग्ीद हिँउक ो
ु भा बोक चड् ला
 प्ा िचोल्द कुहिो
 
अल अल ्द बड्य हुी
 भाइ  बड्य दुी
प फ्क भ्दा झ्य पहिो
 
भु भु ि ् पाउँदा  झु्
भु भु ि् ुप भग 
ए एई...
 
भु भु लह लह बा झुल्
भु भु पा झ्दा प फूल फुल्
भु भु ि् आग  झु्
भु भु य ध् ्य गग चु्
भुो...
","भुमो","Tsujil Karmacharya","दुःखी"
"97","(अ्द्ध िशा लि सुस्देश,
दी ब आयौँ हाी
ि् द्ा) २

Verse 1:
(दु्दशा य सब  संसा
पापक भा ाव िचे) २
(जि्दगीक हाल सुधा् भी) २
ईश्‍व पु् जग  संच ाी।

Verse 2:
(ईश्‍व  ाावक प्दा
पाप ावक पाप ्दा) २
(ोड़ ाव  ईश्‍व) २
आुभय हा् ईश्‍व दुष्ट संसाा।

Verse 3:
(शह येुश, गावैँ बेथहे
ज् गोठ बालक  ) २
(ख्ीष्ट जीवधा, येश ाणहा) २
बिश्‍स ल् आ ज हु् ृ्युपा।

Chorus:
(अ्द्ध िशा लि सुस्देश,
दी ब आयौँ हाी
ि् द्ा) २

Verse 1:
(दु्दशा य सब  संसा
पापक भा ाव िचे) २
(जि्दगीक हाल सुधा् भी) २
ईश्‍व पु् जग  संच ाी।

Verse 2:
(ईश्‍व  ाावक प्दा
पाप ावक पाप ्दा) २
(ोड़ ाव  ईश्‍व) २
आुभय हा् ईश्‍व दुष्ट संसाा।

Verse 3:
(शह येुश, गावैँ बेथहे
ज् गोठ बालक  ) २
(ख्ीष्ट जीवधा, येश ाणहा) २
बिश्‍स ल् आ ज हु् ृ्युपा।","ARDDHA NISHAAMAA LI SUSANDESHA","","दुःखी"
"98","पोखि घाँक झुल् भ संघाा
ि् जि्दगीक ढो
खोंल खोंल लाग् ह २
सयप् फूल फक् आँगा
बासक भा टिप बोल बोल लाग् ह २
क क आँखा  ेक् आउ २
पेल स ाग् क आँखा धाउ्
य धे ािस य धे आँखाहु
 भ ि् आँखा
ोज ोज लाग् ह २
उड उड लाग्  प्ँख कह पलाय २
क शा् लाउक पा कस चला
आफ थाहा ै कस थाहा ला
ेस  ि सि
ध ध लाग् ह २
पोखि घाँक झुल् भ संघाा
ि् जि्दगीक ढो
खोंल खोंल लाग् ह २","पोखिएर घांमको झुल्का","","दुःखी"
"99","बहा  उड्य ,  था्दै २
पल पल ि्ो, द आय २
य  ा्दै

बहा  उड्य ,  था्दै

चाँद ा, जू  ण सी, ि आई
् स्प्स दे
ीक धुो, सग बी, जी
ाग ँ सजा

पल पल ि्ो, द आय २
य  ा्दै

बहा  उड्य ,  था्दै

हिल ौस, िझि व्षा भ , बस् हृ बि
साग झैँ गहिो, द झैँ कल कल, ि् ा, बग्य अप्ि बि

पल पल ि्ो, द आय २
य  ा्दै

बाहा  उड्य ,  था्दै","बहार संगै उड्यो मन","","प्रेम"
"100","प्ि बि यौव
, प्ि बि यौव, अफाप  भ
ि बिा, संसा २
उजाड उजाड,  भय २
प्ि बि यौव
स्झ आउं ह पल , ब्ध ्य ा
आँखा आउं झल्झल स्बि, िल ्य ा
धो हु् भ् शंक  ा, शंह  
प्ि बि यौव, अफाप  भ
क पा भ वल, ि् ा खेथे।
य दु दिक जीवी,  ि् ा ोथे
धो हु् भ् शंक  ा, शंह  
, प्ि बि यौव, अफाप  भ
ि बि संसा २
उजाड उजाड  भय २
प्ि बि यौव
ह प्ि बि यौव","प्रित बिना यौवन","","दुःखी"
"101","उड जाँउ भ  पं इ
बस् ए ल  ै
खासक ोह लागे ह 
स े ए ल ँहा ै
फुल फुल  प  े फुल्दै -2
लाख ाा क ्  ्येहा े  ै
बिहक आग िभा खोज् आशु  ए ल िभ्दै
खोलाक पा सि्दु ि्खा ेटा ए ल सक्दै
पिीक सिय ै चि् फाट सिउ भे-2
चोट प िठ लाग् ालु  दिय भे
टाढा  खास य गी े सु् क ए ल सु्दै
ब्दक ुट उस् फे आउ क ए ल आउदै
उड जाँउ भ  पं इ
बस् ए ल  ै -2","उडी जाँउ भने म पंछी होइन","","दुःखी"
"102","कु ाँ सद भो
े ाँ बद भो
 दि ाँ भ्दा
जाल ाँ कद भो
 ् ाँ िी
झुठ लग्य की
क े ाँ ि जुठ लग्य की","कुन माँया सदर भो","","प्रेम"
"103","दे  इ  पि
धे क  े पि
पी बेद ि् जि
्य    येंहा े पि!
ा ोए ि पि
ि जस् ोए  पि
बोलाउ  िस्ठु भी
ि् जस् धा े पि","तिम्रो जस्तो मुटु मेरो पनि","","दुःखी"
"104","आ ............................
आउ  ठा ा  लाडि
क भईसक  सक्दै बाडि

सुल ा् सुकुा  ि  जी
 दिउ कस क ास भ िसाी
हु्क् ा ा ोप ुस् गोडे
स्व्ग जाउ   प् ोडे
जिक स्द स्द आउ  टासि

उल ब्द अंधे ब्द लु खे
खोज भाड् क शा् ि्लज्ज च
 श्स प क फे् बिउँझदा िदाउदा
प्ेक ह् कस ग ि फउदा
साप ि् पि े सक्दै ासि
आउ  ठा ाी ....................
हं हं .................................................","नआउ जुन कोठामा राती मसँग लाडिन","माणिकरत्न","प्रेम"
"105"," प  ािस  ाीभि् ुट चल्
 प ह ु हास्  लाग्
 प अ झ ा ्  लाग्
 प  ािस  ..........

ि् बोल सु्दाखे ाइल लाग् 
ि्  ि् बिश्स शहााझ लाग् 
ि हा बढाउदा थािदि  लाग्
 प  ािस  ...............

ि् हास ि् आश आफ् ठािसक ै
ि जीवक  ािसक ै
ि झुक्दा अंगाल बाधिदि  लाग्
 प  ािस  ................
......................................
......................................
......................................
","म पनि त मानिसै हुँ छातीभित्र मुटु चल्छ","माणिकरत्न","हर्ष"
"106","य कस् ा दिय बद ुट जल्
य क ब्षा ली आग हा चल्
य कस् ा

क पिडा क आश शा  ु् क 
अध् क अध् य बिहा  हु् क 
य कस् ा .................
..........................
.......

 आउ  अाई प्िक्ष  शिा 
जा ैक गी गु्जि सु् 
य कस् ा ...................
...........................
..........","यो कस्तो रात दियो बदला","माणीकरत्न","दुःखी"
"107","एउटा ाा झ्दा प आश सिङ ि् लाग्
एउटा गल् भ थ्य जि्दग  ि् लाग्
एउटा ाा ..........................

ुटुभि् गी   आँखा सुसक्
ाउा् इ े ाा डुबिसक्
एउटा ाा .........................
................................
................................

् लाग् े ा बिोड ाइदि
फुल  ंडा ब् बस्  अाईग
एउटा ाा ..................
....................................
....................................
","एउटा तारा झर्दा पनि","सि पि लोहनी","दुःखी"
"108","आजभोल  ह िी 
सप ि ाडेकी - 2
 बस े कु 
क खाल  ढाटेकी - 2

सप ि ् ंी 
 बे भीगय ा ीी 
क िद बििसक ि भ आईौ 
कुहिोक घु्ट खोल स च्ईौ 
आजभोलि ....................
.....................................

बालकक खेल् घ हा् प् है 
ज जाउ ि प बि्स  ै 
शि सुस्ाएझ फुल ाीाथी 
ि स्झेक   े ी 
आजभोलि .........................
................................................","आजभोलि किन हो तिमी सपनामा देखिन छाडेकी","शिव शंकर","प्रेम"
"109","य चाड कस बि्सु
सि्सि पा ुझे - 2
ोिजस् पाीक थोपा
ि् ल स ् - 2 

सुसा  थिय सुबुट्ट ा 
हिड्दहिड्द ोइएथ सुकु हा 
धड्क आपस े झ  
झ्झाइ बज ि्ा चि्बि चुा
य चाड कस बि्स सि्सि पा ुझे

 हिंड् दुइज एउटा थिय ाा 
जुलाफ  ि्ा गा िएथ ाा 
ि् भ भिक थिय आधा जिउ साा 
 भ पुेक  पसिा धाा 
य चाड कस बि्स सि्सि पा ुझे 

कपालक पा  प्िथ्ब ् 
कु्  भागेक थिय अलिक ्की 
दु कद प ि्ा पाउ ोएथे 
अचाक य ा सास ेएथे 
य चाड कस बि्स सि्सि पा ुझे  ","यती चाडै कसरी बिर्सु सिम्सिमे पानीले रुझेको","शिवशंकर","दुःखी"
"110","सि हा बग्य सुस्ी
ा् दुि  फे उडा लग्
उड हेक भु 


अ् आश बगाइ लग्
जाँद ु, का ि
बगे आश ि
आ दि कस क था
  अहिलाग  बाँचिह ु
सप खोज्दा खोज्दै
आफ  भुु
जाँद ु, का ि
बगे आश ि
जाँद ु, का ि
आ.आहै.
बगे आश ि
आहाहा आहाहा.हा.है
आहाहा आहाहा.हा.है
सिििि
जििि
सिििि
जििि
जिििििि
सि हा बग्य सुस्ी
अ् आश बगाइ लग्","सिरिरि","बिपुल छेत्री","हर्ष"
"111","हेय
गाढल ची
गाढल च ेो


 क पा आज
का भगे

ह््
वो पा क हल हेा आज का ाझेस

हेय
सलल बग हे
कलल खेल ह य ीस् खोला
ह््
बगेक  ि दाहि आयू
कस् य बेला

अल् य व
कस दि् य 
अल् य व
कस दि् य  हे

ह हेय
पौ ह यहा 
लौ ह यहा 
ा  पौे
दु दि क य जि्दग   क पिौे

ह हेय
लि् ह यहा 
दि् ह यहा थोै
कस पुग्े
लागे  कहि ै  क थुपा्े

अल् य व
कस दि् य 
अल् य व
कस दि् य  हे

सील सील हा बग्य  ह
औ दि्  कस्  थाह ै
 कस्ा कस्ा   खेल ह्
अस्ि्व खोज ह आजा स पा ै

ह हेय
 क     
कस  क भुँ
साँझेक ा पा ै
कस  क डउ

ह हेय
चा ि चललल कंगचे्जुंगा हिाल
ढकय संसा
पहा प शा्  ै
च ज हैक   ल

अल् य व
कस दि् य 
अल् य व
कस दि् य 

अल् य व
कस दि् य 
अल् य व
कस दि् य 

अल् य व
कस दि् य 
अल् य व
कस दि् य ","अल्लारे यो जोवन","बिपुल छेत्री","हर्ष"
"112","खो बग्य सलल, फ्क आ य पल आ.है... य पल
पा   क कि, पा  पि आ.है... पिी
ऋ  बदलिए, सय प बदलिए


ऋ  बदलिए,   े कह  बदलिु

ाीक पि ोडिदेउ, क ढो खोलिदेउ आ.है... खोलिदेउ
ह्ष  ाच ह हा साा, ज् य   ा आ.है...  ाो
युग  ढ, दि प ढ
यौव  ढ,   े कह  ढल्दै

आजस् आउद ि्ै दहु, यौवक बगे आज गहु
आजस् लाग् जि्दग ह अधुो, हे्दा हे्द बििस जीव ेो
... जीव ेो

जि     खो, ेप  क  बो आ.है... बो
युग  ढ, दि प ढ
 यौव े ढ,   े कह  ढल्दै
 े कह  ढल्दै
 े कह  ढल्दै","मन","बिपुल छेत्री","हर्ष"
"113","दि प े ा
ा प ि्  सझा
ालु  स्झ 
िहे यहा कल्पा

ए खे भ सक्
औ क ू े ा
दि प ढाल सक्
आज क प्खौ े ा

लाहाइ
ा क जाल फ्शहय  है
लाहाइ
हे्दा हे्द  ढल सक्य है

आहाहाअ हाआ हाआ

लैजौ  ि ैइ सह े ा
ोट  े    ि  े ा

दि प े ा
ा प ि्  सझा
ालु  स्झ 
िहे यहा कल्पा

लाहाइ
ा क जाल फ्शहय  है
लाहाइ
हे्दा हे्द  ढल सक्य है

आहाहाअ हाआ हाआ

आहाहाअ हाआ हाआ अहहहाहहा हाआ हाआ हाआ अहहहाआअ

आहाहाअ हाआ हाआ अहहहाहहा हाआ हाआ हाआ अहहहाआअ

आहाहाअ हाआ हाआ अहहहाहहा हाआ हाआ हाआ अहहहाआअ

आहाहाअ हाआ हाआ अहहहाहहा हाआ हाआ हाआ अहहहाआअ","मेरो माया","बिपुल छेत्री","दुःखी"
"114","आस भ ौंलाख ाा
आस भ ौंलाख ाा
झलल बलिह  ह ि क टाढा


सुसा   ैि
सुसा   ैि
्य पा गाँउ बिजुल ब् ज
झ ल ल ल ल ल ल ल ल ल ल ल ल
झ ल ल ल ल ल ल ल ल ल
हा चल्य  स
हा चल्य  स
स हा चल्य हल्दिय पिपल ुख
ाक ा उ 
ाक ा उ 
गग बास ैि िए 
जिव  बि् ह 
जिव  बि् ह 
अधु जिव अधु बि् ह 
आस भ ौंलाख ाा
आस भ ौंलाख ाा
झलल बलिह  ह ि क टाढा
झ ल ल ल ल ल ल ल ल ल ल ल ल
झ ल ल ल ल ल ल ल ल ल
झ ल ल ल ल ल ल ल ल ल ल ल ल
झ ल ल ल ल ल ल ल ल ल
झ ल ल ल ल ल ल ल ल ल ल ल ल ल
झ ल ल ल ल ल ल ल ल ल","नौंलाखे तारा","बिपुल छेत्री","दुःखी"
"115","भेट भय आज हा सि्डिट्क ाझ हाी
उभिए ि् बगल ा, बिज ि ोबाइल  हेेु
खीक व,



ा ि् थाहा ै   प्हा ै
बोल ह हे है, आँखा ह भिहे है
बोलुं  क भे
ड प लाग् चे

ि  सिलिगुि,   सिक् ि

खुस  ह ि् ाझ भ साा संसा आज
ि प      क ाइलो
हु थिय भ्

कस् य िल हा्ो, बीस िेट क स्ब्ध हा्ो
पा प पाए , चि प चि 
जि्दग ्  ह 
आफ्    द 

ि  सिलिगुि,   सिक् ि

  हेेक झ लाग् घ घि
(हे लाग् घिघि)
फ्क   प आशा सि
(हुउ... आशा सि)
 च्द  ाउद ु
( च्द ाउद ु)
ि  भ कल्प ्ु
(कल्प ्ु...)

कस् द्क पा प्, भि  चु 
ि  ओ लाग आफ् गाड प्खिहे
भि आज  ह 

सब गाड चढ् थाल्य काण्ड क ह् सुी
कलि्पोङ ट सिलिगुि, भ ि कस् िस्ठुी
चडे गय का ि
ाड ाख्य  य ि
ि  सिलिगुि,   सिक् ि
ि  सिलिगुि,   सिक् ि
ि  सिलिगुि,   सिक् ि","सिन्डिकेट्","बिपुल छेत्री","प्रेम"
"116","कह हिँ का का  हु्  प ्ल ्ल हिंड् प ह हिंड् प ह एउट  प  ोडे हिंड प ोडे ्््.ह््््.ह््््.ह््््.आहा. ्््.ह््््.ह््््.ह््््.आहाहा. ाचुँ् भ्थ सँध ि् दिल ाचुँ् भ्थ सँध ि् दिल जिवक  ल्य िल हाँ   सब बि्से ओ.ओ. कह हिँ का का  हु्  प ्ल ्ल हिंड् प ह हिंड् प ह एउट  प  ोडे हिंड प ोडे ्््.ह््््.ह््््.ह््््.आहा. ्््.ह््््.ह््््.ह््््.आहाहा. बसु् भ्थ सँध ि् ेउ बसु् भ्थ सँध ि् ेउ संसाक ि पा्य िल ु  हिँड ोडे ओ.ओ. कह हिँ का का  हु्  प ्ल ्ल हिंड् प ह हिंड् प ह एउट  प  ोडे हिंड प ोडे ्््.ह््््.ह््््.ह््््.आहा. ्््.ह््््.ह््््.ह््््.आहा. आहाहाहाहाहाहा.","कहिले काहिँ","बिपुल छेत्री","दुःखी"
"117","आश ाा, ेल ा
कलकल खो बगे,
ि  , बस हे हे,


 ाचे,
आश आशा
हिडिहे  आज
पा क  
भाग जाउँ ि  
संसाक ि ्  
सब ाड   
व्य्थक  अल्झ बसि
जि्दग बिा प 
उड्   लाग्
  ह का
हा हा हा
पा  क  
ाड ाख जाउँ ि ...
ह ह आ आ

आजक य ा फे 
ह बिउँझा
कल्प े आँखाी
 ब ा
य िठ ा यै
बसिद  हु्थ्

आ आ

बिहा आ अघि
भाग जाउँ ि  

ि ।।।।","जुनकिरी","बिपुल छेत्री","प्रेम"
"118","हे...
अाश ुे, संसा ढाक्े,
विशाल ि् डाल


हे...
उडेक बादल, ोपेक ि् ुहा,
लजा ि् चाल
हजाौँ  ि् ुप,  ेटिे,
ज हेेपि
ाखे अँगाल लिए,  िी,
हा  ि

Home, home calling home
Home, home calling home

हे...
लि क ु, सब ोह ा  अल्
चाहि हा क ,
  िल जुल् खेक हा् 

बुझ् बुझेपि,
्य े भ्द  सब ब्बाद
द अाउँ ि् द,
  ्  े हाल,
 ा भ्द अाउँद ि् द

(ॐ ा पाद् हु)
Home, home calling home
(ॐ ा पाद् हु)
Home, home calling home
(ॐ ा पाद् हु)
Home, home calling home,
(ॐ ा पाद् हु)
Home, home calling home
(ॐ ा पाद् हु)","माउंटेन हाई","बिपुल छेत्री","प्रेम"
"119","डढेल लाग्य ्य पा डाँडा साँझि
ल ह फे  े लाग्य पी
बास फैलिय आग स
दह ि् फ् आय झललल

बुझाईदे  जलीा य 
पक्डिदेउ  उडीा य 
बुझाईदे  जलीा य 
पक्डिदेउ  उडीा य 

ैि अँध् ै, अँध्  
आजस् सप अधु  
कस बुझाँ य बुझ् हहु
दि  ाझैँ कहिल्य िल् सपाहु

बुझाईदे  जलीा य 
पक्डिदेउ  उडीा य ","विल्द्फिरे","बिपुल छेत्री","दुःखी"
"120","पा प्य स, ा बज्य 
 उठ्य आज े आ्दक लह
हिक विपा, आज  सपा


ए ्ी, क चाँड बिेक य जीव
पा प्य स, भिज्य बुङ सह
ल ल बादल चढ फ्क आय असा, ल है

जि्दग कह घा कह पाी, ल ब लै
ा  सब भ्दा ठुल कु   है
ैि ि ि आश  ाय है
विप लागेक य कुहि हाय है
 साँच ाख हिँडिहेु
 ि् साहाा बाँचिहेु, ालु

पा प् स, ाेडा बग् 
फ्क अाए ि् ि ाड साा संसा
हिक विपा, अाज  सपा
ए ्ी, क चाँड बिे  जीव
पा प् स, भिज् बुङ सह
  बादल चड फ्क अा असा

ल ब ल ब ल ब लै, अा ाी
ल ब ल ब लै
ल ब ल ब ल ब लै, अा ाी
ल ब ल ब लै
ल ब ल ब ल ब लै, अा ाी
ल ब ल ब लै
ल ब ल ब ल ब लै, अा ाी
ल ब ल ब लै
ल ब ल ब ल ब लै, अा ाी
ल ब ल ब लै","असार","बिपुल छेत्री","हर्ष"
"121","देउाल डाँडाक शील हाा
साा जंगल ाच्य है
ि बिाक जी्दगाी


 कस   टुँ है

ेल चढ  जा टाढा
ाड य सब य संसा
अा दिक अाशा ाखि
 अघ बढे ्य पाि
जी फे  लाग्
अा हा हा
अा हा हा

ज हिँड उ टाढा लाग् पुग् ्
हे  दि ढलिसक्
ि् कल्पाक सु्द् डुबिहे
कस् य क खाँचो
  पुग्  े य इच्ा
  पाउ ेक प्िक्षा
ा

दुिक य ोह ाा
 धे अल्झाउ है
एउट भ जी्दगाी
 जस   टुँ है
ेल चढ  जा टाढा
ाड य सब य घ-बा
ि पा अाशा ाखि
 अघ बढे ्य पाि
जी फे  लाग्
अा हा हा
अा हा हा

लाग्य जी  
अा हा हा
अा हा हा","देउराली डाँडा","बिपुल छेत्री","हर्ष"
"122","ा साइली,   यौवक पि
ग खाए  खो ाैा
ा साइली,   यौवक पि


ग खाए  खो ाैा

ढलपल ् बादल ाथ बादलक ाी
बि्स ि टाढा  पि
टाढा  पि
टाढा  पि

ा साइली,   यौवक पि
ग खाए  खो ाैा

चिस चिस हा बग्य ुट  भिज्े
  ह क े जि्दग बि्े
ा साइली,   जि्दगीक खोजा
ग खाए  बिा शहा

ढलपल ् बादल ाथ बादलक ाी
बि्स ि टाढा  पि
टाढा  पि
टाढा  पि

ा साइली,   यौवक पि
ग खाए  खो ाैा
खो कीाैा
खो कीाैा","राम साइली","बिपुल छेत्री","दुःखी"
"123","दा्जिलिङक ेल गाडी,
ुक ुक ्द अघ बढी
बूढापाखा, यौव


सब सेट हिँडी
बिीसक क जीव
आय फ्क कि
अघ बढे ह िी
ूक्  कहिल्य पि
संसा  ाड ँ
ि जस् है, अ्क है

बास डाँडा टे,
आय ह फे फ्
इंजि धुँ उडाई
क क ग सिट बजाई
संसाक भीड़ आज भागे  आज
ि्  े ाझ पुा य ब्ध अझ
लैजा  िी
जि  गा्ह भय है
क कु
क कु
क कु
आ हा हा

दु दिक जि्दगाी
्ेौं ह सब हाी
जिउ  ा ाी
आ हा
भ ा बोकी
सझ्  घ घी
् अझ क 

 टाढा    
संसा जि्  
सक् हिँ  है
ह 
ि्  ि
ि् हा थाेि
संसा  जीीदि्ु
आश  चुिदि्ु

हिल हिल ैि हिली
जाि हे
ि चीबाी
उल  ओाल ्द आय डाँडा टी
कहिल्य हीँ ि स्झ द आउ बेस्सी
हिँडे ्य पा चढे  ेल गाडी

ेल गाड ेल गाड चढे ह जा 
ेल गाड ेल गाडी
ेल गाड ेल गाड चढे ह जा 
ेल गाड ेल गाडी
ेल गाड ेल गाड ेल गाडी
आ हा हा","रेल गाडी","बिपुल छेत्री","प्रेम"
"124","श्ीा् ग्भी ेपाली
   प्चण्ड प्ाप भूपि
   श् ५ स हााजाधिाज
   सदा स् ्ि
   ाखु् चिाय ईश
   प्जा फैलिस्
   पु जय प्े
   हा ेपाल साा
","","","देश्भक्ती"
"125","
सयौं थुँगा फूल हाी, एउट  ेपाली
सा्वभौ भ फैलिा, ेची-हाली।

प्कृि टी-ट स्पदाक आंचल
वीहू ग, स्व््  अटल।

ज्ञाभूि, शा्िभू ाई, पहाड, हिाल
अखण्ड य प् हा् ाृभू ेपाल।

बहुल जाि, भाषा, ध्, संस्कृ  विशाल
अग्गा ाष्ट् हा्ो, जय जय ेपाल। 
","","","देश्भक्ती"
"126","बिहाीक ि्िेसङ्ग अाँखा े खुल्य सुौल घाक झुल् स्व्य्भ प्य कद े चाल्दा चाल्द पुग  पशुप  साा िसक विश्सक अुभु स्व्ग जस् पवि् ठाँउ ह्ष  ि ुस्  सब ािस ह्श अडि अा अा अाअा अा े ठाडौं अा अा अाअा अा े ठाडौं धहा वस्पु ाीपाेख प्कृ ि ् विप ठ ्दि पुा क अेक     पि अचा सब िठ भ्द चीहुक चि्बिसङ्ग बाग बग्दि आफ् टोल आफ्  बोलाउ् ए वी अा अा अाअा अा े ठाडौं अा अा अाअा अा े ठाडौं बिहाीक ि्िेसङ्ग अाँखा े खुल्य सुौल घाक झुल् स्व्य्भ प्य कद े चाल्दा चाल्द पुग  पशुप  साा िसक विश्सक अुभु स्व्ग जस् पवि् ठाँउ ह्ष  ि ुस्  सब ािस ह्श अडि अा अा अाअा अा े ठाडौं अा अा अाअा अा े ठाडौं ।","Mero Kathmandu","Nabin K Bhattarai","देश्भक्ती"
"127","अाँखा ि पाउ  धे धे अाँखा ि पाउ  धे धे सप ि पाउ ि्द् भ सप ि पाउ ि्द् भ ज आफ ा  सक्दि ज आफ ा  सक्दि ा ि ्  धे धे ा ि ्  धे धे लिइ ि हिड्   ं ं लिइ ि हिड्   ं ं अंगाल ि ाख्  ं ं अंगाल ि ाख्  ं ं टुक््इ आफ ड्  सक्दि टुक््इ आफ ड्  सक्दि ा ि ्  धे धे ा ि ्  धे ","Timi Malai","Nabin K Bhattarai","प्रेम"
"128","जि्दग कह ा कह ा जि्दग ुहा कह हाश कह आश ुहा दि  ा क ाझ साझ य बसेक  जि्दग कह ा कह ा जि्दग प्कृ कह आ्ध कह शा् प्कृ जिब कह ृष्णा कह प्ाप् जिब ज्  ृ्युुक खेल श्स य अडेक  जि्दग कह ा कह ा जि्दग दि  ा क ाझ साझ य बसेक  साझ य बसेक  जि्दग कह ा कह ा जि्दगीा","Ye Jidagi","Nabin K Bhattarai","दुःखी"
"129"," ि चाहे प ि् जिक  आ स  े क ह  े बिवसा...  ि चाहे प ि् जिक  आ स  े क ह  े बिवसा... -ाा हेे कैयौं चिसा ा बिाए ि आ  हेे कैयौं ऋ डुब सक  ि चाहे प ि् जिक आ स  े क ह  े बिवसा...  ि चाहे प ि् जिक  आ स  े क ह  े बिवसा... लाग्  े भाग्य ि् प्िक्षा  थिय गोधुँलीक साँझ प सङ्ग-सङ्ग हिंड्    ि चाहे प ि् जिक आ स  े क ह  े बिवसा...  ि चाहे प ि् जिक  आ स  े क ह  े बिवसा...","Timilai Chahera Pani","Nabin K Bhattarai","प्रेम"
"130","  ाख हल् ग  ट् धे हु् सल् ग   ाख हल् ग  ट् धे हु् सल् ग पाइ आफ चाल स्झ ि  अाफ ोज च ि   ाख हल् ग  ट् धे हु् सल् ग भाव ोप ाख हल् ग ई्स्ल धे हु् सल् ग भाव ोप ाख हल् ग ई्स्ल धे हु् सल् ग जल् धे हु्् बुझ ि बाधा अेक ब्् भुल ि   ाख हल् ग  ट् धे हु् सल् ग पाइ आफ चाल स्झ ि  अाफ ोज च ि   ाख हल् ग  ट् धे हु् सल् ग   ाख हल् ग  ट् धे हु् सल् ग पाइ आफ चाल स्झ ि  अाफ ोज च ि   ाख हल् ग  ट् धे हु् सल् ","Halla Nagara","Nabin K Bhattarai","दुःखी"
"131","बिहा ण सङ्ग स्झ ुट भ आस जाग दि् ँ उ्साह ँ उंग  सु्द सप सि्जिदि् हा ोइदिदा े  व्षा चुिदिदा य  ि् स्झ बोलाउ ि् ा  डो्उ बिहा ण सङ्ग स्झ ुट भ आस जाग दि् ्ल बस्दा सु् बास जिस्उ कल्प ं डुबिदिदा दिा सुसाइदि् बासक जिस्इ दिालाक सुसाइ ि् ा ् भ ि् ा पाउ झलझल बिहा ण सङ्ग स्झ ुट भ आस जाग दि्","Bihani Kiran","Nabin K Bhattarai","प्रेम"
"132","अीक ि् द झस्इह् य  बि्स प्स ्  स्झ आउँ  झ फ् ि्  बढाय दु झ फ् ि्  बढाय दु झ ा् ह ेक  िठा ह बाेक फ् ि्  पीडा लुइ ुटुक ाझ स्झिह् ि ह साझ ब्स्् आखा अासु भेल कठि हुेभा वि हा् ेल सक्दि टाढि ु्  ि ि सक्दि टाढि ु्  ि ि ा् ह ेक  िठा ह बाेक फ् ि् ।","Tmro Mayale","Nabin K Bhattarai","प्रेम"
"133","ल हेऽऽऽऽऽऽऽऽ ालक पा  खा पिी   क  ालक पा  खा पिी   क  ालक पा  खा पिी   क  ालक पा  खा पिी   क  हु्््््् अइ अइ अइ अइ हाँग ाच् व च  आशैक बाजा जुगौं भय पिी भाक बल्ल भेट आज सुक ठ सिलाु्द्  लिइ आ् बा्  लाग ेपाल जा् ृण प ि् ह ऽऽ ालक पा  खा पिी   क  ालक पा  खा पिी   क  ह ऽऽऽऽऽऽऽऽऽऽ स्बास्स हु्््् अइ स्य जुगक ढुंग चकक कलीजुगक स ाक िंद दिक सु्ा साध्य ै  फूलपा देउाल भाकल ग ँ ज्क ा पाउँ भ कस  खाएँ ह ऽऽऽऽ ालक पा  खा पिी   क  ालक पा  खा पिी   क  ालक पा  खा पिी   क  ालक पा  खा पिी   क  ल ह ऽऽऽऽऽऽऽऽऽ स्बास्स स्बास्स स्बास्स ह ऽऽऽऽऽऽऽऽऽऽऽ हु्््््् ल ह ऽऽऽऽऽऽऽऽऽ स्बास्स उठ्य बस्य उठ्य उठ्य बस्य उठ्य उठ्य बस्य उठ्य बस्य उठ्य बस्य उठ्य बस्","Taal ko Paani","नेपथ्य","हर्ष"
"134","घा डूब्य साँझ प्य  ुट्टि प बे भ आजक दि प बि्य य ा ट् ट् भोल आ  आ फे भेट   य ोट गी ि फे भेटेस् यद फे भेट  साँच ाख् स्झ","Choto Geet","नेपथ्य","प्रेम"
"135","सु ह गाँउ ह सु सु पा घक कथा ई य घ भि्क ब्यथा हा् ह सु ह हिालक ख सुख शा् थिय ्दाक िय सल् बल्य सुसा ा दद आग ृ्युक लह फैलिए जस् गाँउ-बस्ी  ड भो (सयक झेल्ल खेल देश दुख्य गाँउ-ठाँउा) २ शीस ् दाज दिद ह देश दुख्य गाँउ-ठाँउ अई... लािु-प् पािु-प् बिाण सध ोप खा प् खाक बिख लाग  ह ह पल ह साँझ िह प् कु दैबक स्ाप लाज्ञ अच् भ हा् घ सिस् उ््य दैलो-दैलो  सि टक्क अडे ा भ देश बो सि टक्क अडे ा भ देश बो ोए ह पैला  ह् स् िधाक ा फुटु्लस् च् ा उ्लिय ब्यथा चुपचाप जंघा ् बे भक्क ाड ुदै (ुंग् पस हा् दाज भाइ पु्व  ेल चढे) २  बच प्ी साँचे ब भाव साँच्च ्गे च ह  देश  पाउँ स्व्ग ्य बिध    गु शा् भ्दा प ै अ्क बुद्ध प्े बे बैी  ु् यलििक्स-डट-क ल बेल स पु्उ (सु्द शा् देश चे पु्खैक आशिस स्झे) २ सु ह गाँउ ह सु सु पा घक कथा ई य घ भि्क ब्यथा हा् ह सु ह हिालक ख सुख शा् थिय ्दाक िय सल् बल्य सुसा ा दद आग ृ्युक लह फैलिए जस् गाँउ-बस्ी  ड भो (सयक झेल्ल खेल देश दुख्य गाँउ-ठाँउा) २ शीस ् दाज दिद ह देश दुख्य गाँउ-ठाँउ अई... लािु-प् पािु-प् बिाण सध ोप खा प् खाक बिख लाग  ह ह पल ह साँझ िह प् कु दैबक स्ाप लाज्ञ अच् भ हा् घ सिस् उ््य दैलो-दैलो  सि टक्क अडे ा भ देश बो सि टक्क अडे ा भ देश बो ोए ह पैला  ह् स् िधाक ा फुटु्लस् च् ा उ्लिय ब्यथा चुपचाप जंघा ् बे भक्क ाड ुदै (ुंग् पस हा् दाज भाइ पु्व  ेल चढे) २  बच प्ी साँचे ब भाव साँच्च ्गे च ह  देश  पाउँ स्व्ग ्य बिध    गु शा् भ्दा प ै अ्क बुद्ध प्े बे बैी  ु् यलििक्स-डट-क ल बेल स पु्उ (सु्द शा् देश चे पु्खैक आशिस स्झे) २","Simanama","नेपथ्य","दुःखी"
"136","स्साँझ ग काईह्य ख क खब ल् ह स्साँझ ग काईह्य ख क खब ल् ह ु्ा, ेक गि सु्दा स्द  थाक सँ ल क क  हु ह स्साँझ ग काईह्य ख क खब ल् ह सयक क्ु ा  हिाल पेजस्  दुैक ग  ोल्पाक घाउ सिा फुल सिउ िदा  सक्दि आद्शक   ह प बुझ्दि ाुल्ल पोखि दुख पिडा अंगाल्द आउ  बसे अ् बुझ य ा िचोल्  घु गि गाउँ स्साँझ ग काईह्य ख क खब ल् ह ियि खेल  ाथ झेजस्  क भ य जग ल बे य फग ियि खेल  ाथ झेजस्  क भ य जग ल बे य फग सिा सुसे सुस्ा  पाउदि संघ्ष   भेउ  पाउदि जाज अल्झि विप ाल्द आउ  ि ँ संसा बु य विा ोडौँ अ हु पि् लाउँ स्साँझ ग काईह्य ख क खब ल् ह स्साँझ ग काईह्य ख क खब ल् ","Samsajhayima","नेपथ्य","दुःखी"
"137","टाढा धे टाढा उडे ंगी चा ध् कह फि्ला् आशक ल ैल हट घा  कह खुल्ला् टाढा धे टाढा उडे ंगी चा ध् कह फि्ला् संघा क आाक ा हु चक आवेग संघा क आाक ा हु चक आवेग ् लाग् य घसंसा जलिहे संवेग आज हा ाझ बल्झे पि साा व कह झ्ला्  च्द् सु्य च्क स ुस् कह ्ला् ुस् कह ्ला् ्ा  पहिल्उँद ् दि पुग् ुल ्ा  पहिल्उँद ् दि पुग् ुल घ पि् बाधा अड्च ्ा दिउँ दो गाढा धे गाढा युगौँक भाइा ोडे ोडि् द पहाड धेश धु अेक ाचौँ  ि  ाचौँ  ि  ाचौँ  ि  ाचौँ  ि  ाचौँ  ि  ाचौँ  ि  ाचौँ  ि ","Rangin Chara","नेपथ्य","दुःखी"
"138","आ हु आ हु सह् असजिल  पहाड जस् उचा पुगे ैदा भईदि प् ैदा पुगे उल भईदि प् ... उल भईदि प् आ हु... स्ा  पुग् खो -२ सप  पुग् स्वच््द चा जस् आ पहाड ेउक चौा हु अभिशप् ् -२ आ हु अफ्ठ्  आ हु... पहाड हु जस् गह्  आ हु... आ हु सह् असजिल  पहाड जस् उचा पुगे ैदा भ ईदि प् ैदा पुगे उल भईदि प् ह उल भईदि प् आ हु आ ...","Ghatana","नेपथ्य","हर्ष"
"139","ाथ उच्च आश उड्दा सिलक भु झ उड्य े  ाथ उच्च आश उड्दा सिलक भु झ उड्य े  सा सु्द् े आउदा   भेट् स घक  भ्  पाइ घक  भ्  पाइ भि्  ख कु् क थिय झिलििल इ्ष् जाग्द आय ध् उह ह आश प उह ह क विघ् प्ग ह य आँख सि पलाय हु  ादेशक कथा टिपिला्थ े देश  हिाल हाँसेक  गुँास फुल् पाखा  ोध बस् गाँउ  ा साट्   घ आक   ख क  ग सु् ह  सञ्चा भ्थ हा हा हा हा हा हा हा हा हा हा हा हा हा हा आ बाबा स्चा  आशिष पठा' प्ि बिोडक पीडा पठा' ज्भु ि् अभाव पठा' ज्भु ि् अभाव पठा' दि दशा बिग्ेक बे धे  बिग्े  हा हा हा हा हा भाइ भाइ लडे विा ेक बे गाँउ शह  डढेक  पोख भ्थ सु्दि ह   ह सा सु्द् े आउदा   भेट् स घक  भ्  पाइ घक  सु् ह पाइ घक  भ्  पाइ घक  सु् ह पाइ","Ghar ko kura","नेपथ्य","देश्भक्ती"
"140","(जू झ शिलु... घा झ पािलो...)२  जाउँ ि दाहि च्द् पोस् शा्ि... (दुब जस् फैलिदैं जाउ पा जस् ल्दैं जाउ)२ (ब-पिपल झैं े देउाल ा आउ)२ दि दैं बादल हिाल ेक क भो (आखि भोल उल  हु दैं )२  बाझ्  आपस धे ला् आफ् स्झ बि्स दि चुपचाप (आज ्)६ (ि्ि िस्क जस् दि भ क् ्द साँझ घ फि् पाउँ)२ (ि हा े  ि)२ य देश ं ह स्","जून झै","नेपथ्य","देश्भक्ती"
"141","(आ हु)× 2 सा्ह असजिल  पाहाड जस् उचाइा
 पुगे ैदा भैदि प् ैदा पुगे उल भैदि प् ओओओओ .
उल भैदि प् आ हु हे.ए. (स्ा  पुग् खो 
)×२ सप  पुग् स्व्द जा 
 आ पहाड ेउक चौाीहु
 अभिसक्  आ हु अप्ठ्  आ हु पहाड हु जस् गा्ह 
आ हु हे .ए।।।","Ama","नेपथ्य","हर्ष"
"142","अग् सु हिाल गहिि ाल द अग् सु हिाल गहिि ाल द ज् िक लडाइँ य ख कह स ह कह स ह अग् सु हिाल गहिि ाल द प्व फो भि् दुखेक दुख प्व फो भि् दुखेक दुख हि पहि क ल ाँग ाँग -ल्क्य पा द गहि बग्य का-का थाहा ै ुट्  एउटा  धुँदा प से ह् हिाल िल िल आश िल िल आश िल िल आश","अग्लिने सुर","नेपथ्य","हर्ष"
"143","े हजु य ा ि  ह े हजु य ा ि  ह स्हाल ाख गा ाख स्हाल ाख गा ाख े हजु य ा ि  ह सुसा ा  ह का ाा ग्द ि खोज बसेँ सुसा ा  ह का ाा ग्द ि खोज बसेँ बाहि हिाल हाँसिहेथ्य जू लजाउँद थिय ्य  बे सिा पल्टाएथेँ हजु स्झे  जस बिउँझ्य क ि प  जस बिउँझ्य क ि प े हजु   पागल प्े बेस  े हजु   पागल प्े बेस  स्हाल  ्  बौला  स्हाल  ्  बौला ु","Mero Hajur","नेपथ्य","प्रेम"
"144","  जाउँ जीव ोट    जाउँ जीव ोट  ह खेक स्झ चेथे फाल सिा फोट  सिा फोट    जाउँ जीव ोट    जाउँ जीव ोट  ह खेक स्झ चेथे फाल सिा फोट  सिा फोट  से ग क ङ्ग फूलबुट्टा भ पठा ज ग बाचे  जफ ख पठा ह जफ ख पठा   जाउँ जीव ोट    जाउँ जीव ोट  ह खेक स्झ चेथे फाल सिा फोट  सिा फोट  आश ज्क ्य खु्प जू ु्बाक लोँदुल ेक भेटघाट सप जस् य  क ग बुझा ह य  क ग बुझा   जाउँ जीव ोट    जाउँ जीव ोट  ह खेक स्झ चेथे फाल सिा फोट  सिा फोट  सिा फोट  सिा फोट  सिा फोट  सिा फोट ","Siran ma photo cha","नेपथ्य","दुःखी"
"145","पल् घ वोइ चाँदि कंग पल् घ वोइ चाँदि कंग पल् घ वोइ चाँदि कंग पल् घ वोइ चाँदि कंग हि ल्उँ हिक खा द बग ब डढेक सब ्  डढेक कस् हि ल्उँ हिक खा द बग ब डढेक सब ्  डढेक कस् शि  फुलक हाँग ओईलाउँद  शि  फुलक हाँग ओईलाउँद  ्यह खे क प्य  आफ् भ् क   पल् घ वोइ चाँदि कंग पल् घ वोइ चाँदि कंग पल् घ वोइ चाँदि कंग पल् घ वोइ चाँदि कंग बुढ  बौस भ् ीब  चो दुिक चाल-चल भ साध्य   बुढ  बौस भ् ीब  चो दुिक चाल-चल भ साध्य   खा  ज आउँ अघ प खा  ज आउँ अघ प आखि ह हु्  ह आफ् ल-ग पल् घ वोइ चाँदि कंग पल् घ वोइ चाँदि कंग पल् घ वोइ चाँदि कंग पल् घ वोइ चाँदि कंगा","Palla ghar ko","नेपथ्य","हर्ष"
"146","ि प ेपाल  प ेपाल ि प ेपाल  प ेपाल हा ेपाल हा ेपाल हा ेपाल हा ेपाल ि प ेपाल  प ेपाल ि प ेपाल  प ेपाल हा ेपाल हा ेपाल हा ेपाल हा ेपाल विग सिक् ह बोक हिँड् है है है है विग सिक् ह बोक हिँड् है अल्झ बस  ठाउँ शिख िँदै उहिक पीडा भुल् सकौँ क ैल धु सकौँ धु सकौँ धु सकौँ हे . अ प ेपाल हा ेपाल हा ेपाल हा ेपाल ि प ेपाल  प ेपाल ि प ेपाल  प ेपाल हा ेपाल हा ेपाल हा ेपाल हा ेपाल हिाल पहाड ा स क ै ै ै ै हिाल पहाड ा स क ै क स गहििए कह ेटीँदै ाफ हा ् सकौँ सदभाव ् सकौँ ् सकौँ ् सकौँ हे... अ प ेपाल हा ेपाल हा ेपाल हा ेपाल ि प ेपाल  प ेपाल ि प ेपाल  प ेपाल हा ेपाल हा ेपाल हा ेपाल हा ेपाल हा ेपाल हा ेपाल हा ेपाल हा ेपाली","Himali Nepali","नेपथ्य","देश्भक्ती"
"147","टा: भ् आज   सु््य भ िी
  स् े हु््य भ िी
टी: ह्…. भ् आज   सु् भ िी
  स् े हु् भ िी
टा : जि्दगीक कु ोड ुुप्य भे
आफ् स्झ पेल ु््य भ िी
टा  टी: ह्…..आफ् स्झ पेल ु् भ िी
टा: भ् आज  
टी: ह्…..ह्…..ह्…..
टा: ि्   हाँस् सजिल हु् 
भविष्य स्झि बाँच् सजिल हु् 
टी: ह्……ि्   हाँस् सजिल हु् 
भविष्य स्झि बाँच् सजिल हु् 
टा: ेाह्ष  सब  ि् दि् े हु््य भ िी
 हा य पेल ु््य भ िी
टा  टी: ह्….ह्…. आफ् स्झ पेल ु् भ िी
टी: भ् आज  
टा: सु््य भ िी
टी: िी अ ै जीव ठुल 
ि  सब पुा दै ह अधूा
टा: िी अ ै जीव ठुल 
ि  सब पुा दै ह अधूा
टी: सु्पिदि् ि जि्दग  े हु् भ िी
 हा य पेल ु् भ िी
टा  टी: ह ह आफ् स्झ पेल ु् भ िी
टी: भ् आज   सु् भ िी
टा:   स् े हु््य भ िी
","भन्छु आज मनका कुरा","अन्जु पन्त , सुगम पोखरेल ","प्रेम"
"148","
ज ज भ् ि , चुपचाप  सहिदि्ु
ज ज भ् ि , चुपचाप  सहिदि्ु
घा अ बादल , घा अ बादल 
धे टाढा गइदि्ु, ज ज भ् ि 
ज ज चाह्य ि ै, सब  दि ँ
ि्ोह्ष  आफ् भी, ि् आश जिएँ
 भइग ह भ्दि , बिदा भइदि्ु
 भइग ह भ्दि , बिदा भइदि्ु
घा अ बादल , घा अ बादल 
धे टाढा गइदि्ु, ज ज भ् ि 
","जे जे भन्छौ","सुगम पोखरेल","प्रेम"
"149"," दि् ुट दि्ु, फे्ुप् सास दि्ु
घट बढ इ ं, ा ास दि्ु
कस ह कस, कस ह कस
 दि् ुट दि्ु, फे्ुप् सास दि्ु
घट बढ इ ं, ा ास दि्ु
कस ह कस, कस ह कस
कस िी कह हु ै दू
ए े हजु, ए े हजु, ए े हजु, ए े हजु
 ् दुि ोस्, हा् क  ्
बुट्टा ् अेक अेक ोस, हा् क  ्
हु्  ् दुि ोस्, हा् क  ्
बुट्टा ् अेक अेक ोस, हा् क  ्
कस ह कस, कस ह कस
हे्द जाँदा दुिँ य बद जु
ए े हजु, ए े हजु, ए े हजु, ए े हजु
िीवि पुा हु्, स्य   टाढा हु्ु
ंग ् ि ै,   सादा सादा हु्ु
ि बि पुा हु्, स्य  टाढा हु्ु
ंग ् ि ै,   सादा सादा हु्ु
कस ह कस, कस ह कस
कस ह कस, कस ह कस
ि् ्दा पा  खुस पु
ए े हजु, ए े हजु, ए े हजु, ए े हजु
ए े हजु, ए े हजु, ए े हजु, ए े हजु
ए…………….े हजु
","कसम हो कसम","सुगम पोखरेल","प्रेम"
"150","                
टा:
 ् गी गाउँु, ( ् गी गाउु)
 प्े गी बोस्, ( प्े गी बोस्)
टी:
ह ा ् डी, आफ् गी भोस्
टा:
 ् गी गाउँु,  प्े गी बोस
टी:
ह ा ् डी, आफ् गी भोस्
टा:
ा्ा ा्ा सप स् ्
टी:
िठा िठा विप स् ्
टा:
दु ुट  धड्क हु् हाँहाँ
टा टी:
ि े आँखा हे, ् पाउँ आफ् चि्
सजा सक्   िी, े य ुट भि्
ि े आँखा हे, ् पाउँ आफ् चि्
सजा सक्   िी, े य ुट भि्
टी:
ह ह ह ह ह ह 
टा:
आफ् भ्दा प् लाग्द  ि् जीव
टी:
आफ् वस  द ै  य 
टा:
ह 
आफ् भ्दा प् लाग्द  ि् जीव
टी:
आफ् वस  हुद ै  य 
टा:
डुल् ि् विपी
टी:
भुल् ि् विपी
टा टी:
स्झी ि घ घीीीी
ि े आँखा हे, ् पाउँ आफ् चि्
सजा सक्   िी, े य ुट भि्
","म यस्तो गीत गाउँछु","अन्जु पन्त , सुगम पोखरेल ","प्रेम"
